id	name	bigg.metabolite	chebi	kegg.compound	metanetx.chemical	smiles
s_0001	(1->3)-beta-D-glucan	13BDglcn	CHEBI:37671	C00965	MNXM6492	C(C1C(C(C(C(O1)O)O)O)O)O
s_0002	(1->3)-beta-D-glucan	13BDglcn	CHEBI:37671	C00965	MNXM6492	C(C1C(C(C(C(O1)O)O)O)O)O
s_0003	(1->3)-beta-D-glucan	13BDglcn	CHEBI:37671	C00965	MNXM6492	C(C1C(C(C(C(O1)O)O)O)O)O
s_0004	(1->6)-beta-D-glucan	16BDglcn	CHEBI:27380	C02493	MNXM9375	C(C1C(C(C(C(O1)O)O)O)O)O
s_0006	(2-amino-4-hydroxy-7,8-dihydropteridin-6-yl)methyl trihydrogen diphosphate	2ahhmd	CHEBI:57602	C04807	MNXM1160	C1C(=NC2=C(N1)N=C(NC2=O)N)COP(=O)(O)OP(=O)(O)O
s_0007	(2E)-3-(methoxycarbonyl)pent-2-enedioic acid	aconm	CHEBI:57470	C11514	MNXM3742	COC(=O)C(=CC(=O)O)CC(=O)O
s_0008	(2R,3R)-2,3-dihydroxy-3-methylpentanoate	23dhmp	CHEBI:49258	C06007	MNXM1202	CCC(C)(C(C(=O)[O-])O)O
s_0009	(2R,3S)-3-isopropylmalate	3c2hmp	CHEBI:35121	C04411	MNXM891	CC(C)C(C(C(=O)[O-])O)C(=O)[O-]
s_0010	(2S)-2-isopropyl-3-oxosuccinate	3c4mop	CHEBI:17214	C04236	MNXM1602	CC(C)C(C(=O)C(=O)O)C(=O)O
s_0011	(2S)-2-isopropyl-3-oxosuccinate	3c4mop	CHEBI:17214	C04236	MNXM1602	CC(C)C(C(=O)C(=O)O)C(=O)O
s_0012	(2S,3R)-3-hydroxybutane-1,2,3-tricarboxylic acid	micit	CHEBI:57429	C04593	MNXM1694	CC(C(CC(=O)O)C(=O)O)(C(=O)O)O
s_0013	(5S,6S)-di-HETE		CHEBI:53026		MNXM31306	CCCCCC=CCC=CC=CC=CC(C(CCCC(=O)O)O)O
s_0014	(5S,6S)-di-HETE		CHEBI:53026		MNXM31306	CCCCCC=CCC=CC=CC=CC(C(CCCC(=O)O)O)O
s_0015	(N(omega)-L-arginino)succinic acid	argsuc	CHEBI:57472	C03406	MNXM722743	C(CC(C(=O)O)N)CN=C(N)NC(CC(=O)O)C(=O)O
s_0016	(R)-2,3-dihydroxy-3-methylbutanoate	23dhmb	CHEBI:49072	C04272	MNXM114097	CC(C)(C(C(=O)[O-])O)O
s_0017	(R)-4'-phosphopantothenic acid	4ppan	CHEBI:15905	C03492	MNXM415	CC(C)(COP(=O)(O)O)C(C(=O)NCCC(=O)O)O
s_0018	(R)-5-diphosphomevalonic acid	5dpmev	CHEBI:57557	C01143	MNXM689	CC(CCOP(=O)(O)OP(=O)(O)O)(CC(=O)O)O
s_0019	(R)-5-phosphomevalonic acid	5pmev	CHEBI:58146	C01107	MNXM567	CC(CCOP(=O)(O)O)(CC(=O)O)O
s_0020	(R)-acetoin	actn__R	CHEBI:15686	C00810	MNXM664	CC(C(=O)C)O
s_0021	(R)-carnitine	crn	CHEBI:16347	C00318	MNXM173	C[N+](C)(C)CC(CC(=O)[O-])O
s_0022	(R)-carnitine	crn	CHEBI:16347	C00318	MNXM173	C[N+](C)(C)CC(CC(=O)[O-])O
s_0023	(R)-carnitine	crn	CHEBI:16347	C00318	MNXM173	C[N+](C)(C)CC(CC(=O)[O-])O
s_0024	(R)-carnitine	crn	CHEBI:16347	C00318	MNXM173	C[N+](C)(C)CC(CC(=O)[O-])O
s_0025	(R)-lactate	lac__D	CHEBI:16004	C00256	MNXM285	CC(C(=O)O)O
s_0026	(R)-lactate	lac__D	CHEBI:16004	C00256	MNXM285	CC(C(=O)O)O
s_0027	(R)-lactate	lac__D	CHEBI:16004	C00256	MNXM285	CC(C(=O)O)O
s_0028	(R)-mevalonate	mev__R	CHEBI:36464	C00418	MNXM333	CC(CCO)(CC(=O)[O-])O
s_0029	(R)-mevalonate	mev__R	CHEBI:36464	C00418	MNXM333	CC(CCO)(CC(=O)[O-])O
s_0030	(R)-pantoate	pant__R	CHEBI:15980	C00522	MNXM593	CC(C)(CO)C(C(=O)[O-])O
s_0031	(R)-pantothenate	pnto__R	CHEBI:29032	C00864	MNXM364	CC(C)(CO)C(C(=O)NCCC(=O)O)O
s_0032	(R)-pantothenate	pnto__R	CHEBI:29032	C00864	MNXM364	CC(C)(CO)C(C(=O)NCCC(=O)O)O
s_0033	(R)-S-lactoylglutathione	lgt__S	CHEBI:57474	C03451	MNXM1253	CC(C(=O)SCC(C(=O)NCC(=O)O)NC(=O)CCC(C(=O)O)N)O
s_0034	(R)-S-lactoylglutathione	lgt__S	CHEBI:57474	C03451	MNXM1253	CC(C(=O)SCC(C(=O)NCC(=O)O)NC(=O)CCC(C(=O)O)N)O
s_0035	(R,R)-2,3-butanediol	btd_RR	CHEBI:16982	C03044	MNXM2757	CC(C(C)O)O
s_0036	(R,R)-2,3-butanediol	btd_RR	CHEBI:16982	C03044	MNXM2757	CC(C(C)O)O
s_0037	(S)-2,3-epoxysqualene	Ssq23epx	CHEBI:15441	C01054	MNXM130	CC(=CCCC(=CCCC(=CCCC=C(C)CCC=C(C)CCC1C(O1)(C)C)C)C)C
s_0038	(S)-2,3-epoxysqualene	Ssq23epx	CHEBI:15441	C01054	MNXM130	CC(=CCCC(=CCCC(=CCCC=C(C)CCC=C(C)CCC1C(O1)(C)C)C)C)C
s_0039	(S)-2-acetyl-2-hydroxybutanoate	2ahbut	CHEBI:49256	C06006	MNXM114220	CCC(C(=O)C)(C(=O)[O-])O
s_0042	(R)-3-hydroxydecanoyl-CoA	3hdcoa	CHEBI:28325	C05264	MNXM674	CCCCCCCC(CC(=O)SCCNC(=O)CCNC(=O)C(C(C)(C)COP(=O)(O)OP(=O)(O)OCC1C(C(C(O1)N2C=NC3=C(N=CN=C32)N)O)OP(=O)(O)O)O)O
s_0045	(S)-3-hydroxyhexacosanoyl-CoA		CHEBI:52976		MNXM31741	CCCCCCCCCCCCCCCCCCCCCCCC(CC(=O)SCCNC(=O)CCNC(=O)C(C(C)(C)COP(=O)(O)OP(=O)(O)OCC1C(C(C(O1)N2C=NC3=C(N=CN=C32)N)O)OP(=O)(O)O)O)O
s_0048	(R)-3-hydroxylauroyl-CoA	3hddcoa	CHEBI:27668	C05262	MNXM733	CCCCCCCCCC(CC(=O)SCCNC(=O)CCNC(=O)C(C(C)(C)COP(=O)(O)OP(=O)(O)OCC1C(C(C(O1)N2C=NC3=C(N=CN=C32)N)O)OP(=O)(O)O)O)O
s_0051	(S)-3-hydroxypalmitoyl-CoA	3hhdcoa	CHEBI:27402	C05258	MNXM825	CCCCCCCCCCCCCC(CC(=O)SCCNC(=O)CCNC(=O)C(C(C)(C)COP(=O)(O)OP(=O)(O)OCC1C(C(C(O1)N2C=NC3=C(N=CN=C32)N)O)OP(=O)(O)O)O)O
s_0054	(S)-3-hydroxytetradecanoyl-CoA	3htdcoa	CHEBI:27466	C05260	MNXM767	CCCCCCCCCCCC(CC(=O)SCCNC(=O)CCNC(=O)C(C(C)(C)COP(=O)(O)OP(=O)(O)OCC1C(C(C(O1)N2C=NC3=C(N=CN=C32)N)O)OP(=O)(O)O)O)O
s_0056	(S)-3-methyl-2-oxopentanoate	3mop	CHEBI:35146	C00671	MNXM439	CCC(C)C(=O)C(=O)O
s_0058	(S)-3-methyl-2-oxopentanoate	3mop	CHEBI:35146	C00671	MNXM439	CCC(C)C(=O)C(=O)O
s_0060	(S)-3-methyl-2-oxopentanoate	3mop	CHEBI:35146	C00671	MNXM439	CCC(C)C(=O)C(=O)O
s_0061	(S)-dihydroorotate	dhor__S	CHEBI:30864	C00337	MNXM252	C1C(NC(=O)NC1=O)C(=O)O
s_0062	(S)-lactaldehyde	lald__L	CHEBI:18041	C00424	MNXM2387	CC(C=O)O
s_0063	(S)-lactate	lac__L	CHEBI:16651	C00186	MNXM179	CC(C(=O)O)O
s_0064	(S)-lactate	lac__L	CHEBI:16651	C00186	MNXM179	CC(C(=O)O)O
s_0065	(S)-lactate	lac__L	CHEBI:16651	C00186	MNXM179	CC(C(=O)O)O
s_0066	(S)-malate	mal__L	CHEBI:15589	C00149	MNXM98	C(C(C(=O)O)O)C(=O)O
s_0067	(S)-malate	mal__L	CHEBI:15589	C00149	MNXM98	C(C(C(=O)O)O)C(=O)O
s_0068	(S)-malate	mal__L	CHEBI:15589	C00149	MNXM98	C(C(C(=O)O)O)C(=O)O
s_0069	(S)-malate	mal__L	CHEBI:15589	C00149	MNXM98	C(C(C(=O)O)O)C(=O)O
s_0075	1,3-bisphospho-D-glycerate	13dpg	CHEBI:57604	C00236	MNXM261	C(C(C(=O)OP(=O)(O)O)O)OP(=O)(O)O
s_0076	1-(2-carboxyphenylamino)-1-deoxy-D-ribulose 5-phosphate	2cpr5p	CHEBI:58613	C01302	MNXM1455	C1=CC=C(C(=C1)C(=O)O)NCC(=O)C(C(COP(=O)(O)O)O)O
s_0077	1-(5-phospho-D-ribosyl)-5-[(5-phospho-D-ribosylamino)methylideneamino]imidazole-4-carboxamide	prfp	CHEBI:58435	C04896	MNXM1397	
s_0078	1-(5-phosphoribosyl)-5'-AMP	prbamp	CHEBI:59457	C02741	MNXM1515	
s_0079	1-(sn-glycero-3-phospho)-1D-myo-inositol	g3pi	CHEBI:58444	C01225	MNXM1517	C(C(COP(=O)(O)OC1C(C(C(C(C1O)O)O)O)O)O)O
s_0080	1-(sn-glycero-3-phospho)-1D-myo-inositol	g3pi	CHEBI:58444	C01225	MNXM1517	C(C(COP(=O)(O)OC1C(C(C(C(C1O)O)O)O)O)O)O
s_0084	1-acylglycerophosphocholine	pchol_cho	CHEBI:11230	C04230	MNXM96952	
s_0086	1-C-(indol-3-yl)glycerol 3-phosphate	3ig3p	CHEBI:60820	C03506	MNXM163633	C1=CC=C2C(=C1)C(=CN2)C(C(COP(=O)(O)O)O)O
s_0087	1-methylnicotinamide	1mncam	CHEBI:16797	C02918	MNXM2172	C[N+]1=CC=CC(=C1)C(=O)N
s_0089	1-phosphatidyl-1D-myo-inositol backbone	pail_cho	CHEBI:57880	C01194	MNXM62	
s_0116	1-pyrroline-3-hydroxy-5-carboxylic acid	1p3h5c	CHEBI:58509	C04281	MNXM114091	C1C(C=NC1C(=O)O)O
s_0117	1-pyrroline-3-hydroxy-5-carboxylic acid	1p3h5c	CHEBI:58509	C04281	MNXM114091	C1C(C=NC1C(=O)O)O
s_0118	1-pyrroline-5-carboxylate	1pyr5c	CHEBI:15893	C04322	MNXM1617	C1CC(N=C1)C(=O)O
s_0119	1-pyrroline-5-carboxylate	1pyr5c	CHEBI:15893	C04322	MNXM1617	C1CC(N=C1)C(=O)O
s_0120	10-formyl-THF	10fthf	CHEBI:57454	C00234	MNXM237	C1C(NC2=C(N1)N=C(NC2=O)N)CN(C=O)C3=CC=C(C=C3)C(=O)NC(CCC(=O)O)C(=O)O
s_0121	10-formyl-THF	10fthf	CHEBI:57454	C00234	MNXM237	C1C(NC2=C(N1)N=C(NC2=O)N)CN(C=O)C3=CC=C(C=C3)C(=O)NC(CCC(=O)O)C(=O)O
s_0122	14-demethyllanosterol	44mzym	CHEBI:18364	C05108	MNXM913	CC(CCC=C(C)C)C1CCC2C1(CCC3=C2CCC4C3(CCC(C4(C)C)O)C)C
s_0123	1D-myo-inositol 1,3,4,5-tetrakisphosphate	mi1345p	CHEBI:57895	C01272	MNXM624	C1(C(C(C(C(C1OP(=O)(O)O)OP(=O)(O)O)OP(=O)(O)O)O)OP(=O)(O)O)O
s_0124	1D-myo-inositol 1,4,5,6-tetrakisphosphate	mi3456p	CHEBI:57627	C11555	MNXM1620	C1(C(C(C(C(C1OP(=O)(O)O)OP(=O)(O)O)OP(=O)(O)O)OP(=O)(O)O)O)O
s_0125	1D-myo-inositol 1,4,5-trisphosphate	mi145p	CHEBI:203600	C01245	MNXM200	C1(C(C(C(C(C1OP(=O)(O)O)O)OP(=O)(O)O)OP(=O)(O)O)O)O
s_0126	1D-myo-inositol 1-phosphate	mi1p__D	CHEBI:58433	C01177	MNXM646	C1(C(C(C(C(C1O)O)OP(=O)(O)O)O)O)O
s_0127	1D-myo-inositol 1-phosphate	mi1p__D	CHEBI:58433	C01177	MNXM646	C1(C(C(C(C(C1O)O)OP(=O)(O)O)O)O)O
s_0129	1D-myo-inositol 3-phosphate	mi3p__D	CHEBI:58401	C04006	MNXM540	C1(C(C(C(C(C1O)O)OP(=O)(O)O)O)O)O
s_0131	2',3'-cyclic AMP	23camp	CHEBI:60879	C02353	MNXM2598	C1=NC(=C2C(=N1)N(C=N2)C3C4C(C(O3)CO)OP(=O)(O4)O)N
s_0132	2'-deoxyadenosine	dad_2	CHEBI:17256	C00559	MNXM625	C1C(C(OC1N2C=NC3=C(N=CN=C32)N)CO)O
s_0133	2'-deoxyadenosine	dad_2	CHEBI:17256	C00559	MNXM625	C1C(C(OC1N2C=NC3=C(N=CN=C32)N)CO)O
s_0134	2'-deoxyguanosine	dgsn	CHEBI:17172	C00330	MNXM647	C1C(C(OC1N2C=NC3=C2N=C(NC3=O)N)CO)O
s_0135	2'-deoxyguanosine	dgsn	CHEBI:17172	C00330	MNXM647	C1C(C(OC1N2C=NC3=C2N=C(NC3=O)N)CO)O
s_0136	2'-deoxyinosine	din	CHEBI:28997	C05512	MNXM935	C1C(C(OC1N2C=NC3=C2N=CNC3=O)CO)O
s_0137	2'-deoxyinosine	din	CHEBI:28997	C05512	MNXM935	C1C(C(OC1N2C=NC3=C2N=CNC3=O)CO)O
s_0138	2'-deoxyuridine	duri	CHEBI:16450	C00526	MNXM492	C1C(C(OC1N2C=CC(=O)NC2=O)CO)O
s_0139	2'-deoxyuridine	duri	CHEBI:16450	C00526	MNXM492	C1C(C(OC1N2C=CC(=O)NC2=O)CO)O
s_0140	2,3-bisphospho-D-glyceric acid	23dpg	CHEBI:58248	C01159	MNXM892	C(C(C(=O)O)OP(=O)(O)O)OP(=O)(O)O
s_0141	2,5-diamino-4-hydroxy-6-(5-phosphoribosylamino)pyrimidine	25drapp	CHEBI:58614	C01304	MNXM648	C(C1C(C(C(O1)NC2=C(C(=O)NC(=N2)N)N)O)O)OP(=O)(O)O
s_0142	2,5-diamino-6-(5-phosphono)ribitylamino-4(3H)-pyrimidinone	25dthpp	CHEBI:52957	C18910	MNXM1099	C(C(C(C(COP(=O)(O)O)O)O)O)NC1=C(C(=O)NC(=N1)N)N
s_0143	2-(3-amino-3-carboxypropyl)-L-histidine	caphis	CHEBI:17144	C04441	MNXM3804	C1=C(NC(=N1)CCC(C(=O)O)N)CC(C(=O)O)N
s_0144	2-[3-carboxy-3-(methylammonio)propyl]-L-histidine	cmaphis	CHEBI:57784	C04692	MNXM3805	C[NH2+]C(CCC1=NC=C(N1)CC(C(=O)O)N)C(=O)O
s_0145	2-acetamido-5-oxopentanoate	acg5sa	CHEBI:29123	C01250	MNXM1062	CC(=O)NC(CCC=O)C(=O)O
s_0146	2-acetyllactic acid		CHEBI:57774	C00900	MNXM426	CC(=O)C(C)(C(=O)O)O
s_0147	2-amino-3-carboxymuconate-6-semialdehyde	cmusa	CHEBI:29044	C04409	MNXM1372	C(=CC(=C(C(=O)O)N)C(=O)O)C=O
s_0148	2-amino-6-(hydroxymethyl)-7,8-dihydropteridin-4-ol	6hmhpt	CHEBI:17083	C01300	MNXM937	C1C(=NC2=C(N1)N=C(NC2=O)N)CO
s_0149	2-dehydropantoate	2dhp	CHEBI:11561	C00966	MNXM959	CC(C)(CO)C(=O)C(=O)O
s_0150	2-dehydropantoate	2dhp	CHEBI:11561	C00966	MNXM959	CC(C)(CO)C(=O)C(=O)O
s_0152	2-deoxy-D-ribose	drib	CHEBI:28816	C01801	MNXM2474	C(C=O)C(C(CO)O)O
s_0153	2-deoxy-D-ribose 5-phosphate	2dr5p	CHEBI:57651	C00673	MNXM2179	
s_0154	2-hexaprenyl-5-hydroxy-6-methoxy-3-methyl-1,4-benzoquinone	2hpmhmbq	CHEBI:28753	C05805	MNXM5466	CC1=C(C(=O)C(=C(C1=O)O)OC)CC=C(C)CCC=C(C)CCC=C(C)CCC=C(C)CCC=C(C)CCC=C(C)C
s_0155	2-hexaprenyl-6-methoxy-1,4-benzoquinone	2hp6mbq	CHEBI:27752	C05803	MNXM6707	CC(=CCCC(=CCCC(=CCCC(=CCCC(=CCCC(=CCC1=CC(=O)C=C(C1=O)OC)C)C)C)C)C)C
s_0156	2-hexaprenyl-6-methoxy-3-methyl-1,4-benzoquinone	2hpmmbq	CHEBI:28711	C05804	MNXM6067	CC1=C(C(=O)C(=CC1=O)OC)CC=C(C)CCC=C(C)CCC=C(C)CCC=C(C)CCC=C(C)CCC=C(C)C
s_0157	2-hexaprenyl-6-methoxyphenol	2hp6mp	CHEBI:1109	C05802	MNXM4291	CC(=CCCC(=CCCC(=CCCC(=CCCC(=CCCC(=CCC1=C(C(=CC=C1)OC)O)C)C)C)C)C)C
s_0158	2-hydroxy-3-oxobutyl phosphate	db4p	CHEBI:50606	C15556	MNXM2323	CC(=O)C(COP(=O)(O)O)O
s_0161	2-hydroxyhexadecanal	2hhxdal	CHEBI:50626		MNXM35167	CCCCCCCCCCCCCCC(C=O)O
s_0162	2-isopropylmalate	3c3hmp	CHEBI:28107	C02504	MNXM164143	CC(C)C(CC(=O)O)(C(=O)O)O
s_0163	2-isopropylmalate	3c3hmp	CHEBI:28107	C02504	MNXM164143	CC(C)C(CC(=O)O)(C(=O)O)O
s_0164	2-isopropylmalate	3c3hmp	CHEBI:28107	C02504	MNXM164143	CC(C)C(CC(=O)O)(C(=O)O)O
s_0165	2-isopropylmaleic acid	2ippm	CHEBI:58085	C02631	MNXM1706	CC(C)C(=CC(=O)O)C(=O)O
s_0166	2-methylbutanal	2mbald	CHEBI:16182	C02223	MNXM2604	CCC(C)C=O
s_0167	2-methylbutanal	2mbald	CHEBI:16182	C02223	MNXM2604	CCC(C)C=O
s_0168	2-methylbutanal	2mbald	CHEBI:16182	C02223	MNXM2604	CCC(C)C=O
s_0169	2-methylbutanol	2mbtoh	CHEBI:48945		MNXM5476	CCC(C)CO
s_0170	2-methylbutanol	2mbtoh	CHEBI:48945		MNXM5476	CCC(C)CO
s_0171	2-methylbutanol	2mbtoh	CHEBI:48945		MNXM5476	CCC(C)CO
s_0172	2-methylbutyl acetate	2mbac	CHEBI:50585		MNXM35277	CCC(C)COC(=O)C
s_0173	2-methylbutyl acetate	2mbac	CHEBI:50585		MNXM35277	CCC(C)COC(=O)C
s_0174	2-methylcitrate	2mcit	CHEBI:15598	C02225	MNXM90279	CC(C(=O)O)C(CC(=O)O)(C(=O)O)O
s_0176	2-oxoadipic acid	2oxoadp	CHEBI:57499	C00322	MNXM263	C(CC(=O)C(=O)O)CC(=O)O
s_0177	2-oxoadipic acid	2oxoadp	CHEBI:57499	C00322	MNXM263	C(CC(=O)C(=O)O)CC(=O)O
s_0178	2-oxobutanoate	2obut	CHEBI:16763	C00109	MNXM159	CCC(=O)C(=O)[O-]
s_0179	2-oxobutanoate	2obut	CHEBI:16763	C00109	MNXM159	CCC(=O)C(=O)[O-]
s_0180	2-oxoglutarate	akg	CHEBI:16810	C00026	MNXM20	C(CC(=O)O)C(=O)C(=O)O
s_0181	2-oxoglutarate	akg	CHEBI:16810	C00026	MNXM20	C(CC(=O)O)C(=O)C(=O)O
s_0182	2-oxoglutarate	akg	CHEBI:16810	C00026	MNXM20	C(CC(=O)O)C(=O)C(=O)O
s_0183	2-oxoglutarate	akg	CHEBI:16810	C00026	MNXM20	C(CC(=O)O)C(=O)C(=O)O
s_0184	2-oxoglutarate	akg	CHEBI:16810	C00026	MNXM20	C(CC(=O)O)C(=O)C(=O)O
s_0185	2-phenylethanol	2phetoh	CHEBI:49000	C05853	MNXM2476	C1=CC=C(C=C1)CCO
s_0186	2-phenylethanol	2phetoh	CHEBI:49000	C05853	MNXM2476	C1=CC=C(C=C1)CCO
s_0187	2-phenylethanol	2phetoh	CHEBI:49000	C05853	MNXM2476	C1=CC=C(C=C1)CCO
s_0188	2-phospho-D-glyceric acid	2pg	CHEBI:58289	C00631	MNXM275	C(C(C(=O)O)OP(=O)(O)O)O
s_0189	geranylgeranyl diphosphate	ggdp	CHEBI:58756	C00353	MNXM139	CC(=CCCC(=CCCC(=CCCC(=CCOP(=O)(O)OP(=O)(O)O)C)C)C)C
s_0190	farnesyl diphosphate	frdp	CHEBI:175763	C00448	MNXM34	CC(=CCCC(=CCCC(=CCOP(=O)(O)OP(=O)(O)O)C)C)C
s_0191	farnesyl diphosphate	frdp	CHEBI:175763	C00448	MNXM34	CC(=CCCC(=CCCC(=CCOP(=O)(O)OP(=O)(O)O)C)C)C
s_0192	3',5'-cyclic AMP	camp	CHEBI:58165	C00575	MNXM243	C1C2C(C(C(O2)N3C=NC4=C(N=CN=C43)N)O)OP(=O)(O1)O
s_0193	3',5'-cyclic CMP	35ccmp	CHEBI:58003	C00941	MNXM3162	C1C2C(C(C(O2)N3C=CC(=NC3=O)N)O)OP(=O)(O1)O
s_0194	3',5'-cyclic dAMP	35cdamp	CHEBI:28074	C00968	MNXM9931	C1C2C(COP(=O)(O2)O)OC1N3C=NC4=C(N=CN=C43)N
s_0195	3',5'-cyclic GMP	35cgmp	CHEBI:57746	C00942	MNXM665	C1C2C(C(C(O2)N3C=NC4=C3N=C(NC4=O)N)O)OP(=O)(O1)O
s_0196	3',5'-cyclic IMP	35cimp	CHEBI:27541	C00943	MNXM9932	C1C2C(C(C(O2)N3C=NC4=C3N=CNC4=O)O)OP(=O)(O1)O
s_0197	3'-dephospho-CoA	dpcoa	CHEBI:57328	C00882	MNXM481	CC(C)(COP(=O)(O)OP(=O)(O)OCC1C(C(C(O1)N2C=NC3=C(N=CN=C32)N)O)O)C(C(=O)NCCC(=O)NCCS)O
s_0200	3'-dephospho-CoA	dpcoa	CHEBI:57328	C00882	MNXM481	CC(C)(COP(=O)(O)OP(=O)(O)OCC1C(C(C(O1)N2C=NC3=C(N=CN=C32)N)O)O)C(C(=O)NCCC(=O)NCCS)O
s_0201	3'-phospho-5'-adenylyl sulfate	paps	CHEBI:58339	C00053	MNXM49	C1=NC(=C2C(=N1)N(C=N2)C3C(C(C(O3)COP(=O)(O)OS(=O)(=O)O)OP(=O)(O)O)O)N
s_0204	3-(4-hydroxyphenyl)pyruvate	34hpp	CHEBI:36242	C01179	MNXM153	C1=CC(=CC=C1CC(=O)C(=O)[O-])O
s_0206	3-(4-hydroxyphenyl)pyruvate	34hpp	CHEBI:36242	C01179	MNXM153	C1=CC(=CC=C1CC(=O)C(=O)[O-])O
s_0207	3-(imidazol-4-yl)-2-oxopropyl dihydrogen phosphate	imacp	CHEBI:57766	C01267	MNXM1456	C1=C(NC=N1)CC(=O)COP(=O)(O)O
s_0208	3-aminopropanal	aproa	CHEBI:58374	C02229	MNXM493	C(CN)C=O
s_0209	3-dehydro-4-methylzymosterol		CHEBI:50593	C15816	MNXM36392	CC1C2CCC3=C(C2(CCC1=O)C)CCC4(C3CCC4C(C)CCC=C(C)C)C
s_0210	3-dehydroquinate	3dhq	CHEBI:32364	C00944	MNXM478	C1C(C(C(=O)CC1(C(=O)[O-])O)O)O
s_0211	3-dehydroshikimate	3dhsk	CHEBI:16630	C02637	MNXM611	C1C(C(C(=O)C=C1C(=O)O)O)O
s_0212	3-hexaprenyl-4,5-dihydroxybenzoic acid	3dh5hpb	CHEBI:58373	C05200	MNXM2783	CC(=CCCC(=CCCC(=CCCC(=CCCC(=CCCC(=CCC1=C(C(=CC(=C1)C(=O)O)O)O)C)C)C)C)C)C
s_0213	3-hexaprenyl-4,5-dihydroxybenzoic acid	3dh5hpb	CHEBI:58373	C05200	MNXM2783	CC(=CCCC(=CCCC(=CCCC(=CCCC(=CCCC(=CCC1=C(C(=CC(=C1)C(=O)O)O)O)C)C)C)C)C)C
s_0214	3-hexaprenyl-4-hydroxy-5-methoxybenzoic acid	3hph5mb	CHEBI:57916	C05313	MNXM3166	CC(=CCCC(=CCCC(=CCCC(=CCCC(=CCCC(=CCC1=C(C(=CC(=C1)C(=O)O)OC)O)C)C)C)C)C)C
s_0215	3-hexaprenyl-4-hydroxybenzoic acid	3ophb_5	CHEBI:31116	C13425	MNXM3167	CC(=CCCC(=CCCC(=CCCC(=CCCC(=CCCC(=CCC1=C(C=CC(=C1)C(=O)O)O)C)C)C)C)C)C
s_0216	3-hexaprenyl-4-hydroxybenzoic acid	3ophb_5	CHEBI:31116	C13425	MNXM3167	CC(=CCCC(=CCCC(=CCCC(=CCCC(=CCCC(=CCC1=C(C=CC(=C1)C(=O)O)O)C)C)C)C)C)C
s_0217	3-hydroxy-2-isopropyl-4-methoxy-4-oxobutanoate		CHEBI:52960		MNXM36486	CC(C)C(C(C(=O)OC)O)C(=O)[O-]
s_0218	3-hydroxy-3-methylglutaryl-CoA	hmgcoa	CHEBI:11814	C00356	MNXM197	CC(C)(COP(=O)(O)OP(=O)(O)OCC1C(C(C(O1)N2C=NC3=C(N=CN=C32)N)O)OP(=O)(O)O)C(C(=O)NCCC(=O)NCCSC(=O)CC(C)(CC(=O)O)O)O
s_0221	3-hydroxy-3-methylglutaryl-CoA	hmgcoa	CHEBI:11814	C00356	MNXM197	CC(C)(COP(=O)(O)OP(=O)(O)OCC1C(C(C(O1)N2C=NC3=C(N=CN=C32)N)O)OP(=O)(O)O)C(C(=O)NCCC(=O)NCCSC(=O)CC(C)(CC(=O)O)O)O
s_0222	3-hydroxy-L-kynurenine	hLkynr	CHEBI:17380	C03227	MNXM576	C1=CC(=C(C(=C1)O)N)C(=O)CC(C(=O)O)N
s_0224	3-hydroxyanthranilate	3hanthrn	CHEBI:36559	C00632	MNXM359	C1=CC(=C(C(=C1)O)N)C(=O)O
s_0229	3-hydroxyoctadecanoyl-CoA	CE2248	CHEBI:50583	C16217	MNXM1309	CCCCCCCCCCCCCCCC(CC(=O)SCCNC(=O)CCNC(=O)C(C(C)(C)COP(=O)(O)OP(=O)(O)OCC1C(C(C(O1)N2C=NC3=C(N=CN=C32)N)O)OP(=O)(O)O)O)O
s_0231	3-ketosphinganine	3dsphgn	CHEBI:58299	C02934	MNXM559	CCCCCCCCCCCCCCCC(=O)C(CO)N
s_0232	3-methyl-2-oxobutanoate	3mob	CHEBI:11851	C00141	MNXM238	CC(C)C(=O)C(=O)O
s_0233	3-methyl-2-oxobutanoate	3mob	CHEBI:11851	C00141	MNXM238	CC(C)C(=O)C(=O)O
s_0234	3-methylbutanal	3mbald	CHEBI:16638	C07329	MNXM5280	CC(C)CC=O
s_0235	3-methylbutanal	3mbald	CHEBI:16638	C07329	MNXM5280	CC(C)CC=O
s_0236	3-methylbutanal	3mbald	CHEBI:16638	C07329	MNXM5280	CC(C)CC=O
s_0239	3-oxodecanoyl-CoA	3odcoa	CHEBI:28528	C05265	MNXM677	CCCCCCCC(=O)CC(=O)SCCNC(=O)CCNC(=O)C(C(C)(C)COP(=O)(O)OP(=O)(O)OCC1C(C(C(O1)N2C=NC3=C(N=CN=C32)N)O)OP(=O)(O)O)O
s_0243	3-oxohexacosanoyl-CoA	3ohxccoa	CHEBI:52977		MNXM36758	CCCCCCCCCCCCCCCCCCCCCCCC(=O)CC(=O)SCCNC(=O)CCNC(=O)C(C(C)(C)COP(=O)(O)OP(=O)(O)OCC1C(C(C(O1)N2C=NC3=C(N=CN=C32)N)O)OP(=O)(O)O)O
s_0247	3-oxolauroyl-CoA	3oddcoa	CHEBI:27868	C05263	MNXM705	CCCCCCCCCC(=O)CC(=O)SCCNC(=O)CCNC(=O)C(C(C)(C)COP(=O)(O)OP(=O)(O)OCC1C(C(C(O1)N2C=NC3=C(N=CN=C32)N)O)OP(=O)(O)O)O
s_0250	3-oxooctadecanoyl-CoA	3ohodcoa	CHEBI:50571	C16216	MNXM513	CCCCCCCCCCCCCCCC(=O)CC(=O)SCCNC(=O)CCNC(=O)C(C(C)(C)COP(=O)(O)OP(=O)(O)OCC1C(C(C(O1)N2C=NC3=C(N=CN=C32)N)O)OP(=O)(O)O)O
s_0253	3-oxopalmitoyl-CoA	3ohdcoa	CHEBI:57349	C05259	MNXM738	CCCCCCCCCCCCCC(=O)CC(=O)SCCNC(=O)CCNC(=O)C(C(C)(C)COP(=O)(O)OP(=O)(O)OCC1C(C(C(O1)N2C=NC3=C(N=CN=C32)N)O)OP(=O)(O)O)O
s_0257	3-oxotetradecanoyl-CoA	3otdcoa	CHEBI:28726	C05261	MNXM707	CCCCCCCCCCCC(=O)CC(=O)SCCNC(=O)CCNC(=O)C(C(C)(C)COP(=O)(O)OP(=O)(O)OCC1C(C(C(O1)N2C=NC3=C(N=CN=C32)N)O)OP(=O)(O)O)O
s_0258	3-phospho-hydroxypyruvate	3php	CHEBI:18110	C03232	MNXM541	C(C(=O)C(=O)[O-])OP(=O)([O-])[O-]
s_0259	3-phospho-serine	pser__L	CHEBI:57524	C01005	MNXM379	C(C(C(=O)O)N)OP(=O)(O)O
s_0260	3-phosphonato-D-glycerate(3-)	3pg	CHEBI:58272	C00197	MNXM126	C(C(C(=O)[O-])O)OP(=O)([O-])[O-]
s_0261	3-phosphoshikimic acid	skm5p	CHEBI:145989	C03175	MNXM1265	C1C(C(C(C=C1C(=O)O)OP(=O)(O)O)O)O
s_0262	4,4-dimethyl-5alpha-cholesta-8,14,24-trien-3beta-ol	44mctr	CHEBI:17813	C11455	MNXM1036	CC(CCC=C(C)C)C1CC=C2C1(CCC3=C2CCC4C3(CCC(C4(C)C)O)C)C
s_0263	4,5-bis(diphospho)-1D-myo-inositol tetrakisphosphate		CHEBI:53066		MNXM484827	C1(C(C(C(C(C1OP(=O)(O)O)OP(=O)(O)OP(=O)(O)O)OP(=O)(O)OP(=O)(O)O)OP(=O)(O)O)OP(=O)(O)O)OP(=O)(O)O
s_0264	4-(phosphonooxy)-L-threonine	phthr	CHEBI:58452	C06055	MNXM759	C(C(C(C(=O)O)N)O)OP(=O)(O)O
s_0267	4-amino-2-methyl-5-diphosphomethylpyrimidine	2mahmp	CHEBI:57841	C04752	MNXM1135	CC1=NC=C(C(=N1)N)COP(=O)(O)OP(=O)(O)O
s_0268	4-amino-2-methyl-5-phosphomethylpyrimidine	4ampm	CHEBI:58354	C04556	MNXM790	CC1=NC=C(C(=N1)N)COP(=O)(O)O
s_0269	4-amino-4-deoxychorismate	4adcho	CHEBI:35181	C11355	MNXM1458	C=C(C(=O)[O-])OC1C=C(C=CC1[NH3+])C(=O)[O-]
s_0270	4-amino-5-hydroxymethyl-2-methylpyrimidine	4ahmmp	CHEBI:16892	C01279	MNXM874	CC1=NC=C(C(=N1)N)CO
s_0271	4-aminobenzoate	4abz	CHEBI:17836	C00568	MNXM421	C1=CC(=CC=C1C(=O)[O-])N
s_0272	4-aminobenzoate	4abz	CHEBI:17836	C00568	MNXM421	C1=CC(=CC=C1C(=O)[O-])N
s_0273	4-aminobenzoate	4abz	CHEBI:17836	C00568	MNXM421	C1=CC(=CC=C1C(=O)[O-])N
s_0274	4-aminobutanal	4abutn	CHEBI:58264	C00555	MNXM422	C(CC=O)CN
s_0275	4-aminobutanal	4abutn	CHEBI:58264	C00555	MNXM422	C(CC=O)CN
s_0279	4-diphospho-1D-myo-inositol pentakisphosphate		CHEBI:53064	C11526	MNXM1715	C1(C(C(C(C(C1OP(=O)(O)O)OP(=O)(O)O)OP(=O)(O)OP(=O)(O)O)OP(=O)(O)O)OP(=O)(O)O)OP(=O)(O)O
s_0280	4-guanidinobutanamide	4gudbd	CHEBI:58365	C03078	MNXM2617	C(CC(=O)N)CN=C(N)N
s_0281	4-guanidinobutanoic acid	4gudbutn	CHEBI:15728	C01035	MNXM1312	C(CC(=O)O)CN=C(N)N
s_0282	4-hydroxy-2-oxoglutarate	4h2oglt	CHEBI:17742	C01127	MNXM894	C(C(C(=O)O)O)C(=O)C(=O)O
s_0283	4-hydroxy-2-oxoglutarate	4h2oglt	CHEBI:17742	C01127	MNXM894	C(C(C(=O)O)O)C(=O)C(=O)O
s_0284	4-hydroxy-2-oxoglutarate	4h2oglt	CHEBI:17742	C01127	MNXM894	C(C(C(=O)O)O)C(=O)C(=O)O
s_0285	4-hydroxy-L-threonine	4hthr	CHEBI:28330	C06056	MNXM1802	C(C(C(C(=O)O)N)O)O
s_0286	4-hydroxybenzoate	4hbz	CHEBI:17879	C00156	MNXM164	C1=CC(=CC=C1C(=O)O)[O-]
s_0287	4-hydroxybenzoate	4hbz	CHEBI:17879	C00156	MNXM164	C1=CC(=CC=C1C(=O)O)[O-]
s_0290	4-hydroxybenzoyl-CoA	4hbzcoa	CHEBI:57356	C02949	MNXM739	CC(C)(COP(=O)(O)OP(=O)(O)OCC1C(C(C(O1)N2C=NC3=C(N=CN=C32)N)O)OP(=O)(O)O)C(C(=O)NCCC(=O)NCCSC(=O)C4=CC=C(C=C4)O)O
s_0291	4-methyl-2-oxopentanoate	4mop	CHEBI:17865	C00233	MNXM404	CC(C)CC(=O)C(=O)O
s_0292	4-methyl-2-oxopentanoate	4mop	CHEBI:17865	C00233	MNXM404	CC(C)CC(=O)C(=O)O
s_0293	4-methyl-5-(2-phosphonooxyethyl)thiazole	4mpetz	CHEBI:58296	C04327	MNXM960	CC1=C(SC=N1)CCOP(=O)(O)O
s_0294	4-methylthio-2-oxobutanoate	4met2obut	CHEBI:16723	C01180	MNXM276	CSCCC(=O)C(=O)O
s_0295	4-phospho-L-aspartate	4pasp	CHEBI:30407	C03082	MNXM1177	C(C(C(=O)O)N)C(=O)OP(=O)(O)O
s_0296	4alpha-methylzymosterol	4mzym	CHEBI:1949	C05103	MNXM1804	CC1C2CCC3=C(C2(CCC1O)C)CCC4(C3CCC4C(C)CCC=C(C)C)C
s_0297	4beta-methylzymosterol-4alpha-carboxylic acid		CHEBI:50591	C15808	MNXM37762	CC(CCC=C(C)C)C1CCC2C1(CCC3=C2CCC4C3(CCC(C4(C)C(=O)O)O)C)C
s_0298	5'-adenylyl sulfate	aps	CHEBI:58243	C00224	MNXM287	C1=NC(=C2C(=N1)N(C=N2)C3C(C(C(O3)COP(=O)(O)OS(=O)(=O)O)O)O)N
s_0299	5'-phosphoribosyl-4-(N-succinocarboxamide)-5-aminoimidazole	25aics	CHEBI:58443	C04823	MNXM607	C1=NC(=C(N1C2C(C(C(O2)COP(=O)(O)O)O)O)N)C(=O)NC(CC(=O)O)C(=O)O
s_0300	5'-phosphoribosyl-5-aminoimidazole	air	CHEBI:58592	C03373	MNXM388	C1=C(N(C=N1)C2C(C(C(O2)COP(=O)(O)O)O)O)N
s_0301	5'-phosphoribosyl-N-formylglycineamide	fgam	CHEBI:58426	C04376	MNXM453	C(C1C(C(C(O1)NC(=O)CNC=O)O)O)OP(=O)(O)O
s_0302	5'-phosphoribosyl-N-formylglycineamidine	fpram	CHEBI:58478	C04640	MNXM568	
s_0303	5'-S-methyl-5'-thioadenosine	5mta	CHEBI:17509	C00170	MNXM150	CSCC1C(C(C(O1)N2C=NC3=C(N=CN=C32)N)O)O
s_0304	5,10-methenyl-THF	methf	CHEBI:57455	C00445	MNXM511	C1C2CN(C=[N+]2C3=C(N1)N=C(NC3=O)N)C4=CC=C(C=C4)C(=O)NC(CCC(=O)O)C(=O)[O-]
s_0305	5,10-methenyl-THF	methf	CHEBI:57455	C00445	MNXM511	C1C2CN(C=[N+]2C3=C(N1)N=C(NC3=O)N)C4=CC=C(C=C4)C(=O)NC(CCC(=O)O)C(=O)[O-]
s_0306	5,10-methylenetetrahydrofolate	mlthf	CHEBI:12071	C00143	MNXM183	C1C2CN(CN2C3=C(N1)N=C(NC3=O)N)C4=CC=C(C=C4)C(=O)NC(CCC(=O)O)C(=O)O
s_0307	5,10-methylenetetrahydrofolate	mlthf	CHEBI:12071	C00143	MNXM183	C1C2CN(CN2C3=C(N1)N=C(NC3=O)N)C4=CC=C(C=C4)C(=O)NC(CCC(=O)O)C(=O)O
s_0308	5,6,7,8-tetrahydrofolyl-L-glutamic acid	thfglu	CHEBI:27650	C09332	MNXM723480	C1C(NC2=C(N1)N=C(NC2=O)N)CNC3=CC=C(C=C3)C(=O)NC(CCC(=O)NC(CCC(=O)O)C(=O)O)C(=O)O
s_0309	5,6-bis(diphospho)-1D-myo-inositol tetrakisphosphate		CHEBI:52965		MNXM487477	C1(C(C(C(C(C1OP(=O)(O)O)OP(=O)(O)OP(=O)(O)O)OP(=O)(O)OP(=O)(O)O)OP(=O)(O)O)OP(=O)(O)O)OP(=O)(O)O
s_0310	5-(2-hydroxyethyl)-4-methylthiazole	4mhetz	CHEBI:17957	C04294	MNXM962	CC1=C(SC=N1)CCO
s_0311	5-(methylsulfanyl)-2,3-dioxopentyl phosphate	dkmpp	CHEBI:58828	C15650	MNXM162358	CSCCC(=O)C(=O)COP(=O)(O)O
s_0312	5-[(5-phospho-1-deoxy-D-ribulos-1-ylamino)methylideneamino]-1-(5-phospho-D-ribosyl)imidazole-4-carboxamide	prlp	CHEBI:58525	C04916	MNXM1408	
s_0313	5-amino-6-(5-phosphoribitylamino)uracil	5aprbu	CHEBI:58421	C04454	MNXM1178	C(C(C(C(COP(=O)(O)O)O)O)O)NC1=C(C(=O)NC(=O)N1)N
s_0314	5-amino-6-(D-ribitylamino)uracil	4r5au	CHEBI:15934	C04732	MNXM791	C(C(C(C(CO)O)O)O)NC1=C(C(=O)NC(=O)N1)N
s_0315	5-aminolevulinate	5aop	CHEBI:17549	C00430	MNXM405	C(CC(=O)O)C(=O)CN
s_0316	5-aminolevulinate	5aop	CHEBI:17549	C00430	MNXM405	C(CC(=O)O)C(=O)CN
s_0317	5-aminolevulinate	5aop	CHEBI:17549	C00430	MNXM405	C(CC(=O)O)C(=O)CN
s_0318	5-diphospho-1D-myo-inositol pentakisphosphate	ppmi12346p	CHEBI:58628	C11526	MNXM1715	C1(C(C(C(C(C1OP(=O)(O)O)OP(=O)(O)O)OP(=O)(O)OP(=O)(O)O)OP(=O)(O)O)OP(=O)(O)O)OP(=O)(O)O
s_0319	5-formyltetrahydrofolic acid	5fthf	CHEBI:57457	C03479	MNXM1392	C1C(N(C2=C(N1)N=C(NC2=O)N)C=O)CNC3=CC=C(C=C3)C(=O)NC(CCC(=O)O)C(=O)O
s_0320	5-formyltetrahydrofolic acid	5fthf	CHEBI:57457	C03479	MNXM1392	C1C(N(C2=C(N1)N=C(NC2=O)N)C=O)CNC3=CC=C(C=C3)C(=O)NC(CCC(=O)O)C(=O)O
s_0321	5-formyltetrahydrofolic acid	5fthf	CHEBI:57457	C03479	MNXM1392	C1C(N(C2=C(N1)N=C(NC2=O)N)C=O)CNC3=CC=C(C=C3)C(=O)NC(CCC(=O)O)C(=O)O
s_0322	5-methyltetrahydrofolate	5mthf	CHEBI:18608	C00440	MNXM318	CN1C(CNC2=C1C(=O)NC(=N2)N)CNC3=CC=C(C=C3)C(=O)NC(CCC(=O)O)C(=O)O
s_0323	5-methyltetrahydropteroyltri-L-glutamic acid	mhpglu	CHEBI:58207	C04489	MNXM2623	CN1C(CNC2=C1C(=O)NC(=N2)N)CNC3=CC=C(C=C3)C(=O)NC(CCC(=O)NC(CCC(=O)NC(CCC(=O)O)C(=O)O)C(=O)O)C(=O)O
s_0324	5-O-(1-carboxyvinyl)-3-phosphoshikimic acid	3psme	CHEBI:57701	C01269	MNXM1365	C=C(C(=O)O)OC1CC(=CC(C1O)OP(=O)(O)O)C(=O)O
s_0325	5-phospho-ribosyl-glycineamide	gar	CHEBI:58457	C03838	MNXM463	
s_0326	5-phosphoribosyl-ATP	prbatp	CHEBI:58424	C02739	MNXM1351	C1=NC2=C(N1C3C(C(C(O3)COP(=O)([O-])OP(=O)([O-])OP(=O)([O-])[O-])O)O)N=CN(C2=N)C4C(C(C(O4)COP(=O)([O-])[O-])O)O
s_0327	5-phosphoribosylamine	pram	CHEBI:58681	C03090	MNXM90003	C(C1C(C(C(O1)N)O)O)OP(=O)(O)O
s_0328	6,7-dimethyl-8-(1-D-ribityl)lumazine	dmlz	CHEBI:58201	C04332	MNXM1313	CC1=C(N(C2=NC(=O)NC(=O)C2=N1)CC(C(C(CO)O)O)O)C
s_0329	6-(alpha-D-glucosaminyl)-1-phosphatidyl-1D-myo-inositol	gpail_hs	CHEBI:17049	C04248	MNXM1411	C(C1C(C(C(C(O1)OC2C(C(C(C(C2OP(=O)(O)OCC(COC=O)OC=O)O)O)O)O)N)O)O)O
s_0330	6-(alpha-D-glucosaminyl)-O-acyl-1-phosphatidyl-1D-myo-inositol		CHEBI:53055		MNXM38512	
s_0331	6-(N-acetyl-alpha-D-glucosaminyl)-1-phosphatidyl-1D-myo-inositol	acgpail_hs	CHEBI:12194	C01288	MNXM1104777	CC(=O)NC1C(C(C(OC1OC2C(C(C(C(C2OP(=O)(O)OCC(COC(=O)C)OC(=O)C)O)O)O)O)CO)O)O
s_0332	6-[6-(2-aminoethylphosphoryl)-alpha-mannosyl-(1->6)-2-(2-aminoethylphosphoryl)-alpha-mannosyl-(1->6)-alpha-2-(2-aminoethylphosphoryl)mannosyl-(1->4)-alpha-glucosaminyl]-O-acyl-1-phosphatidyl-1D-myo-inositol		CHEBI:53060		MNXM38542	
s_0333	6-diphospho-1D-myo-inositol pentakisphosphate		CHEBI:53065	C11526	MNXM1715	C1(C(C(C(C(C1OP(=O)(O)O)OP(=O)(O)O)OP(=O)(O)OP(=O)(O)O)OP(=O)(O)O)OP(=O)(O)O)OP(=O)(O)O
s_0334	6-O-[alpha-D-mannosyl-(1->4)-alpha-D-glucosaminyl]-O-acyl-1-phosphatidyl-1D-myo-inositol		CHEBI:53056		MNXM1644	
s_0335	6-O-phosphono-D-glucono-1,5-lactone	6pgl	CHEBI:57955	C01236	MNXM429	C(C1C(C(C(C(=O)O1)O)O)O)OP(=O)(O)O
s_0337	6-O-{2-O-[(2-aminoethyl)phosphoryl]-alpha-D-mannosyl-(1->4)-alpha-D-glucosaminyl}-O-acyl-1-phosphatidyl-1D-myo-inositol		CHEBI:53057		MNXM38904	
s_0338	6-O-{alpha-D-mannosyl-(1->2)-alpha-D-mannosyl-(1->6)-2-O-[(2-aminoethyl)phosphoryl]-alpha-D-mannosyl-(1->4)-alpha-D-glucosaminyl}-O-acyl-1-phosphatidyl-1D-myo-inositol		CHEBI:53059		MNXM1179	
s_0339	6-O-{alpha-D-mannosyl-(1->6)-2-O-[(2-aminoethyl)phosphoryl]-alpha-D-mannosyl-(1->4)-alpha-D-glucosaminyl}-O-acyl-1-phosphatidyl-1D-myo-inositol		CHEBI:53058		MNXM1139	
s_0340	6-phospho-D-gluconate	6pgc	CHEBI:58759	C00345	MNXM325	C(C(C(C(C(C(=O)O)O)O)O)O)OP(=O)(O)O
s_0341	7,8-diaminononanoate	dann	CHEBI:17830	C01037	MNXM1140	CC(C(CCCCCC(=O)O)N)N
s_0342	7,8-diaminononanoate	dann	CHEBI:17830	C01037	MNXM1140	CC(C(CCCCCC(=O)O)N)N
s_0343	7,8-dihydroneopterin	dhnpt	CHEBI:17001	C04874	MNXM162359	C1C(=NC2=C(N1)N=C(NC2=O)N)C(C(CO)O)O
s_0344	7,8-dihydroneopterin	dhnpt	CHEBI:17001	C04874	MNXM162359	C1C(=NC2=C(N1)N=C(NC2=O)N)C(C(CO)O)O
s_0345	7,8-dihydroneopterin 3'-phosphate	dhpmp	CHEBI:58762	C05925	MNXM1645	C1C(=NC2=C(N1)N=C(NC2=O)N)C(C(COP(=O)(O)O)O)O
s_0346	7,8-dihydroneopterin 3'-triphosphate	ahdt	CHEBI:58462	C04895	MNXM397	C1C(=NC2=C(N1)N=C(NC2=O)N)C(C(COP(=O)(O)OP(=O)(O)OP(=O)(O)O)O)O
s_0347	7,8-dihydropteroate	dhpt	CHEBI:17839	C00921	MNXM722728	C1C(=NC2=C(N1)N=C(NC2=O)N)CNC3=CC=C(C=C3)C(=O)O
s_0348	7,8-dihydropteroate	dhpt	CHEBI:17839	C00921	MNXM722728	C1C(=NC2=C(N1)N=C(NC2=O)N)CNC3=CC=C(C=C3)C(=O)O
s_0349	7-phospho-2-dehydro-3-deoxy-D-arabino-heptonic acid	2dda7p	CHEBI:58394	C04691	MNXM1219	C(C(C(C(COP(=O)(O)O)O)O)O)C(=O)C(=O)O
s_0350	7-phospho-2-dehydro-3-deoxy-D-arabino-heptonic acid	2dda7p	CHEBI:58394	C04691	MNXM1219	C(C(C(C(COP(=O)(O)O)O)O)O)C(=O)C(=O)O
s_0352	8-amino-7-oxononanoate	8aonn	CHEBI:15830	C01092	MNXM1141	CC(C(=O)CCCCCC(=O)[O-])N
s_0354	8-amino-7-oxononanoate	8aonn	CHEBI:15830	C01092	MNXM1141	CC(C(=O)CCCCCC(=O)[O-])N
s_0357	9H-xanthine	xan	CHEBI:17712	C00385	MNXM174	C1=NC2=C(N1)C(=O)NC(=O)N2
s_0358	9H-xanthine	xan	CHEBI:17712	C00385	MNXM174	C1=NC2=C(N1)C(=O)NC(=O)N2
s_0359	acetaldehyde	acald	CHEBI:15343	C00084	MNXM75	CC=O
s_0360	acetaldehyde	acald	CHEBI:15343	C00084	MNXM75	CC=O
s_0361	acetaldehyde	acald	CHEBI:15343	C00084	MNXM75	CC=O
s_0362	acetate	ac	CHEBI:30089	C00033	MNXM26	CC(=O)[O-]
s_0363	acetate	ac	CHEBI:30089	C00033	MNXM26	CC(=O)[O-]
s_0364	acetate	ac	CHEBI:30089	C00033	MNXM26	CC(=O)[O-]
s_0365	acetate	ac	CHEBI:30089	C00033	MNXM26	CC(=O)[O-]
s_0366	acetate	ac	CHEBI:30089	C00033	MNXM26	CC(=O)[O-]
s_0367	acetoacetyl-CoA	aacoa	CHEBI:57286	C00332	MNXM133	CC(=O)CC(=O)SCCNC(=O)CCNC(=O)C(C(C)(C)COP(=O)(O)OP(=O)(O)OCC1C(C(C(O1)N2C=NC3=C(N=CN=C32)N)O)OP(=O)(O)O)O
s_0370	acetoacetyl-CoA	aacoa	CHEBI:57286	C00332	MNXM133	CC(=O)CC(=O)SCCNC(=O)CCNC(=O)C(C(C)(C)COP(=O)(O)OP(=O)(O)OCC1C(C(C(O1)N2C=NC3=C(N=CN=C32)N)O)OP(=O)(O)O)O
s_0372	acetyl-ACP	acACP	CHEBI:17093	C03939	MNXM1269	
s_0373	acetyl-CoA	accoa	CHEBI:57288	C00024	MNXM21	CC(=O)SCCNC(=O)CCNC(=O)C(C(C)(C)COP(=O)(O)OP(=O)(O)OCC1C(C(C(O1)N2C=NC3=C(N=CN=C32)N)O)OP(=O)(O)O)O
s_0376	acetyl-CoA	accoa	CHEBI:57288	C00024	MNXM21	CC(=O)SCCNC(=O)CCNC(=O)C(C(C)(C)COP(=O)(O)OP(=O)(O)OCC1C(C(C(O1)N2C=NC3=C(N=CN=C32)N)O)OP(=O)(O)O)O
s_0377	acetyl-CoA	accoa	CHEBI:57288	C00024	MNXM21	CC(=O)SCCNC(=O)CCNC(=O)C(C(C)(C)COP(=O)(O)OP(=O)(O)OCC1C(C(C(O1)N2C=NC3=C(N=CN=C32)N)O)OP(=O)(O)O)O
s_0378	acetyl-CoA	accoa	CHEBI:57288	C00024	MNXM21	CC(=O)SCCNC(=O)CCNC(=O)C(C(C)(C)COP(=O)(O)OP(=O)(O)OCC1C(C(C(O1)N2C=NC3=C(N=CN=C32)N)O)OP(=O)(O)O)O
s_0383	adenine	ade	CHEBI:16708	C00147	MNXM168	C1=NC2=NC=NC(=C2N1)N
s_0384	adenine	ade	CHEBI:16708	C00147	MNXM168	C1=NC2=NC=NC(=C2N1)N
s_0385	adenine	ade	CHEBI:16708	C00147	MNXM168	C1=NC2=NC=NC(=C2N1)N
s_0386	adenosine	adn	CHEBI:16335	C00212	MNXM212	C1=NC(=C2C(=N1)N(C=N2)C3C(C(C(O3)CO)O)O)N
s_0387	adenosine	adn	CHEBI:16335	C00212	MNXM212	C1=NC(=C2C(=N1)N(C=N2)C3C(C(C(O3)CO)O)O)N
s_0389	adenosine 2'-phosphate	amp2p	CHEBI:28223	C00946	MNXM7028	C1=NC(=C2C(=N1)N(C=N2)C3C(C(C(O3)CO)O)OP(=O)(O)O)N
s_0390	adenosine 3',5'-bismonophosphate	pap	CHEBI:58343	C00054	MNXM45	C1=NC(=C2C(=N1)N(C=N2)C3C(C(C(O3)COP(=O)(O)O)OP(=O)(O)O)O)N
s_0391	adenosine 3',5'-bismonophosphate	pap	CHEBI:58343	C00054	MNXM45	C1=NC(=C2C(=N1)N(C=N2)C3C(C(C(O3)COP(=O)(O)O)OP(=O)(O)O)O)N
s_0392	adenosine 3',5'-bismonophosphate	pap	CHEBI:58343	C00054	MNXM45	C1=NC(=C2C(=N1)N(C=N2)C3C(C(C(O3)COP(=O)(O)O)OP(=O)(O)O)O)N
s_0393	adenylo-succinate	dcamp	CHEBI:57567	C03794	MNXM565	C1=NC(=C2C(=N1)N(C=N2)C3C(C(C(O3)COP(=O)([O-])[O-])O)O)NC(CC(=O)[O-])C(=O)[O-]
s_0394	ADP	adp	CHEBI:456216	C00008	MNXM7	C1=NC(=C2C(=N1)N(C=N2)C3C(C(C(O3)COP(=O)(O)OP(=O)(O)O)O)O)N
s_0395	ADP	adp	CHEBI:456216	C00008	MNXM7	C1=NC(=C2C(=N1)N(C=N2)C3C(C(C(O3)COP(=O)(O)OP(=O)(O)O)O)O)N
s_0397	ADP	adp	CHEBI:456216	C00008	MNXM7	C1=NC(=C2C(=N1)N(C=N2)C3C(C(C(O3)COP(=O)(O)OP(=O)(O)O)O)O)N
s_0398	ADP	adp	CHEBI:456216	C00008	MNXM7	C1=NC(=C2C(=N1)N(C=N2)C3C(C(C(O3)COP(=O)(O)OP(=O)(O)O)O)O)N
s_0399	ADP	adp	CHEBI:456216	C00008	MNXM7	C1=NC(=C2C(=N1)N(C=N2)C3C(C(C(O3)COP(=O)(O)OP(=O)(O)O)O)O)N
s_0402	ADP-ribose	adprib	CHEBI:57967	C00301	MNXM48596	C1=NC(=C2C(=N1)N(C=N2)C3C(C(C(O3)COP(=O)(O)OP(=O)(O)OCC4C(C(C(O4)O)O)O)O)O)N
s_0403	AICAR	aicar	CHEBI:58475	C04677	MNXM365	C1=NC(=C(N1C2C(C(C(O2)CO)O)O)N)C(=O)N
s_0404	Ala-tRNA(Ala)	alatrna	CHEBI:17732	C00886	MNXM89815	
s_0405	allantoate	alltt	CHEBI:17536	C00499	MNXM584	C(C(=O)[O-])(NC(=O)N)NC(=O)N
s_0406	allantoate	alltt	CHEBI:17536	C00499	MNXM584	C(C(=O)[O-])(NC(=O)N)NC(=O)N
s_0407	allantoin	alltn	CHEBI:15676	C01551	MNXM612	C1(C(=O)NC(=O)N1)NC(=O)N
s_0408	allantoin	alltn	CHEBI:15676	C01551	MNXM612	C1(C(=O)NC(=O)N1)NC(=O)N
s_0409	alpha,alpha-trehalose 6-phosphate	tre6p	CHEBI:58429	C00689	MNXM448	C(C1C(C(C(C(O1)OC2C(C(C(C(O2)COP(=O)(O)O)O)O)O)O)O)O)O
s_0410	alpha-D-galactose 1-phosphate	gal1p	CHEBI:58336	C00446	MNXM336	C(C1C(C(C(C(O1)OP(=O)(O)O)O)O)O)O
s_0411	alpha-D-glucosamine 1-phosphate	gam1p	CHEBI:58516	C06156	MNXM969	C(C1C(C(C(C(O1)OP(=O)(O)O)N)O)O)O
s_0412	alpha-D-glucosamine 6-phosphate	gam6p	CHEBI:15873	C00352	MNXM370	C(C1C(C(C(C(O1)O)N)O)O)OP(=O)(O)O
s_0413	alpha-D-glucosamine 6-phosphate	gam6p	CHEBI:15873	C00352	MNXM370	C(C1C(C(C(C(O1)O)N)O)O)OP(=O)(O)O
s_0414	alpha-D-mannosyl-beta-D-mannosyldiacetylchitobiosyldiphosphodolichol		CHEBI:28067	C05861	MNXM41231	CC(CCC=C(C)CCC=C(C)CCC=C(C)CCC=C(C)C)CCOP(=O)(O)OP(=O)(O)OC1C(C(C(C(O1)CO)OC2C(C(C(C(O2)CO)OC3C(C(C(C(O3)CO)O)OC4C(C(C(C(O4)CO)O)O)O)O)O)NC(=O)C)O)NC(=O)C
s_0415	alpha-D-ribose 1-phosphate(2-)	r1p	CHEBI:57720	C00620	MNXM295	C(C1C(C(C(O1)OP(=O)([O-])[O-])O)O)O
s_0416	alpha-D-ribose 1-phosphate(2-)	r1p	CHEBI:57720	C00620	MNXM295	C(C1C(C(C(O1)OP(=O)([O-])[O-])O)O)O
s_0417	aminoacetaldehyde	aacald	CHEBI:58213	C06735	MNXM2212	C(C=O)N
s_0418	aminoacetone	aact	CHEBI:58320	C01888	MNXM1106	CC(=O)CN
s_0419	ammonium	nh4	CHEBI:28938	C01342	MNXM15	[NH4+]
s_0420	ammonium	nh4	CHEBI:28938	C01342	MNXM15	[NH4+]
s_0421	ammonium	nh4	CHEBI:28938	C01342	MNXM15	[NH4+]
s_0423	AMP	amp	CHEBI:456215	C00020	MNXM14	C1=NC(=C2C(=N1)N(C=N2)C3C(C(C(O3)COP(=O)(O)O)O)O)N
s_0424	AMP	amp	CHEBI:456215	C00020	MNXM14	C1=NC(=C2C(=N1)N(C=N2)C3C(C(C(O3)COP(=O)(O)O)O)O)N
s_0425	AMP	amp	CHEBI:456215	C00020	MNXM14	C1=NC(=C2C(=N1)N(C=N2)C3C(C(C(O3)COP(=O)(O)O)O)O)N
s_0426	AMP	amp	CHEBI:456215	C00020	MNXM14	C1=NC(=C2C(=N1)N(C=N2)C3C(C(C(O3)COP(=O)(O)O)O)O)N
s_0427	anthranilate	anth	CHEBI:16567	C00108	MNXM188	C1=CC=C(C(=C1)C(=O)O)N
s_0428	Arg-tRNA(Arg)	argtrna	CHEBI:18366	C02163	MNXM89870	
s_0429	Arg-tRNA(Arg)	argtrna	CHEBI:18366	C02163	MNXM89870	
s_0430	Asn-tRNA(Asn)	asntrna	CHEBI:29265	C03402	MNXM89761	
s_0431	Asn-tRNA(Asn)	asntrna	CHEBI:29265	C03402	MNXM89761	
s_0432	Asp-tRNA(Asp)	asptrna	CHEBI:29158	C02984	MNXM164570	
s_0433	Asp-tRNA(Asp)	asptrna	CHEBI:29158	C02984	MNXM164570	
s_0434	ATP	atp	CHEBI:30616	C00002	MNXM3	C1=NC(=C2C(=N1)N(C=N2)C3C(C(C(O3)COP(=O)(O)OP(=O)(O)OP(=O)(O)O)O)O)N
s_0435	ATP	atp	CHEBI:30616	C00002	MNXM3	C1=NC(=C2C(=N1)N(C=N2)C3C(C(C(O3)COP(=O)(O)OP(=O)(O)OP(=O)(O)O)O)O)N
s_0437	ATP	atp	CHEBI:30616	C00002	MNXM3	C1=NC(=C2C(=N1)N(C=N2)C3C(C(C(O3)COP(=O)(O)OP(=O)(O)OP(=O)(O)O)O)O)N
s_0438	ATP	atp	CHEBI:30616	C00002	MNXM3	C1=NC(=C2C(=N1)N(C=N2)C3C(C(C(O3)COP(=O)(O)OP(=O)(O)OP(=O)(O)O)O)O)N
s_0439	ATP	atp	CHEBI:30616	C00002	MNXM3	C1=NC(=C2C(=N1)N(C=N2)C3C(C(C(O3)COP(=O)(O)OP(=O)(O)OP(=O)(O)O)O)O)N
s_0441	beta-alanine	ala_B	CHEBI:16958	C00099	MNXM144	C(CN)C(=O)O
s_0442	beta-D-fructose 2,6-bisphosphate	f26bp	CHEBI:58579	C00665	MNXM651	C(C1C(C(C(O1)(CO)OP(=O)(O)O)O)O)OP(=O)(O)O
s_0443	beta-D-mannosyldiacetylchitobiosyldiphosphodolichol	mpdol	CHEBI:18396	C05860	MNXM1078	CC(CCC=C(C)CCC=C(C)CCC=C(C)CCC=C(C)C)CCOP(=O)(O)OP(=O)(O)OC1C(C(C(C(O1)CO)OC2C(C(C(C(O2)CO)OC3C(C(C(C(O3)CO)O)O)O)O)NC(=O)C)O)NC(=O)C
s_0444	beta-D-mannosyldiacetylchitobiosyldiphosphodolichol	mpdol	CHEBI:18396	C05860	MNXM1078	CC(CCC=C(C)CCC=C(C)CCC=C(C)CCC=C(C)C)CCOP(=O)(O)OP(=O)(O)OC1C(C(C(C(O1)CO)OC2C(C(C(C(O2)CO)OC3C(C(C(C(O3)CO)O)O)O)O)NC(=O)C)O)NC(=O)C
s_0445	bicarbonate	hco3	CHEBI:17544	C00288	MNXM60	C(=O)(O)[O-]
s_0446	bicarbonate	hco3	CHEBI:17544	C00288	MNXM60	C(=O)(O)[O-]
s_0447	bicarbonate	hco3	CHEBI:17544	C00288	MNXM60	C(=O)(O)[O-]
s_0448	bicarbonate	hco3	CHEBI:17544	C00288	MNXM60	C(=O)(O)[O-]
s_0450	biomass	biomass				
s_0451	biotin	btn	CHEBI:57586	C00120	MNXM304	C1C2C(C(S1)CCCCC(=O)O)NC(=O)N2
s_0452	biotin	btn	CHEBI:57586	C00120	MNXM304	C1C2C(C(S1)CCCCC(=O)O)NC(=O)N2
s_0453	biotinyl-5'-AMP	btamp	CHEBI:62414	C05921	MNXM2351	C1C2C(C(S1)CCCCC(=O)OP(=O)(O)OCC3C(C(C(O3)N4C=NC5=C(N=CN=C54)N)O)O)NC(=O)N2
s_0454	but-1-ene-1,2,4-tricarboxylic acid	b124tc	CHEBI:58174	C04002	MNXM920	C(CC(=O)O)C(=CC(=O)O)C(=O)O
s_0455	carbamoyl phosphate	cbp	CHEBI:58228	C00169	MNXM138	C(=O)(N)OP(=O)(O)O
s_0456	carbon dioxide	co2	CHEBI:16526	C00011	MNXM13	C(=O)=O
s_0457	carbon dioxide	co2	CHEBI:16526	C00011	MNXM13	C(=O)=O
s_0458	carbon dioxide	co2	CHEBI:16526	C00011	MNXM13	C(=O)=O
s_0460	carbon dioxide	co2	CHEBI:16526	C00011	MNXM13	C(=O)=O
s_0461	carbon dioxide	co2	CHEBI:16526	C00011	MNXM13	C(=O)=O
s_0462	carbon dioxide	co2	CHEBI:16526	C00011	MNXM13	C(=O)=O
s_0465	carboxyacetyl-ACP	malACP	CHEBI:17330	C01209	MNXM184	
s_0467	CDP	cdp	CHEBI:58069	C00112	MNXM220	C1=CN(C(=O)N=C1N)C2C(C(C(O2)COP(=O)(O)OP(=O)(O)O)O)O
s_0468	CDP	cdp	CHEBI:58069	C00112	MNXM220	C1=CN(C(=O)N=C1N)C2C(C(C(O2)COP(=O)(O)OP(=O)(O)O)O)O
s_0469	CDP-choline	cdpchol	CHEBI:16436	C00307	MNXM283	C[N+](C)(C)CCOP(=O)([O-])OP(=O)(O)OCC1C(C(C(O1)N2C=CC(=NC2=O)N)O)O
s_0474	CDP-ethanolamine	cdpea	CHEBI:57876	C00570	MNXM449	C1=CN(C(=O)N=C1N)C2C(C(C(O2)COP(=O)(O)OP(=O)(O)OCCN)O)O
s_0475	ceramide-1 (C24)	cer1_24	CHEBI:52961		MNXM64020	
s_0476	ceramide-1 (C24)	cer1_24	CHEBI:52961		MNXM64020	
s_0477	ceramide-1 (C24)	cer1_24	CHEBI:52961		MNXM64020	
s_0478	ceramide-1 (C26)	cer1_26	CHEBI:52962		MNXM63798	CCCCCCCCCCCCCCCCCCCCCCCCCC(=O)NC(CO)C(CCCCCCCCCCCCCCC)O
s_0479	ceramide-1 (C26)	cer1_26	CHEBI:52962		MNXM63798	CCCCCCCCCCCCCCCCCCCCCCCCCC(=O)NC(CO)C(CCCCCCCCCCCCCCC)O
s_0480	ceramide-1 (C26)	cer1_26	CHEBI:52962		MNXM63798	CCCCCCCCCCCCCCCCCCCCCCCCCC(=O)NC(CO)C(CCCCCCCCCCCCCCC)O
s_0481	ceramide-2 (C24)	cer2_24	CHEBI:52979		MNXM64019	CCCCCCCCCCCCCCCCCCCCCCCC(=O)NC(CO)C(C(CCCCCCCCCCCCCC)O)O
s_0482	ceramide-2 (C24)	cer2_24	CHEBI:52979		MNXM64019	CCCCCCCCCCCCCCCCCCCCCCCC(=O)NC(CO)C(C(CCCCCCCCCCCCCC)O)O
s_0483	ceramide-2 (C24)	cer2_24	CHEBI:52979		MNXM64019	CCCCCCCCCCCCCCCCCCCCCCCC(=O)NC(CO)C(C(CCCCCCCCCCCCCC)O)O
s_0484	ceramide-2 (C26)	cer2_26	CHEBI:52980		MNXM63797	CCCCCCCCCCCCCCCCCCCCCCCCCC(=O)NC(CO)C(C(CCCCCCCCCCCCCC)O)O
s_0485	ceramide-2 (C26)	cer2_26	CHEBI:52980		MNXM63797	CCCCCCCCCCCCCCCCCCCCCCCCCC(=O)NC(CO)C(C(CCCCCCCCCCCCCC)O)O
s_0486	ceramide-2 (C26)	cer2_26	CHEBI:52980		MNXM63797	CCCCCCCCCCCCCCCCCCCCCCCCCC(=O)NC(CO)C(C(CCCCCCCCCCCCCC)O)O
s_0487	ceramide-2' (C24)		CHEBI:52371		MNXM63175	CCCCCCCCCCCCCCCCCCCCCCC(C(=O)NC(CO)C(CCCCCCCCCCCCCCC)O)O
s_0488	ceramide-2' (C24)		CHEBI:52371		MNXM63175	CCCCCCCCCCCCCCCCCCCCCCC(C(=O)NC(CO)C(CCCCCCCCCCCCCCC)O)O
s_0489	ceramide-2' (C24)		CHEBI:52371		MNXM63175	CCCCCCCCCCCCCCCCCCCCCCC(C(=O)NC(CO)C(CCCCCCCCCCCCCCC)O)O
s_0490	ceramide-2' (C26)		CHEBI:52372		MNXM63156	
s_0491	ceramide-2' (C26)		CHEBI:52372		MNXM63156	
s_0492	ceramide-2' (C26)		CHEBI:52372		MNXM63156	
s_0493	ceramide-3 (C24)	cer3_24	CHEBI:52373		MNXM63174	CCCCCCCCCCCCCCCCCCCCCCC(C(=O)NC(CO)C(C(CCCCCCCCCCCCCC)O)O)O
s_0494	ceramide-3 (C24)	cer3_24	CHEBI:52373		MNXM63174	CCCCCCCCCCCCCCCCCCCCCCC(C(=O)NC(CO)C(C(CCCCCCCCCCCCCC)O)O)O
s_0495	ceramide-3 (C24)	cer3_24	CHEBI:52373		MNXM63174	CCCCCCCCCCCCCCCCCCCCCCC(C(=O)NC(CO)C(C(CCCCCCCCCCCCCC)O)O)O
s_0496	ceramide-3 (C26)	cer3_26	CHEBI:52374		MNXM63157	CCCCCCCCCCCCCCCCCCCCCCCCC(C(=O)NC(CO)C(C(CCCCCCCCCCCCCC)O)O)O
s_0497	ceramide-3 (C26)	cer3_26	CHEBI:52374		MNXM63157	CCCCCCCCCCCCCCCCCCCCCCCCC(C(=O)NC(CO)C(C(CCCCCCCCCCCCCC)O)O)O
s_0498	ceramide-3 (C26)	cer3_26	CHEBI:52374		MNXM63157	CCCCCCCCCCCCCCCCCCCCCCCCC(C(=O)NC(CO)C(C(CCCCCCCCCCCCCC)O)O)O
s_0499	ceramide-4 (C24)		CHEBI:60256		MNXM31230	CCCCCCCCCCCCCCCCCCCCCC(C(C(=O)NC(CO)C(C(CCCCCCCCCCCCCC)O)O)O)O
s_0500	ceramide-4 (C24)		CHEBI:60256		MNXM31230	CCCCCCCCCCCCCCCCCCCCCC(C(C(=O)NC(CO)C(C(CCCCCCCCCCCCCC)O)O)O)O
s_0501	ceramide-4 (C24)		CHEBI:60256		MNXM31230	CCCCCCCCCCCCCCCCCCCCCC(C(C(=O)NC(CO)C(C(CCCCCCCCCCCCCC)O)O)O)O
s_0502	ceramide-4 (C26)		CHEBI:60384		MNXM63127	CCCCCCCCCCCCCCCCCCCCCCCC(C(C(=O)NC(CO)C(C(CCCCCCCCCCCCCC)O)O)O)O
s_0503	ceramide-4 (C26)		CHEBI:60384		MNXM63127	CCCCCCCCCCCCCCCCCCCCCCCC(C(C(=O)NC(CO)C(C(CCCCCCCCCCCCCC)O)O)O)O
s_0504	ceramide-4 (C26)		CHEBI:60384		MNXM63127	CCCCCCCCCCCCCCCCCCCCCCCC(C(C(=O)NC(CO)C(C(CCCCCCCCCCCCCC)O)O)O)O
s_0507	cerotic acid	hexc	CHEBI:31013		MNXM46158	CCCCCCCCCCCCCCCCCCCCCCCCCC(=O)O
s_0509	chitin	chtn	CHEBI:17029	C00461	MNXM1271	
s_0510	chitosan	chitos	CHEBI:16261	C00734	MNXM2106	COC(=O)NC1C(C(C(OC1OC2C(OC(C(C2O)N)OC3C(OC(C(C3O)N)O)CO)CO)CO)OC4C(C(C(C(O4)CO)OC5C(C(C(C(O5)CO)OC6C(C(C(C(O6)CO)OC7C(C(C(C(O7)CO)OC8C(C(C(C(O8)CO)OC9C(C(C(C(O9)CO)O)O)N)O)N)O)N)O)N)O)N)O)N)O
s_0511	choline	chol	CHEBI:15354	C00114	MNXM90	C[N+](C)(C)CCO
s_0512	choline	chol	CHEBI:15354	C00114	MNXM90	C[N+](C)(C)CCO
s_0513	choline	chol	CHEBI:15354	C00114	MNXM90	C[N+](C)(C)CCO
s_0514	choline phosphate	cholp	CHEBI:295975	C00588	MNXM229	C[N+](C)(C)CCOP(=O)(O)O.[Cl-]
s_0515	chorismate	chor	CHEBI:29748	C00251	MNXM337	C=C(C(=O)O)OC1C=C(C=CC1O)C(=O)O
s_0516	cis-aconitate	acon_C	CHEBI:16383	C00417	MNXM813	C(C(=CC(=O)O)C(=O)O)C(=O)O
s_0517	cis-aconitate	acon_C	CHEBI:16383	C00417	MNXM813	C(C(=CC(=O)O)C(=O)O)C(=O)O
s_0522	citrate	cit	CHEBI:16947	C00158	MNXM131	C(C(=O)[O-])C(CC(=O)[O-])(C(=O)[O-])O
s_0523	citrate	cit	CHEBI:16947	C00158	MNXM131	C(C(=O)[O-])C(CC(=O)[O-])(C(=O)[O-])O
s_0524	citrate	cit	CHEBI:16947	C00158	MNXM131	C(C(=O)[O-])C(CC(=O)[O-])(C(=O)[O-])O
s_0525	citrate	cit	CHEBI:16947	C00158	MNXM131	C(C(=O)[O-])C(CC(=O)[O-])(C(=O)[O-])O
s_0526	CMP	cmp	CHEBI:60377	C00055	MNXM31	C1=CN(C(=O)N=C1N)C2C(C(C(O2)COP(=O)(O)O)O)O
s_0528	CMP	cmp	CHEBI:60377	C00055	MNXM31	C1=CN(C(=O)N=C1N)C2C(C(C(O2)COP(=O)(O)O)O)O
s_0529	coenzyme A	coa	CHEBI:57287	C00010	MNXM12	CC(C)(COP(=O)(O)OP(=O)(O)OCC1C(C(C(O1)N2C=NC3=C(N=CN=C32)N)O)OP(=O)(O)O)C(C(=O)NCCC(=O)NCCS)O
s_0530	coenzyme A	coa	CHEBI:57287	C00010	MNXM12	CC(C)(COP(=O)(O)OP(=O)(O)OCC1C(C(C(O1)N2C=NC3=C(N=CN=C32)N)O)OP(=O)(O)O)C(C(=O)NCCC(=O)NCCS)O
s_0531	coenzyme A	coa	CHEBI:57287	C00010	MNXM12	CC(C)(COP(=O)(O)OP(=O)(O)OCC1C(C(C(O1)N2C=NC3=C(N=CN=C32)N)O)OP(=O)(O)O)C(C(=O)NCCC(=O)NCCS)O
s_0532	coenzyme A	coa	CHEBI:57287	C00010	MNXM12	CC(C)(COP(=O)(O)OP(=O)(O)OCC1C(C(C(O1)N2C=NC3=C(N=CN=C32)N)O)OP(=O)(O)O)C(C(=O)NCCC(=O)NCCS)O
s_0533	coenzyme A	coa	CHEBI:57287	C00010	MNXM12	CC(C)(COP(=O)(O)OP(=O)(O)OCC1C(C(C(O1)N2C=NC3=C(N=CN=C32)N)O)OP(=O)(O)O)C(C(=O)NCCC(=O)NCCS)O
s_0534	coenzyme A	coa	CHEBI:57287	C00010	MNXM12	CC(C)(COP(=O)(O)OP(=O)(O)OCC1C(C(C(O1)N2C=NC3=C(N=CN=C32)N)O)OP(=O)(O)O)C(C(=O)NCCC(=O)NCCS)O
s_0538	coproporphyrinogen III	cpppg3	CHEBI:57309	C03263	MNXM410	CC1=C2CC3=C(C(=C(N3)CC4=C(C(=C(N4)CC5=C(C(=C(N5)CC(=C1CCC(=O)O)N2)C)CCC(=O)O)C)CCC(=O)O)CCC(=O)O)C
s_0539	CTP	ctp	CHEBI:37563	C00063	MNXM63	C1=CN(C(=O)N=C1N)C2C(C(C(O2)COP(=O)(O)OP(=O)(O)OP(=O)(O)O)O)O
s_0541	CTP	ctp	CHEBI:37563	C00063	MNXM63	C1=CN(C(=O)N=C1N)C2C(C(C(O2)COP(=O)(O)OP(=O)(O)OP(=O)(O)O)O)O
s_0542	Cys-tRNA(Cys)	cystrna	CHEBI:29152	C03125	MNXM155005	
s_0543	cytidine	cytd	CHEBI:17562	C00475	MNXM338	C1=CN(C(=O)N=C1N)C2C(C(C(O2)CO)O)O
s_0544	cytidine	cytd	CHEBI:17562	C00475	MNXM338	C1=CN(C(=O)N=C1N)C2C(C(C(O2)CO)O)O
s_0545	cytosine	csn	CHEBI:16040	C00380	MNXM761	C1=C(NC(=O)N=C1)N
s_0546	cytosine	csn	CHEBI:16040	C00380	MNXM761	C1=C(NC(=O)N=C1)N
s_0547	D-arabinono-1,4-lactone	Dara14lac	CHEBI:16292	C00652	MNXM778	C(C1C(C(C(=O)O1)O)O)O
s_0548	D-arabinose	arab__D	CHEBI:17108	C00216	MNXM40571	
s_0549	D-arabinose	arab__D	CHEBI:17108	C00216	MNXM40571	
s_0550	D-erythro-1-(imidazol-4-yl)glycerol 3-phosphate	eig3p	CHEBI:58278	C04666	MNXM1422	C1=C(NC=N1)C(C(COP(=O)(O)O)O)O
s_0551	D-erythrose 4-phosphate	e4p	CHEBI:16897	C00279	MNXM258	C(C(C(C=O)O)O)OP(=O)(O)O
s_0552	D-erythrose 4-phosphate	e4p	CHEBI:16897	C00279	MNXM258	C(C(C(C=O)O)O)OP(=O)(O)O
s_0553	D-fructose	fru	CHEBI:15824	C00095	MNXM175	C1C(C(C(C(O1)(CO)O)O)O)O
s_0554	D-fructose	fru	CHEBI:15824	C00095	MNXM175	C1C(C(C(C(O1)(CO)O)O)O)O
s_0555	D-fructose 1,6-bisphosphate	fdp	CHEBI:16905	C00354	MNXM417	
s_0556	D-fructose 1-phosphate	f1p	CHEBI:18105	C01094	MNXM145568	C(C(C(C(C(=O)COP(=O)(O)O)O)O)O)O
s_0557	D-fructose 6-phosphate	f6p	CHEBI:57579	C00085	MNXM162235	C(C(C(C(C(=O)CO)O)O)O)OP(=O)(O)O
s_0558	D-galactose	gal	CHEBI:12936	C00124	MNXM735266	C(C1C(C(C(C(O1)O)O)O)O)O
s_0559	D-galactose	gal	CHEBI:12936	C00124	MNXM735266	C(C1C(C(C(C(O1)O)O)O)O)O
s_0560	D-galacturonate	galur	CHEBI:12952	C00333	MNXM693	C1(C(C(OC(C1O)O)C(=O)O)O)O
s_0561	D-glucitol	sbt__D	CHEBI:17924	C00794	MNXM469	C(C(C(C(C(CO)O)O)O)O)O
s_0562	D-glucitol	sbt__D	CHEBI:17924	C00794	MNXM469	C(C(C(C(C(CO)O)O)O)O)O
s_0563	D-glucose	glc__D	CHEBI:4167	C00031	MNXM41	C(C1C(C(C(C(O1)O)O)O)O)O
s_0565	D-glucose	glc__D	CHEBI:4167	C00031	MNXM41	C(C1C(C(C(C(O1)O)O)O)O)O
s_0566	D-glucose	glc__D	CHEBI:4167	C00031	MNXM41	C(C1C(C(C(C(O1)O)O)O)O)O
s_0567	D-glucose 1-phosphate	g1p	CHEBI:57629	C00103	MNXM89588	C(C1C(C(C(C(O1)OP(=O)(O)O)O)O)O)O
s_0568	D-glucose 6-phosphate	g6p	CHEBI:14314	C00092	MNXM160	C(C(C(C(C(C=O)O)O)O)O)OP(=O)(O)O
s_0570	D-glyceraldehyde	glyald	CHEBI:17378	C00577	MNXM435	C(C(C=O)O)O
s_0571	D-mannose	man	CHEBI:16024	C00159	MNXM182	C(C1C(C(C(C(O1)O)O)O)O)O
s_0572	D-mannose	man	CHEBI:16024	C00159	MNXM182	C(C1C(C(C(C(O1)O)O)O)O)O
s_0573	D-mannose 1-phosphate	man1p	CHEBI:35374	C00636	MNXM721	C(C1C(C(C(C(O1)OP(=O)(O)O)O)O)O)O
s_0574	D-mannose 6-phosphate	man6p	CHEBI:17369	C00275	MNXM427	C(C1C(C(C(C(O1)O)O)O)O)OP(=O)(O)O
s_0575	D-ribose	rib__D	CHEBI:16988	C00121	MNXM242	C1C(C(C(C(O1)O)O)O)O
s_0576	D-ribose	rib__D	CHEBI:16988	C00121	MNXM242	C1C(C(C(C(O1)O)O)O)O
s_0577	D-ribulose 5-phosphate	ru5p__D	CHEBI:58121	C00199	MNXM145	C(C(C(C(=O)CO)O)O)OP(=O)(O)O
s_0578	D-xylose	xyl__D	CHEBI:15936	C00181	MNXM90941	C1C(C(C(C(O1)O)O)O)O
s_0579	D-xylose	xyl__D	CHEBI:15936	C00181	MNXM90941	C1C(C(C(C(O1)O)O)O)O
s_0580	D-xylulose	xylu__D	CHEBI:17140	C00310	MNXM597	C(C(C(C(=O)CO)O)O)O
s_0581	D-xylulose 5-phosphate	xu5p__D	CHEBI:57737	C00231	MNXM186	C(C(C(C(=O)CO)O)O)OP(=O)(O)O
s_0582	dADP	dadp	CHEBI:57667	C00206	MNXM374	C1C(C(OC1N2C=NC3=C(N=CN=C32)N)COP(=O)(O)OP(=O)(O)O)O
s_0583	dADP	dadp	CHEBI:57667	C00206	MNXM374	C1C(C(OC1N2C=NC3=C(N=CN=C32)N)COP(=O)(O)OP(=O)(O)O)O
s_0584	dAMP	damp	CHEBI:58245	C00360	MNXM432	C1C(C(OC1N2C=NC3=C(N=CN=C32)N)COP(=O)(O)O)O
s_0585	dAMP	damp	CHEBI:58245	C00360	MNXM432	C1C(C(OC1N2C=NC3=C(N=CN=C32)N)COP(=O)(O)O)O
s_0586	dATP	datp	CHEBI:61404	C00131	MNXM286	C1C(C(OC1N2C=NC3=C(N=CN=C32)N)COP(=O)(O)OP(=O)(O)OP(=O)(O)O)O
s_0587	dCDP	dcdp	CHEBI:58593	C00705	MNXM411	C1C(C(OC1N2C=CC(=NC2=O)N)COP(=O)(O)OP(=O)(O)O)O
s_0588	dCDP	dcdp	CHEBI:58593	C00705	MNXM411	C1C(C(OC1N2C=CC(=NC2=O)N)COP(=O)(O)OP(=O)(O)O)O
s_0589	dCMP	dcmp	CHEBI:57566	C00239	MNXM266	C1C(C(OC1N2C=CC(=NC2=O)N)COP(=O)(O)O)O
s_0590	dCTP	dctp	CHEBI:57724	C00458	MNXM360	C1C(C(OC1N2C=CC(=NC2=O)N)COP(=O)(O)OP(=O)(O)OP(=O)(O)O)O
s_0591	deamido-NAD(+)	dnad	CHEBI:18304	C00857	MNXM309	C1=CC(=C[N+](=C1)C2C(C(C(O2)COP(=O)(O)OP(=O)(O)OCC3C(C(C(O3)N4C=NC5=C(N=CN=C54)N)O)O)O)O)C(=O)O
s_0593	deamido-NAD(+)	dnad	CHEBI:18304	C00857	MNXM309	C1=CC(=C[N+](=C1)C2C(C(C(O2)COP(=O)(O)OP(=O)(O)OCC3C(C(C(O3)N4C=NC5=C(N=CN=C54)N)O)O)O)O)C(=O)O
s_0595	decanoate	dca	CHEBI:27689	C01571	MNXM1043	CCCCCCCCCC(=O)[O-]
s_0597	decanoate	dca	CHEBI:27689	C01571	MNXM1043	CCCCCCCCCC(=O)[O-]
s_0600	decanoate	dca	CHEBI:27689	C01571	MNXM1043	CCCCCCCCCC(=O)[O-]
s_0605	decanoyl-CoA	dccoa	CHEBI:61430	C05274	MNXM486	CCCCCCCCCC(=O)SCCNC(=O)CCNC(=O)C(C(C)(C)COP(=O)(O)OP(=O)(O)OCC1C(C(C(O1)N2C=NC3=C(N=CN=C32)N)O)OP(=O)(O)O)O
s_0606	decaprenyl diphosphate	decdp	CHEBI:53043	C17432	MNXM1721	CC(=CCCC(=CCCC(=CCCC(=CCCC(=CCCC(=CCCC(=CCCC(=CCCC(=CCCC(=CCOP(=O)(O)OP(=O)(O)O)C)C)C)C)C)C)C)C)C)C
s_0607	dehydro-D-arabinono-1,4-lactone		CHEBI:58277	C06316	MNXM3254	C(C1C(=C(C(=O)O1)O)O)O
s_0608	Delta(6)-trans,Delta(8)-cis-leukotriene B4		CHEBI:53027		MNXM507621	CCCCCC=CCC(C=CC=CC=CC(CCCC(=O)O)O)O
s_0609	Delta(6)-trans,Delta(8)-cis-leukotriene B4		CHEBI:53027		MNXM507621	CCCCCC=CCC(C=CC=CC=CC(CCCC(=O)O)O)O
s_0610	deoxycytidine	dcyt	CHEBI:15698	C00881	MNXM704	C1C(C(OC1N2C=CC(=NC2=O)N)CO)O
s_0611	deoxycytidine	dcyt	CHEBI:15698	C00881	MNXM704	C1C(C(OC1N2C=CC(=NC2=O)N)CO)O
s_0612	dethiobiotin	dtbt	CHEBI:57861	C01909	MNXM1020	CC1C(NC(=O)N1)CCCCCC(=O)O
s_0613	dGDP	dgdp	CHEBI:58595	C00361	MNXM436	C1C(C(OC1N2C=NC3=C2N=C(NC3=O)N)COP(=O)(O)OP(=O)(O)O)O
s_0614	dGDP	dgdp	CHEBI:58595	C00361	MNXM436	C1C(C(OC1N2C=NC3=C2N=C(NC3=O)N)COP(=O)(O)OP(=O)(O)O)O
s_0615	dGMP	dgmp	CHEBI:57673	C00362	MNXM546	C1C(C(OC1N2C=NC3=C2N=C(NC3=O)N)COP(=O)(O)O)O
s_0616	dGMP	dgmp	CHEBI:57673	C00362	MNXM546	C1C(C(OC1N2C=NC3=C2N=C(NC3=O)N)COP(=O)(O)O)O
s_0617	dGTP	dgtp	CHEBI:57794	C00286	MNXM344	C1C(C(OC1N2C=NC3=C2N=C(NC3=O)N)COP(=O)(O)OP(=O)(O)OP(=O)(O)O)O
s_0618	dIDP	didp	CHEBI:28823	C01344	MNXM2174	
s_0620	diglyceride backbone	dag_hs	CHEBI:18035	C00165	MNXM59	
s_0625	dihydrofolic acid	dhf	CHEBI:57451	C00415	MNXM281	C1C(=NC2=C(N1)N=C(NC2=O)N)CNC3=CC=C(C=C3)C(=O)NC(CCC(=O)O)C(=O)O
s_0626	dihydrofolic acid	dhf	CHEBI:57451	C00415	MNXM281	C1C(=NC2=C(N1)N=C(NC2=O)N)CNC3=CC=C(C=C3)C(=O)NC(CCC(=O)O)C(=O)O
s_0627	dihydrolipoamide	dhlam	CHEBI:17694	C00579	MNXM1277	C(CCC(=O)N)CC(CCS)S
s_0628	dihydrolipoylprotein	dhlpro	CHEBI:16194	C02972	MNXM1663	
s_0629	dihydroxyacetone phosphate	dhap	CHEBI:57642	C00111	MNXM77	C(C(=O)COP(=O)(O)O)O
s_0631	dihydroxyacetone phosphate	dhap	CHEBI:57642	C00111	MNXM77	C(C(=O)COP(=O)(O)O)O
s_0632	dihydroxyacetone phosphate	dhap	CHEBI:57642	C00111	MNXM77	C(C(=O)COP(=O)(O)O)O
s_0633	diphosphate	ppi	CHEBI:33019	C00013	MNXM11	[O-]P(=O)([O-])OP(=O)([O-])[O-]
s_0635	diphosphate	ppi	CHEBI:33019	C00013	MNXM11	[O-]P(=O)([O-])OP(=O)([O-])[O-]
s_0636	diphosphate	ppi	CHEBI:33019	C00013	MNXM11	[O-]P(=O)([O-])OP(=O)([O-])[O-]
s_0637	diphosphate	ppi	CHEBI:33019	C00013	MNXM11	[O-]P(=O)([O-])OP(=O)([O-])[O-]
s_0638	diphosphate	ppi	CHEBI:33019	C00013	MNXM11	[O-]P(=O)([O-])OP(=O)([O-])[O-]
s_0639	dITP	ditp	CHEBI:61382	C01345	MNXM1325	C1C(C(OC1N2C=NC3=C2N=CNC3=O)COP(=O)(O)OP(=O)(O)OP(=O)(O)O)O
s_0640	docosaprenyl diphosphate		CHEBI:53031		MNXM51449	CC(=CCCC(=CCCC(=CCCC(=CCCC(=CCCC(=CCCC(=CCCC(=CCCC(=CCCC(=CCCC(=CCCC(=CCCC(=CCCC(=CCCC(=CCCC(=CCCC(=CCCC(=CCCC(=CCCC(=CCCC(=CCCC(=CCOP(=O)(O)OP(=O)(O)O)C)C)C)C)C)C)C)C)C)C)C)C)C)C)C)C)C)C)C)C)C)C
s_0641	dodecaprenyl diphosphate		CHEBI:53041	C05847	MNXM11433	CC(=CCCC(=CCCC(=CCCC(=CCCC(=CCCC(=CCCC(=CCCC(=CCCC(=CCCC(=CCCC(=CCCC(=CCOP(=O)(O)OP(=O)(O)O)C)C)C)C)C)C)C)C)C)C)C)C
s_0642	dolichol	dolichol	CHEBI:16091	C00381	MNXM797	
s_0644	dolichyl D-mannosyl phosphate	dolmanp	CHEBI:15809	C03862	MNXM296	CC(CCC=C(C)CCC=C(C)CCC=C(C)CCC=C(C)C)CCOP(=O)(O)OC1C(C(C(C(O1)CO)O)O)O
s_0645	dolichyl phosphate	dolp	CHEBI:16214	C00110	MNXM278	CC(CCC=C(C)CCC=C(C)CCC=C(C)CCC=C(C)C)CCOP(=O)(O)O
s_0646	dolichyl phosphate	dolp	CHEBI:16214	C00110	MNXM278	CC(CCC=C(C)CCC=C(C)CCC=C(C)CCC=C(C)C)CCOP(=O)(O)O
s_0647	dTDP	dtdp	CHEBI:58369	C00363	MNXM152	CC1=CN(C(=O)NC1=O)C2CC(C(O2)COP(=O)(O)OP(=O)(O)O)O
s_0649	dTMP	dtmp	CHEBI:17013	C00364	MNXM257	CC1=CN(C(=O)NC1=O)C2CC(C(O2)COP(=O)(O)O)O
s_0650	dTTP	dttp	CHEBI:58370	C00459	MNXM394	CC1=CN(C(=O)NC1=O)C2CC(C(O2)COP(=O)(O)OP(=O)(O)OP(=O)(O)O)O
s_0651	dTTP	dttp	CHEBI:58370	C00459	MNXM394	CC1=CN(C(=O)NC1=O)C2CC(C(O2)COP(=O)(O)OP(=O)(O)OP(=O)(O)O)O
s_0652	dUDP	dudp	CHEBI:60471	C01346	MNXM572	C1C(C(OC1N2C=CC(=O)NC2=O)COP(=O)(O)OP(=O)(O)O)O
s_0653	dUDP	dudp	CHEBI:60471	C01346	MNXM572	C1C(C(OC1N2C=CC(=O)NC2=O)COP(=O)(O)OP(=O)(O)O)O
s_0654	dUMP	dump	CHEBI:246422	C00365	MNXM234	C1C(C(OC1N2C=CC(=O)NC2=O)COP(=O)(O)O)O
s_0655	dUMP	dump	CHEBI:246422	C00365	MNXM234	C1C(C(OC1N2C=CC(=O)NC2=O)COP(=O)(O)O)O
s_0656	dUTP	dutp	CHEBI:58212	C00460	MNXM452	C1C(C(OC1N2C=CC(=O)NC2=O)COP(=O)(O)OP(=O)(O)OP(=O)(O)O)O
s_0657	episterol	epist	CHEBI:23929	C15777	MNXM52365	CC(C)C(=C)CCC(C)C1CCC2C1(CCC3C2=CCC4C3(CCC(C4)O)C)C
s_0659	episterol	epist	CHEBI:23929	C15777	MNXM52365	CC(C)C(=C)CCC(C)C1CCC2C1(CCC3C2=CCC4C3(CCC(C4)O)C)C
s_0662	ergosta-5,7,22,24(28)-tetraen-3beta-ol	ergtetrol	CHEBI:18249	C05440	MNXM1109	CC(C)C(=C)C=CC(C)C1CCC2C1(CCC3C2=CC=C4C3(CCC(C4)O)C)C
s_0663	ergosta-5,7,22,24(28)-tetraen-3beta-ol	ergtetrol	CHEBI:18249	C05440	MNXM1109	CC(C)C(=C)C=CC(C)C1CCC2C1(CCC3C2=CC=C4C3(CCC(C4)O)C)C
s_0664	ergosta-5,7,24(28)-trien-3beta-ol	ergtrol	CHEBI:52972	C15780	MNXM5738	CC(C)C(=C)CCC(C)C1CCC2C1(CCC3C2=CC=C4C3(CCC(C4)O)C)C
s_0665	ergosterol	ergst	CHEBI:16933	C01694	MNXM922	CC(C)C(C)C=CC(C)C1CCC2C1(CCC3C2=CC=C4C3(CCC(C4)O)C)C
s_0666	ergosterol	ergst	CHEBI:16933	C01694	MNXM922	CC(C)C(C)C=CC(C)C1CCC2C1(CCC3C2=CC=C4C3(CCC(C4)O)C)C
s_0667	ergosterol	ergst	CHEBI:16933	C01694	MNXM922	CC(C)C(C)C=CC(C)C1CCC2C1(CCC3C2=CC=C4C3(CCC(C4)O)C)C
s_0668	ergosterol	ergst	CHEBI:16933	C01694	MNXM922	CC(C)C(C)C=CC(C)C1CCC2C1(CCC3C2=CC=C4C3(CCC(C4)O)C)C
s_0669	ergosterol	ergst	CHEBI:16933	C01694	MNXM922	CC(C)C(C)C=CC(C)C1CCC2C1(CCC3C2=CC=C4C3(CCC(C4)O)C)C
s_0670	ergosterol 3-beta-D-glucoside	ergst3glc	CHEBI:52973		MNXM52465	
s_0672	ergosterol ester backbone		CHEBI:52320		MNXM5739	
s_0677	erythro-4-hydroxy-L-glutamic acid	e4hglu	CHEBI:21285	C05947	MNXM923	C(C(C(=O)O)N)C(C(=O)O)O
s_0678	erythro-4-hydroxy-L-glutamic acid	e4hglu	CHEBI:21285	C05947	MNXM923	C(C(C(=O)O)N)C(C(=O)O)O
s_0679	erythro-4-hydroxy-L-glutamic acid	e4hglu	CHEBI:21285	C05947	MNXM923	C(C(C(=O)O)N)C(C(=O)O)O
s_0680	ethanol	etoh	CHEBI:16236	C00469	MNXM303	CCO
s_0681	ethanol	etoh	CHEBI:16236	C00469	MNXM303	CCO
s_0682	ethanol	etoh	CHEBI:16236	C00469	MNXM303	CCO
s_0683	ethanolamine	etha	CHEBI:57603	C00189	MNXM218	C(CO)N
s_0684	ethanolamine	etha	CHEBI:57603	C00189	MNXM218	C(CO)N
s_0685	ethyl acetate		CHEBI:27750	C00849	MNXM8595	CCOC(=O)C
s_0686	ethyl acetate		CHEBI:27750	C00849	MNXM8595	CCOC(=O)C
s_0687	FAD	fad	CHEBI:57692	C00016	MNXM33	CC1=CC2=C(C=C1C)N(C3=NC(=O)NC(=O)C3=N2)CC(C(C(COP(=O)(O)OP(=O)(O)OCC4C(C(C(O4)N5C=NC6=C(N=CN=C65)N)O)O)O)O)O
s_0688	FAD	fad	CHEBI:57692	C00016	MNXM33	CC1=CC2=C(C=C1C)N(C3=NC(=O)NC(=O)C3=N2)CC(C(C(COP(=O)(O)OP(=O)(O)OCC4C(C(C(O4)N5C=NC6=C(N=CN=C65)N)O)O)O)O)O
s_0689	FADH2	fadh2	CHEBI:58307	C01352	MNXM38	CC1=CC2=C(C=C1C)N(C3=C(N2)C(=O)NC(=O)N3)CC(C(C(COP(=O)(O)OP(=O)(O)OCC4C(C(C(O4)N5C=NC6=C(N=CN=C65)N)O)O)O)O)O
s_0690	FADH2	fadh2	CHEBI:58307	C01352	MNXM38	CC1=CC2=C(C=C1C)N(C3=C(N2)C(=O)NC(=O)N3)CC(C(C(COP(=O)(O)OP(=O)(O)OCC4C(C(C(O4)N5C=NC6=C(N=CN=C65)N)O)O)O)O)O
s_0692	farnesyl diphosphate	frdp	CHEBI:175763	C00448	MNXM34	CC(=CCCC(=CCCC(=CCOP(=O)(O)OP(=O)(O)O)C)C)C
s_0694	fatty acid backbone		CHEBI:35366	C00162	MNXM72	
s_0699	fecosterol	fecost	CHEBI:17038	C04525	MNXM1741	CC(C)C(=C)CCC(C)C1CCC2C1(CCC3=C2CCC4C3(CCC(C4)O)C)C
s_0700	fecosterol	fecost	CHEBI:17038	C04525	MNXM1741	CC(C)C(=C)CCC(C)C1CCC2C1(CCC3=C2CCC4C3(CCC(C4)O)C)C
s_0702	fecosterol	fecost	CHEBI:17038	C04525	MNXM1741	CC(C)C(=C)CCC(C)C1CCC2C1(CCC3=C2CCC4C3(CCC(C4)O)C)C
s_0703	fecosterol	fecost	CHEBI:17038	C04525	MNXM1741	CC(C)C(=C)CCC(C)C1CCC2C1(CCC3=C2CCC4C3(CCC(C4)O)C)C
s_0709	ferricytochrome c	ficytc	CHEBI:15991	C00125	MNXM5749	CC1=C(C2=CC3=NC(=CC4=C(C(=C([N-]4)C=C5C(=C(C(=N5)C=C1[N-]2)C(C)SCC(C(=O)NC)N)C)C(C)SCC(C(=O)NC)N)C)C(=C3CCC(=O)O)C)CCC(=O)O.[Fe+2]
s_0710	ferrocytochrome c	focytc	CHEBI:16928	C00126	MNXM746	CC1=C(C2=CC3=NC(=CC4=C(C(=C([N-]4)C=C5C(=C(C(=N5)C=C1[N-]2)C(C)SCC(C(=O)NC)N)C)C(C)SCC(C(=O)NC)N)C)C(=C3CCC(=O)O)C)CCC(=O)O.[Fe+2]
s_0712	ferroheme b	pheme	CHEBI:60344	C00032	MNXM249	CC1=C(C2=CC3=NC(=CC4=C(C(=C([N-]4)C=C5C(=C(C(=N5)C=C1[N-]2)C=C)C)C=C)C)C(=C3CCC(=O)O)C)CCC(=O)O.[Fe]
s_0713	fMet-tRNA(fMet)	fmettrna	CHEBI:17119	C03294	MNXM95381	
s_0714	FMN	fmn	CHEBI:58210	C00061	MNXM119	CC1=CC2=C(C=C1C)N(C3=NC(=O)NC(=O)C3=N2)CC(C(C(COP(=O)(O)O)O)O)O
s_0715	FMN	fmn	CHEBI:58210	C00061	MNXM119	CC1=CC2=C(C=C1C)N(C3=NC(=O)NC(=O)C3=N2)CC(C(C(COP(=O)(O)O)O)O)O
s_0716	FMN	fmn	CHEBI:58210	C00061	MNXM119	CC1=CC2=C(C=C1C)N(C3=NC(=O)NC(=O)C3=N2)CC(C(C(COP(=O)(O)O)O)O)O
s_0717	FMNH2	fmnh2	CHEBI:57618	C01847	MNXM208	CC1=CC2=C(C=C1C)N(C3=C(N2)C(=O)NC(=O)N3)CC(C(C(COP(=O)(O)O)O)O)O
s_0719	folate	fol	CHEBI:62501	C00504	MNXM617	C1=CC(=CC=C1C(=O)NC(CCC(=O)O)C(=O)O)NCC2=CN=C3C(=N2)C(=O)NC(=N3)N
s_0720	folate	fol	CHEBI:62501	C00504	MNXM617	C1=CC(=CC=C1C(=O)NC(CCC(=O)O)C(=O)O)NCC2=CN=C3C(=N2)C(=O)NC(=N3)N
s_0721	formaldehyde	fald	CHEBI:16842	C00067	MNXM56	C=O
s_0722	formate	for	CHEBI:15740	C00058	MNXM39	C(=O)[O-]
s_0723	formate	for	CHEBI:15740	C00058	MNXM39	C(=O)[O-]
s_0724	formate	for	CHEBI:15740	C00058	MNXM39	C(=O)[O-]
s_0725	fumarate	fum	CHEBI:29806	C00122	MNXM93	C(=CC(=O)[O-])C(=O)[O-]
s_0726	fumarate	fum	CHEBI:29806	C00122	MNXM93	C(=CC(=O)[O-])C(=O)[O-]
s_0727	fumarate	fum	CHEBI:29806	C00122	MNXM93	C(=CC(=O)[O-])C(=O)[O-]
s_0734	gamma-aminobutyrate	4abut	CHEBI:16865	C00334	MNXM192	C(CC(=O)O)CN
s_0736	gamma-aminobutyrate	4abut	CHEBI:16865	C00334	MNXM192	C(CC(=O)O)CN
s_0738	gamma-aminobutyrate	4abut	CHEBI:16865	C00334	MNXM192	C(CC(=O)O)CN
s_0739	GDP	gdp	CHEBI:58189	C00035	MNXM30	C1=NC2=C(N1C3C(C(C(O3)COP(=O)(O)OP(=O)(O)O)O)O)N=C(NC2=O)N
s_0740	GDP	gdp	CHEBI:58189	C00035	MNXM30	C1=NC2=C(N1C3C(C(C(O3)COP(=O)(O)OP(=O)(O)O)O)O)N=C(NC2=O)N
s_0741	GDP	gdp	CHEBI:58189	C00035	MNXM30	C1=NC2=C(N1C3C(C(C(O3)COP(=O)(O)OP(=O)(O)O)O)O)N=C(NC2=O)N
s_0742	GDP	gdp	CHEBI:58189	C00035	MNXM30	C1=NC2=C(N1C3C(C(C(O3)COP(=O)(O)OP(=O)(O)O)O)O)N=C(NC2=O)N
s_0743	GDP-alpha-D-mannose	gdpmann	CHEBI:57527	C00096	MNXM82	C1=NC2=C(N1C3C(C(C(O3)COP(=O)(O)OP(=O)(O)OC4C(C(C(C(O4)CO)O)O)O)O)O)N=C(NC2=O)N
s_0744	GDP-alpha-D-mannose	gdpmann	CHEBI:57527	C00096	MNXM82	C1=NC2=C(N1C3C(C(C(O3)COP(=O)(O)OP(=O)(O)OC4C(C(C(C(O4)CO)O)O)O)O)O)N=C(NC2=O)N
s_0745	geranyl diphosphate	grdp	CHEBI:58057	C00341	MNXM100	CC(=CCCC(=CCOP(=O)(O)OP(=O)(O)O)C)C
s_0746	geranylgeranyl diphosphate	ggdp	CHEBI:58756	C00353	MNXM139	CC(=CCCC(=CCCC(=CCCC(=CCOP(=O)(O)OP(=O)(O)O)C)C)C)C
s_0747	Gln-tRNA(Gln)	glntrna	CHEBI:29166	C02282	MNXM89810	
s_0748	Glu-tRNA(Glu)	glutrna	CHEBI:29157	C02987	MNXM89752	
s_0749	Glu-tRNA(Glu)	glutrna	CHEBI:29157	C02987	MNXM89752	
s_0750	glutathione	gthrd	CHEBI:57925	C00051	MNXM57	C(CC(=O)NC(CS)C(=O)NCC(=O)O)C(C(=O)O)N
s_0751	glutathione	gthrd	CHEBI:57925	C00051	MNXM57	C(CC(=O)NC(CS)C(=O)NCC(=O)O)C(C(=O)O)N
s_0752	glutathione	gthrd	CHEBI:57925	C00051	MNXM57	C(CC(=O)NC(CS)C(=O)NCC(=O)O)C(C(=O)O)N
s_0753	glutathione	gthrd	CHEBI:57925	C00051	MNXM57	C(CC(=O)NC(CS)C(=O)NCC(=O)O)C(C(=O)O)N
s_0754	glutathione disulfide	gthox	CHEBI:58297	C00127	MNXM151	C(CC(=O)NC(CSSCC(C(=O)NCC(=O)O)NC(=O)CCC(C(=O)O)N)C(=O)NCC(=O)O)C(C(=O)O)N
s_0755	glutathione disulfide	gthox	CHEBI:58297	C00127	MNXM151	C(CC(=O)NC(CSSCC(C(=O)NCC(=O)O)NC(=O)CCC(C(=O)O)N)C(=O)NCC(=O)O)C(C(=O)O)N
s_0756	glutathione disulfide	gthox	CHEBI:58297	C00127	MNXM151	C(CC(=O)NC(CSSCC(C(=O)NCC(=O)O)NC(=O)CCC(C(=O)O)N)C(=O)NCC(=O)O)C(C(=O)O)N
s_0757	Gly-tRNA(Gly)	glytrna	CHEBI:29156	C02412	MNXM89763	
s_0764	glyceraldehyde 3-phosphate	g3p	CHEBI:58027	C00661	MNXM74	C(C(C=O)O)OP(=O)(O)O
s_0765	glycerol	glyc	CHEBI:17754	C00116	MNXM89612	C(C(CO)O)O
s_0766	glycerol	glyc	CHEBI:17754	C00116	MNXM89612	C(C(CO)O)O
s_0767	glycerol 3-phosphate	glyc3p	CHEBI:57597	C00093	MNXM66	C(C(COP(=O)(O)O)O)O
s_0769	glycerol 3-phosphate	glyc3p	CHEBI:57597	C00093	MNXM66	C(C(COP(=O)(O)O)O)O
s_0770	glycerol 3-phosphate	glyc3p	CHEBI:57597	C00093	MNXM66	C(C(COP(=O)(O)O)O)O
s_0771	glycerone	dha	CHEBI:16016	C00184	MNXM460	C(C(=O)CO)O
s_0773	glycogen	glycogen	CHEBI:28087	C00182	MNXM55375	C(C1C(C(C(C(O1)OCC2C(C(C(C(O2)OC3C(OC(C(C3O)O)O)CO)O)O)OC4C(C(C(C(O4)CO)O)O)O)O)O)O)O
s_0774	glycogen	glycogen	CHEBI:28087	C00182	MNXM55375	C(C1C(C(C(C(O1)OCC2C(C(C(C(O2)OC3C(OC(C(C3O)O)O)CO)O)O)OC4C(C(C(C(O4)CO)O)O)O)O)O)O)O
s_0775	glycolaldehyde	gcald	CHEBI:17071	C00266	MNXM349	C(C=O)O
s_0776	glycolaldehyde	gcald	CHEBI:17071	C00266	MNXM349	C(C=O)O
s_0777	glycolaldehyde	gcald	CHEBI:17071	C00266	MNXM349	C(C=O)O
s_0779	glyoxylate	glx	CHEBI:36655	C00048	MNXM69	C(=O)C(=O)[O-]
s_0780	glyoxylate	glx	CHEBI:36655	C00048	MNXM69	C(=O)C(=O)[O-]
s_0781	glyoxylate	glx	CHEBI:36655	C00048	MNXM69	C(=O)C(=O)[O-]
s_0782	GMP	gmp	CHEBI:58115	C00144	MNXM113	C1=NC2=C(N1C3C(C(C(O3)COP(=O)(O)O)O)O)N=C(NC2=O)N
s_0783	GMP	gmp	CHEBI:58115	C00144	MNXM113	C1=NC2=C(N1C3C(C(C(O3)COP(=O)(O)O)O)O)N=C(NC2=O)N
s_0785	GTP	gtp	CHEBI:57600	C00044	MNXM51	C1=NC2=C(N1C3C(C(C(O3)COP(=O)(O)OP(=O)(O)OP(=O)(O)O)O)O)N=C(NC2=O)N
s_0786	GTP	gtp	CHEBI:57600	C00044	MNXM51	C1=NC2=C(N1C3C(C(C(O3)COP(=O)(O)OP(=O)(O)OP(=O)(O)O)O)O)N=C(NC2=O)N
s_0787	guanine	gua	CHEBI:16235	C00242	MNXM259	C1=NC2=C(N1)C(=O)NC(=N2)N
s_0788	guanine	gua	CHEBI:16235	C00242	MNXM259	C1=NC2=C(N1)C(=O)NC(=N2)N
s_0789	guanine	gua	CHEBI:16235	C00242	MNXM259	C1=NC2=C(N1)C(=O)NC(=N2)N
s_0790	guanosine	gsn	CHEBI:16750	C00387	MNXM401	C1=NC2=C(N1C3C(C(C(O3)CO)O)O)N=C(NC2=O)N
s_0791	guanosine	gsn	CHEBI:16750	C00387	MNXM401	C1=NC2=C(N1C3C(C(C(O3)CO)O)O)N=C(NC2=O)N
s_0792	guanosine	gsn	CHEBI:16750	C00387	MNXM401	C1=NC2=C(N1C3C(C(C(O3)CO)O)O)N=C(NC2=O)N
s_0793	H+	h	CHEBI:24636	C00080	MNXM1	[H+]
s_0794	H+	h	CHEBI:24636	C00080	MNXM1	[H+]
s_0795	H+	h	CHEBI:24636	C00080	MNXM1	[H+]
s_0796	H+	h	CHEBI:24636	C00080	MNXM1	[H+]
s_0797	H+	h	CHEBI:24636	C00080	MNXM1	[H+]
s_0798	H+	h	CHEBI:24636	C00080	MNXM1	[H+]
s_0799	H+	h	CHEBI:24636	C00080	MNXM1	[H+]
s_0800	H+	h	CHEBI:24636	C00080	MNXM1	[H+]
s_0801	H+	h	CHEBI:24636	C00080	MNXM1	[H+]
s_0802	H+	h	CHEBI:24636	C00080	MNXM1	[H+]
s_0803	H2O	h2o	CHEBI:15377	C00001	MNXM2	O
s_0804	H2O	h2o	CHEBI:15377	C00001	MNXM2	O
s_0805	H2O	h2o	CHEBI:15377	C00001	MNXM2	O
s_0806	H2O	h2o	CHEBI:15377	C00001	MNXM2	O
s_0807	H2O	h2o	CHEBI:15377	C00001	MNXM2	O
s_0808	H2O	h2o	CHEBI:15377	C00001	MNXM2	O
s_0809	H2O	h2o	CHEBI:15377	C00001	MNXM2	O
s_0810	H2O	h2o	CHEBI:15377	C00001	MNXM2	O
s_0811	heme a	hemeA	CHEBI:24479	C15670	MNXM53309	CC1=C(C2=CC3=NC(=CC4=C(C(=C([N-]4)C=C5C(=C(C(=N5)C=C1[N-]2)C(CCC=C(C)CCC=C(C)CCC=C(C)C)O)C)C=O)CCC(=O)O)C(=C3C)CCC(=O)O)C=C.[Fe]
s_0812	heme o	hemeO	CHEBI:24480	C15672	MNXM1278	CC1=C(C2=CC3=NC(=CC4=C(C(=C([N-]4)C=C5C(=C(C(=N5)C=C1[N-]2)C=C)C)C(CCC=C(C)CCC=C(C)CCC=C(C)C)O)C)C(=C3CCC(=O)O)C)CCC(=O)O.[Fe+2]
s_0813	henicosaprenyl diphosphate		CHEBI:53032		MNXM56060	CC(=CCCC(=CCCC(=CCCC(=CCCC(=CCCC(=CCCC(=CCCC(=CCCC(=CCCC(=CCCC(=CCCC(=CCCC(=CCCC(=CCCC(=CCCC(=CCCC(=CCCC(=CCCC(=CCCC(=CCCC(=CCOP(=O)(O)OP(=O)(O)O)C)C)C)C)C)C)C)C)C)C)C)C)C)C)C)C)C)C)C)C)C
s_0814	heptadecaprenyl diphosphate		CHEBI:53036		MNXM56121	CC(=CCCC(=CCCC(=CCCC(=CCCC(=CCCC(=CCCC(=CCCC(=CCCC(=CCCC(=CCCC(=CCCC(=CCCC(=CCCC(=CCCC(=CCCC(=CCCC(=CCOP(=O)(O)OP(=O)(O)O)C)C)C)C)C)C)C)C)C)C)C)C)C)C)C)C)C
s_0815	heptaprenyl diphosphate	hepdp	CHEBI:53046	C04216	MNXM1722	CC(=CCCC(=CCCC(=CCCC(=CCCC(=CCCC(=CCCC(=CCOP(=O)(O)OP(=O)(O)O)C)C)C)C)C)C)C
s_0816	hexacosanoyl-CoA	hexccoa	CHEBI:52966		MNXM1190	CCCCCCCCCCCCCCCCCCCCCCCCCC(=O)SCCNC(=O)CCNC(=O)C(C(C)(C)COP(=O)(O)OP(=O)(O)OCC1C(C(C(O1)N2C=NC3=C(N=CN=C32)N)O)OP(=O)(O)O)O
s_0817	hexacosanoyl-CoA	hexccoa	CHEBI:52966		MNXM1190	CCCCCCCCCCCCCCCCCCCCCCCCCC(=O)SCCNC(=O)CCNC(=O)C(C(C)(C)COP(=O)(O)OP(=O)(O)OCC1C(C(C(O1)N2C=NC3=C(N=CN=C32)N)O)OP(=O)(O)O)O
s_0819	hexacosanoyl-CoA	hexccoa	CHEBI:52966		MNXM1190	CCCCCCCCCCCCCCCCCCCCCCCCCC(=O)SCCNC(=O)CCNC(=O)C(C(C)(C)COP(=O)(O)OP(=O)(O)OCC1C(C(C(O1)N2C=NC3=C(N=CN=C32)N)O)OP(=O)(O)O)O
s_0823	hexadec-2-enoyl-CoA	hdd2coa		C05272	MNXM581	CCCCCCCCCCCCCC=CC(=O)SCCNC(=O)CCNC(=O)C(C(C)(C)COP(=O)(O)OP(=O)(O)OCC1C(C(C(O1)N2C=NC3=C(N=CN=C32)N)O)OP(=O)(O)O)O
s_0825	hexadecanal	hxdcal	CHEBI:17600	C00517	MNXM528	CCCCCCCCCCCCCCCC=O
s_0826	hexadecanal	hxdcal	CHEBI:17600	C00517	MNXM528	CCCCCCCCCCCCCCCC=O
s_0829	hexadecaprenyl diphosphate		CHEBI:53037		MNXM56347	CC(=CCCC(=CCCC(=CCCC(=CCCC(=CCCC(=CCCC(=CCCC(=CCCC(=CCCC(=CCCC(=CCCC(=CCCC(=CCCC(=CCCC(=CCCC(=CCOP(=O)(O)OP(=O)(O)O)C)C)C)C)C)C)C)C)C)C)C)C)C)C)C)C
s_0830	hexaprenyl diphosphate	hexdp	CHEBI:53047	C01230	MNXM1067	CC(=CCCC(=CCCC(=CCCC(=CCCC(=CCCC(=CCOP(=O)(O)OP(=O)(O)O)C)C)C)C)C)C
s_0831	hexaprenyl diphosphate	hexdp	CHEBI:53047	C01230	MNXM1067	CC(=CCCC(=CCCC(=CCCC(=CCCC(=CCCC(=CCOP(=O)(O)OP(=O)(O)O)C)C)C)C)C)C
s_0832	His-tRNA(His)	histrna	CHEBI:29155	C02988	MNXM89831	
s_0833	His-tRNA(His)	histrna	CHEBI:29155	C02988	MNXM89831	
s_0834	homocitrate		CHEBI:36457	C01251	MNXM722779	C(CC(CC(=O)O)(C(=O)O)O)C(=O)O
s_0835	homocitrate		CHEBI:36457	C01251	MNXM722779	C(CC(CC(=O)O)(C(=O)O)O)C(=O)O
s_0836	homoisocitrate	hicit	CHEBI:30904	C05662	MNXM984	C(CC(=O)O)C(C(C(=O)O)O)C(=O)O
s_0837	hydrogen peroxide	h2o2	CHEBI:16240	C00027	MNXM22	OO
s_0838	hydrogen peroxide	h2o2	CHEBI:16240	C00027	MNXM22	OO
s_0839	hydrogen peroxide	h2o2	CHEBI:16240	C00027	MNXM22	OO
s_0840	hydrogen peroxide	h2o2	CHEBI:16240	C00027	MNXM22	OO
s_0841	hydrogen sulfide	h2s	CHEBI:16136	C00283	MNXM124865	S
s_0843	hypoxanthine	hxan	CHEBI:17368	C00262	MNXM213	C1=NC2=C(N1)C(=O)NC=N2
s_0844	hypoxanthine	hxan	CHEBI:17368	C00262	MNXM213	C1=NC2=C(N1)C(=O)NC=N2
s_0845	icosaprenyl diphosphate		CHEBI:53033		MNXM57076	CC(=CCCC(=CCCC(=CCCC(=CCCC(=CCCC(=CCCC(=CCCC(=CCCC(=CCCC(=CCCC(=CCCC(=CCCC(=CCCC(=CCCC(=CCCC(=CCCC(=CCCC(=CCCC(=CCCC(=CCOP(=O)(O)OP(=O)(O)O)C)C)C)C)C)C)C)C)C)C)C)C)C)C)C)C)C)C)C)C
s_0846	IDP	idp	CHEBI:58280	C00104	MNXM495	C1=NC2=C(C(=O)N1)N=CN2C3C(C(C(O3)COP(=O)(O)OP(=O)(O)O)O)O
s_0847	Ile-tRNA(Ile)	iletrna	CHEBI:29160	C03127	MNXM89832	
s_0848	Ile-tRNA(Ile)	iletrna	CHEBI:29160	C03127	MNXM89832	
s_0849	IMP	imp	CHEBI:58053	C00130	MNXM125	C1=NC2=C(C(=O)N1)N=CN2C3C(C(C(O3)COP(=O)(O)O)O)O
s_0850	indol-3-ylacetaldehyde	id3acald	CHEBI:18086	C00637	MNXM518	C1=CC=C2C(=C1)C(=CN2)CC=O
s_0851	indol-3-ylacetaldehyde	id3acald	CHEBI:18086	C00637	MNXM518	C1=CC=C2C(=C1)C(=CN2)CC=O
s_0852	indol-3-ylacetaldehyde	id3acald	CHEBI:18086	C00637	MNXM518	C1=CC=C2C(=C1)C(=CN2)CC=O
s_0853	indole-3-acetate	ind3ac	CHEBI:30854	C00954	MNXM383	C1=CC=C2C(=C1)C(=CN2)CC(=O)[O-]
s_0854	indole-3-acetate	ind3ac	CHEBI:30854	C00954	MNXM383	C1=CC=C2C(=C1)C(=CN2)CC(=O)[O-]
s_0855	indole-3-pyruvate	indpyr	CHEBI:17640	C00331	MNXM315	C1=CC=C2C(=C1)C(=CN2)CC(=O)C(=O)O
s_0856	inosine	ins	CHEBI:17596	C00294	MNXM334	C1=NC2=C(C(=O)N1)N=CN2C3C(C(C(O3)CO)O)O
s_0857	inosine	ins	CHEBI:17596	C00294	MNXM334	C1=NC2=C(C(=O)N1)N=CN2C3C(C(C(O3)CO)O)O
s_0859	inositol phosphomannosylinositol phosphoceramide backbone		CHEBI:62682		MNXM57447	
s_0861	inositol phosphomannosylinositol phosphoceramide A (C24)		CHEBI:60439		MNXM57464	CCCCCCCCCCCCCCCCCCCCCCCC(=O)NC(COP(=O)(O)OC1C(C(C(C(C1OC2C(C(C(C(O2)COP(=O)(O)OC3C(C(C(C(C3O)O)O)O)O)O)O)O)O)O)O)O)C(CCCCCCCCCCCCCCC)O
s_0862	inositol phosphomannosylinositol phosphoceramide A (C24)		CHEBI:60439		MNXM57464	CCCCCCCCCCCCCCCCCCCCCCCC(=O)NC(COP(=O)(O)OC1C(C(C(C(C1OC2C(C(C(C(O2)COP(=O)(O)OC3C(C(C(C(C3O)O)O)O)O)O)O)O)O)O)O)O)C(CCCCCCCCCCCCCCC)O
s_0863	inositol phosphomannosylinositol phosphoceramide A (C24)		CHEBI:60439		MNXM57464	CCCCCCCCCCCCCCCCCCCCCCCC(=O)NC(COP(=O)(O)OC1C(C(C(C(C1OC2C(C(C(C(O2)COP(=O)(O)OC3C(C(C(C(C3O)O)O)O)O)O)O)O)O)O)O)O)C(CCCCCCCCCCCCCCC)O
s_0864	inositol phosphomannosylinositol phosphoceramide A (C26)		CHEBI:62715		MNXM527419	CCCCCCCCCCCCCCCCCCCCCCCCCC(=O)NC(COP(=O)(O)OC1C(C(C(C(C1OC2C(C(C(C(O2)COP(=O)(O)OC3C(C(C(C(C3O)O)O)O)O)O)O)O)O)O)O)O)C(CCCCCCCCCCCCCCCCC)O
s_0865	inositol phosphomannosylinositol phosphoceramide A (C26)		CHEBI:62715		MNXM527419	CCCCCCCCCCCCCCCCCCCCCCCCCC(=O)NC(COP(=O)(O)OC1C(C(C(C(C1OC2C(C(C(C(O2)COP(=O)(O)OC3C(C(C(C(C3O)O)O)O)O)O)O)O)O)O)O)O)C(CCCCCCCCCCCCCCCCC)O
s_0866	inositol phosphomannosylinositol phosphoceramide A (C26)		CHEBI:62715		MNXM527419	CCCCCCCCCCCCCCCCCCCCCCCCCC(=O)NC(COP(=O)(O)OC1C(C(C(C(C1OC2C(C(C(C(O2)COP(=O)(O)OC3C(C(C(C(C3O)O)O)O)O)O)O)O)O)O)O)O)C(CCCCCCCCCCCCCCCCC)O
s_0867	inositol phosphomannosylinositol phosphoceramide B (C24)		CHEBI:60443		MNXM527425	CCCCCCCCCCCCCCCCCCCCCCCC(=O)NC(COP(=O)(O)OC1C(C(C(C(C1OC2C(C(C(C(O2)COP(=O)(O)OC3C(C(C(C(C3O)O)O)O)O)O)O)O)O)O)O)O)C(C(CCCCCCCCCCCCCC)O)O
s_0868	inositol phosphomannosylinositol phosphoceramide B (C24)		CHEBI:60443		MNXM527425	CCCCCCCCCCCCCCCCCCCCCCCC(=O)NC(COP(=O)(O)OC1C(C(C(C(C1OC2C(C(C(C(O2)COP(=O)(O)OC3C(C(C(C(C3O)O)O)O)O)O)O)O)O)O)O)O)C(C(CCCCCCCCCCCCCC)O)O
s_0869	inositol phosphomannosylinositol phosphoceramide B (C24)		CHEBI:60443		MNXM527425	CCCCCCCCCCCCCCCCCCCCCCCC(=O)NC(COP(=O)(O)OC1C(C(C(C(C1OC2C(C(C(C(O2)COP(=O)(O)OC3C(C(C(C(C3O)O)O)O)O)O)O)O)O)O)O)O)C(C(CCCCCCCCCCCCCC)O)O
s_0870	inositol phosphomannosylinositol phosphoceramide B (C26)		CHEBI:62719		MNXM527421	CCCCCCCCCCCCCCCCCCCCCCCCCC(=O)NC(COP(=O)(O)OC1C(C(C(C(C1OC2C(C(C(C(O2)COP(=O)(O)OC3C(C(C(C(C3O)O)O)O)O)O)O)O)O)O)O)O)C(C(CCCCCCCCCCCCCCCC)O)O
s_0871	inositol phosphomannosylinositol phosphoceramide B (C26)		CHEBI:62719		MNXM527421	CCCCCCCCCCCCCCCCCCCCCCCCCC(=O)NC(COP(=O)(O)OC1C(C(C(C(C1OC2C(C(C(C(O2)COP(=O)(O)OC3C(C(C(C(C3O)O)O)O)O)O)O)O)O)O)O)O)C(C(CCCCCCCCCCCCCCCC)O)O
s_0872	inositol phosphomannosylinositol phosphoceramide B (C26)		CHEBI:62719		MNXM527421	CCCCCCCCCCCCCCCCCCCCCCCCCC(=O)NC(COP(=O)(O)OC1C(C(C(C(C1OC2C(C(C(C(O2)COP(=O)(O)OC3C(C(C(C(C3O)O)O)O)O)O)O)O)O)O)O)O)C(C(CCCCCCCCCCCCCCCC)O)O
s_0873	inositol phosphomannosylinositol phosphoceramide B' (C24)		CHEBI:60441		MNXM527422	CCCCCCCCCCCCCCCCCCCCCCC(C(=O)NC(COP(=O)(O)OC1C(C(C(C(C1OC2C(C(C(C(O2)COP(=O)(O)OC3C(C(C(C(C3O)O)O)O)O)O)O)O)O)O)O)O)C(CCCCCCCCCCCCCCC)O)O
s_0874	inositol phosphomannosylinositol phosphoceramide B' (C24)		CHEBI:60441		MNXM527422	CCCCCCCCCCCCCCCCCCCCCCC(C(=O)NC(COP(=O)(O)OC1C(C(C(C(C1OC2C(C(C(C(O2)COP(=O)(O)OC3C(C(C(C(C3O)O)O)O)O)O)O)O)O)O)O)O)C(CCCCCCCCCCCCCCC)O)O
s_0875	inositol phosphomannosylinositol phosphoceramide B' (C24)		CHEBI:60441		MNXM527422	CCCCCCCCCCCCCCCCCCCCCCC(C(=O)NC(COP(=O)(O)OC1C(C(C(C(C1OC2C(C(C(C(O2)COP(=O)(O)OC3C(C(C(C(C3O)O)O)O)O)O)O)O)O)O)O)O)C(CCCCCCCCCCCCCCC)O)O
s_0876	inositol phosphomannosylinositol phosphoceramide B' (C26)		CHEBI:62717		MNXM527418	CCCCCCCCCCCCCCCCCCCCCCCCC(C(=O)NC(COP(=O)(O)OC1C(C(C(C(C1OC2C(C(C(C(O2)COP(=O)(O)OC3C(C(C(C(C3O)O)O)O)O)O)O)O)O)O)O)O)C(CCCCCCCCCCCCCCCCC)O)O
s_0877	inositol phosphomannosylinositol phosphoceramide B' (C26)		CHEBI:62717		MNXM527418	CCCCCCCCCCCCCCCCCCCCCCCCC(C(=O)NC(COP(=O)(O)OC1C(C(C(C(C1OC2C(C(C(C(O2)COP(=O)(O)OC3C(C(C(C(C3O)O)O)O)O)O)O)O)O)O)O)O)C(CCCCCCCCCCCCCCCCC)O)O
s_0878	inositol phosphomannosylinositol phosphoceramide B' (C26)		CHEBI:62717		MNXM527418	CCCCCCCCCCCCCCCCCCCCCCCCC(C(=O)NC(COP(=O)(O)OC1C(C(C(C(C1OC2C(C(C(C(O2)COP(=O)(O)OC3C(C(C(C(C3O)O)O)O)O)O)O)O)O)O)O)O)C(CCCCCCCCCCCCCCCCC)O)O
s_0879	inositol phosphomannosylinositol phosphoceramide C (C24)		CHEBI:60445		MNXM527424	CCCCCCCCCCCCCCCCCCCCCCC(C(=O)NC(COP(=O)(O)OC1C(C(C(C(C1OC2C(C(C(C(O2)COP(=O)(O)OC3C(C(C(C(C3O)O)O)O)O)O)O)O)O)O)O)O)C(C(CCCCCCCCCCCCCC)O)O)O
s_0880	inositol phosphomannosylinositol phosphoceramide C (C24)		CHEBI:60445		MNXM527424	CCCCCCCCCCCCCCCCCCCCCCC(C(=O)NC(COP(=O)(O)OC1C(C(C(C(C1OC2C(C(C(C(O2)COP(=O)(O)OC3C(C(C(C(C3O)O)O)O)O)O)O)O)O)O)O)O)C(C(CCCCCCCCCCCCCC)O)O)O
s_0881	inositol phosphomannosylinositol phosphoceramide C (C24)		CHEBI:60445		MNXM527424	CCCCCCCCCCCCCCCCCCCCCCC(C(=O)NC(COP(=O)(O)OC1C(C(C(C(C1OC2C(C(C(C(O2)COP(=O)(O)OC3C(C(C(C(C3O)O)O)O)O)O)O)O)O)O)O)O)C(C(CCCCCCCCCCCCCC)O)O)O
s_0882	inositol phosphomannosylinositol phosphoceramide C (C26)		CHEBI:53005		MNXM57469	CCCCCCCCCCCCCCCCCCCCCCCCC(C(=O)NC(COP(=O)([O-])OC1C(C(C(C(C1OC2C(C(C(C(O2)COP(=O)([O-])OC3C(C(C(C(C3O)O)O)O)O)O)O)O)O)O)O)O)C(C(CCCCCCCCCCCCCC)O)O)O
s_0883	inositol phosphomannosylinositol phosphoceramide C (C26)		CHEBI:53005		MNXM57469	CCCCCCCCCCCCCCCCCCCCCCCCC(C(=O)NC(COP(=O)([O-])OC1C(C(C(C(C1OC2C(C(C(C(O2)COP(=O)([O-])OC3C(C(C(C(C3O)O)O)O)O)O)O)O)O)O)O)O)C(C(CCCCCCCCCCCCCC)O)O)O
s_0884	inositol phosphomannosylinositol phosphoceramide C (C26)		CHEBI:53005		MNXM57469	CCCCCCCCCCCCCCCCCCCCCCCCC(C(=O)NC(COP(=O)([O-])OC1C(C(C(C(C1OC2C(C(C(C(O2)COP(=O)([O-])OC3C(C(C(C(C3O)O)O)O)O)O)O)O)O)O)O)O)C(C(CCCCCCCCCCCCCC)O)O)O
s_0885	inositol phosphomannosylinositol phosphoceramide D (C24)		CHEBI:60446		MNXM527423	CCCCCCCCCCCCCCCCCCCCCC(C(C(=O)NC(COP(=O)(O)OC1C(C(C(C(C1OC2C(C(C(C(O2)COP(=O)(O)OC3C(C(C(C(C3O)O)O)O)O)O)O)O)O)O)O)O)C(C(CCCCCCCCCCCCCC)O)O)O)O
s_0886	inositol phosphomannosylinositol phosphoceramide D (C24)		CHEBI:60446		MNXM527423	CCCCCCCCCCCCCCCCCCCCCC(C(C(=O)NC(COP(=O)(O)OC1C(C(C(C(C1OC2C(C(C(C(O2)COP(=O)(O)OC3C(C(C(C(C3O)O)O)O)O)O)O)O)O)O)O)O)C(C(CCCCCCCCCCCCCC)O)O)O)O
s_0887	inositol phosphomannosylinositol phosphoceramide D (C24)		CHEBI:60446		MNXM527423	CCCCCCCCCCCCCCCCCCCCCC(C(C(=O)NC(COP(=O)(O)OC1C(C(C(C(C1OC2C(C(C(C(O2)COP(=O)(O)OC3C(C(C(C(C3O)O)O)O)O)O)O)O)O)O)O)O)C(C(CCCCCCCCCCCCCC)O)O)O)O
s_0888	inositol phosphomannosylinositol phosphoceramide D (C26)		CHEBI:62684		MNXM527420	CCCCCCCCCCCCCCCCCCCCCCCC(C(C(=O)NC(COP(=O)(O)OC1C(C(C(C(C1OC2C(C(C(C(O2)COP(=O)(O)OC3C(C(C(C(C3O)O)O)O)O)O)O)O)O)O)O)O)C(C(CCCCCCCCCCCCCCCC)O)O)O)O
s_0889	inositol phosphomannosylinositol phosphoceramide D (C26)		CHEBI:62684		MNXM527420	CCCCCCCCCCCCCCCCCCCCCCCC(C(C(=O)NC(COP(=O)(O)OC1C(C(C(C(C1OC2C(C(C(C(O2)COP(=O)(O)OC3C(C(C(C(C3O)O)O)O)O)O)O)O)O)O)O)O)C(C(CCCCCCCCCCCCCCCC)O)O)O)O
s_0890	inositol phosphomannosylinositol phosphoceramide D (C26)		CHEBI:62684		MNXM527420	CCCCCCCCCCCCCCCCCCCCCCCC(C(C(=O)NC(COP(=O)(O)OC1C(C(C(C(C1OC2C(C(C(C(O2)COP(=O)(O)OC3C(C(C(C(C3O)O)O)O)O)O)O)O)O)O)O)O)C(C(CCCCCCCCCCCCCCCC)O)O)O)O
s_0892	inositol-P-ceramide backbone		CHEBI:60245		MNXM57446	
s_0894	inositol-P-ceramide A (C24)		CHEBI:60402		MNXM57476	CCCCCCCCCCCCCCCCCCCCCCCC(=O)NC(COP(=O)([O-])OC1C(C(C(C(C1O)O)O)O)O)C(CCCCCCCCCCCCCCC)O
s_0895	inositol-P-ceramide A (C24)		CHEBI:60402		MNXM57476	CCCCCCCCCCCCCCCCCCCCCCCC(=O)NC(COP(=O)([O-])OC1C(C(C(C(C1O)O)O)O)O)C(CCCCCCCCCCCCCCC)O
s_0896	inositol-P-ceramide A (C24)		CHEBI:60402		MNXM57476	CCCCCCCCCCCCCCCCCCCCCCCC(=O)NC(COP(=O)([O-])OC1C(C(C(C(C1O)O)O)O)O)C(CCCCCCCCCCCCCCC)O
s_0897	inositol-P-ceramide A (C26)		CHEBI:60405		MNXM57477	CCCCCCCCCCCCCCCCCCCCCCCCCC(=O)NC(COP(=O)(O)OC1C(C(C(C(C1O)O)O)O)O)C(CCCCCCCCCCCCCCC)O
s_0898	inositol-P-ceramide A (C26)		CHEBI:60405		MNXM57477	CCCCCCCCCCCCCCCCCCCCCCCCCC(=O)NC(COP(=O)(O)OC1C(C(C(C(C1O)O)O)O)O)C(CCCCCCCCCCCCCCC)O
s_0899	inositol-P-ceramide A (C26)		CHEBI:60405		MNXM57477	CCCCCCCCCCCCCCCCCCCCCCCCCC(=O)NC(COP(=O)(O)OC1C(C(C(C(C1O)O)O)O)O)C(CCCCCCCCCCCCCCC)O
s_0900	inositol-P-ceramide B (C24)		CHEBI:60410		MNXM527429	CCCCCCCCCCCCCCCCCCCCCCCC(=O)NC(COP(=O)(O)OC1C(C(C(C(C1O)O)O)O)O)C(C(CCCCCCCCCCCCCC)O)O
s_0901	inositol-P-ceramide B (C24)		CHEBI:60410		MNXM527429	CCCCCCCCCCCCCCCCCCCCCCCC(=O)NC(COP(=O)(O)OC1C(C(C(C(C1O)O)O)O)O)C(C(CCCCCCCCCCCCCC)O)O
s_0902	inositol-P-ceramide B (C24)		CHEBI:60410		MNXM527429	CCCCCCCCCCCCCCCCCCCCCCCC(=O)NC(COP(=O)(O)OC1C(C(C(C(C1O)O)O)O)O)C(C(CCCCCCCCCCCCCC)O)O
s_0903	inositol-P-ceramide B (C26)		CHEBI:60412		MNXM527430	CCCCCCCCCCCCCCCCCCCCCCCCCC(=O)NC(COP(=O)(O)OC1C(C(C(C(C1O)O)O)O)O)C(C(CCCCCCCCCCCCCC)O)O
s_0904	inositol-P-ceramide B (C26)		CHEBI:60412		MNXM527430	CCCCCCCCCCCCCCCCCCCCCCCCCC(=O)NC(COP(=O)(O)OC1C(C(C(C(C1O)O)O)O)O)C(C(CCCCCCCCCCCCCC)O)O
s_0905	inositol-P-ceramide B (C26)		CHEBI:60412		MNXM527430	CCCCCCCCCCCCCCCCCCCCCCCCCC(=O)NC(COP(=O)(O)OC1C(C(C(C(C1O)O)O)O)O)C(C(CCCCCCCCCCCCCC)O)O
s_0906	inositol-P-ceramide B' (C24)		CHEBI:60406		MNXM57474	CCCCCCCCCCCCCCCCCCCCCCC(C(=O)NC(COP(=O)(O)OC1C(C(C(C(C1O)O)O)O)O)C(CCCCCCCCCCCCCCC)O)O
s_0907	inositol-P-ceramide B' (C24)		CHEBI:60406		MNXM57474	CCCCCCCCCCCCCCCCCCCCCCC(C(=O)NC(COP(=O)(O)OC1C(C(C(C(C1O)O)O)O)O)C(CCCCCCCCCCCCCCC)O)O
s_0908	inositol-P-ceramide B' (C24)		CHEBI:60406		MNXM57474	CCCCCCCCCCCCCCCCCCCCCCC(C(=O)NC(COP(=O)(O)OC1C(C(C(C(C1O)O)O)O)O)C(CCCCCCCCCCCCCCC)O)O
s_0909	inositol-P-ceramide B' (C26)		CHEBI:60409		MNXM57475	CCCCCCCCCCCCCCCCCCCCCCCCC(C(=O)NC(COP(=O)(O)OC1C(C(C(C(C1O)O)O)O)O)C(CCCCCCCCCCCCCCC)O)O
s_0910	inositol-P-ceramide B' (C26)		CHEBI:60409		MNXM57475	CCCCCCCCCCCCCCCCCCCCCCCCC(C(=O)NC(COP(=O)(O)OC1C(C(C(C(C1O)O)O)O)O)C(CCCCCCCCCCCCCCC)O)O
s_0911	inositol-P-ceramide B' (C26)		CHEBI:60409		MNXM57475	CCCCCCCCCCCCCCCCCCCCCCCCC(C(=O)NC(COP(=O)(O)OC1C(C(C(C(C1O)O)O)O)O)C(CCCCCCCCCCCCCCC)O)O
s_0912	inositol-P-ceramide C (C24)		CHEBI:60413		MNXM527428	CCCCCCCCCCCCCCCCCCCCCCC(C(=O)NC(COP(=O)(O)OC1C(C(C(C(C1O)O)O)O)O)C(C(CCCCCCCCCCCCCC)O)O)O
s_0913	inositol-P-ceramide C (C24)		CHEBI:60413		MNXM527428	CCCCCCCCCCCCCCCCCCCCCCC(C(=O)NC(COP(=O)(O)OC1C(C(C(C(C1O)O)O)O)O)C(C(CCCCCCCCCCCCCC)O)O)O
s_0914	inositol-P-ceramide C (C24)		CHEBI:60413		MNXM527428	CCCCCCCCCCCCCCCCCCCCCCC(C(=O)NC(COP(=O)(O)OC1C(C(C(C(C1O)O)O)O)O)C(C(CCCCCCCCCCCCCC)O)O)O
s_0915	inositol-P-ceramide C (C26)		CHEBI:53004		MNXM57486	CCCCCCCCCCCCCCCCCCCCCCCCC(C(=O)NC(COP(=O)(O)OC1C(C(C(C(C1O)O)O)O)O)C(C(CCCCCCCCCCCCCC)O)O)O
s_0916	inositol-P-ceramide C (C26)		CHEBI:53004		MNXM57486	CCCCCCCCCCCCCCCCCCCCCCCCC(C(=O)NC(COP(=O)(O)OC1C(C(C(C(C1O)O)O)O)O)C(C(CCCCCCCCCCCCCC)O)O)O
s_0917	inositol-P-ceramide C (C26)		CHEBI:53004		MNXM57486	CCCCCCCCCCCCCCCCCCCCCCCCC(C(=O)NC(COP(=O)(O)OC1C(C(C(C(C1O)O)O)O)O)C(C(CCCCCCCCCCCCCC)O)O)O
s_0918	inositol-P-ceramide D (C24)		CHEBI:60414		MNXM527426	CCCCCCCCCCCCCCCCCCCCCC(C(C(=O)NC(COP(=O)([O-])OC1C(C(C(C(C1O)O)O)O)O)C(C(CCCCCCCCCCCCCC)O)O)O)O
s_0919	inositol-P-ceramide D (C24)		CHEBI:60414		MNXM527426	CCCCCCCCCCCCCCCCCCCCCC(C(C(=O)NC(COP(=O)([O-])OC1C(C(C(C(C1O)O)O)O)O)C(C(CCCCCCCCCCCCCC)O)O)O)O
s_0920	inositol-P-ceramide D (C24)		CHEBI:60414		MNXM527426	CCCCCCCCCCCCCCCCCCCCCC(C(C(=O)NC(COP(=O)([O-])OC1C(C(C(C(C1O)O)O)O)O)C(C(CCCCCCCCCCCCCC)O)O)O)O
s_0921	inositol-P-ceramide D (C26)		CHEBI:60415		MNXM527427	CCCCCCCCCCCCCCCCCCCCCCCC(C(C(=O)NC(COP(=O)([O-])OC1C(C(C(C(C1O)O)O)O)O)C(C(CCCCCCCCCCCCCC)O)O)O)O
s_0922	inositol-P-ceramide D (C26)		CHEBI:60415		MNXM527427	CCCCCCCCCCCCCCCCCCCCCCCC(C(C(=O)NC(COP(=O)([O-])OC1C(C(C(C(C1O)O)O)O)O)C(C(CCCCCCCCCCCCCC)O)O)O)O
s_0923	inositol-P-ceramide D (C26)		CHEBI:60415		MNXM527427	CCCCCCCCCCCCCCCCCCCCCCCC(C(C(=O)NC(COP(=O)([O-])OC1C(C(C(C(C1O)O)O)O)O)C(C(CCCCCCCCCCCCCC)O)O)O)O
s_0924	iron(2+)	fe2	CHEBI:29033	C14818	MNXM111	[Fe+2]
s_0925	iron(2+)	fe2	CHEBI:29033	C14818	MNXM111	[Fe+2]
s_0926	iron(2+)	fe2	CHEBI:29033	C14818	MNXM111	[Fe+2]
s_0927	isoamyl acetate	iamac	CHEBI:31725	C12296	MNXM7451	CC(C)CCOC(=O)C
s_0928	isoamyl acetate	iamac	CHEBI:31725	C12296	MNXM7451	CC(C)CCOC(=O)C
s_0929	isoamylol	iamoh	CHEBI:15837	C07328	MNXM1670	CC(C)CCO
s_0930	isoamylol	iamoh	CHEBI:15837	C07328	MNXM1670	CC(C)CCO
s_0931	isoamylol	iamoh	CHEBI:15837	C07328	MNXM1670	CC(C)CCO
s_0932	isobutanol	ibutoh	CHEBI:46645	C14710	MNXM5188	CC(C)CO
s_0933	isobutanol	ibutoh	CHEBI:46645	C14710	MNXM5188	CC(C)CO
s_0934	isobutanol	ibutoh	CHEBI:46645	C14710	MNXM5188	CC(C)CO
s_0935	isobutyl acetate	ibutac	CHEBI:50569		MNXM57835	CC(C)COC(=O)C
s_0936	isobutyl acetate	ibutac	CHEBI:50569		MNXM57835	CC(C)COC(=O)C
s_0937	isobutyraldehyde	2mppal	CHEBI:48943		MNXM5189	CC(C)C=O
s_0938	isobutyraldehyde	2mppal	CHEBI:48943		MNXM5189	CC(C)C=O
s_0939	isobutyraldehyde	2mppal	CHEBI:48943		MNXM5189	CC(C)C=O
s_0940	isocitrate	icit	CHEBI:16087	C00311	MNXM89661	C(C(C(C(=O)O)O)C(=O)O)C(=O)O
s_0941	isocitrate	icit	CHEBI:16087	C00311	MNXM89661	C(C(C(C(=O)O)O)C(=O)O)C(=O)O
s_0942	isocitrate	icit	CHEBI:16087	C00311	MNXM89661	C(C(C(C(=O)O)O)C(=O)O)C(=O)O
s_0943	isopentenyl diphosphate	ipdp	CHEBI:128769	C00129	MNXM83	CC(=C)CCOP(=O)(O)OP(=O)(O)O
s_0944	isopentenyl diphosphate	ipdp	CHEBI:128769	C00129	MNXM83	CC(=C)CCOP(=O)(O)OP(=O)(O)O
s_0945	isopentenyl diphosphate	ipdp	CHEBI:128769	C00129	MNXM83	CC(=C)CCOP(=O)(O)OP(=O)(O)O
s_0946	itaconate	itacon	CHEBI:17240	C00490	MNXM1747	C=C(CC(=O)O)C(=O)O
s_0949	itaconyl-CoA	itaccoa	CHEBI:57381	C00531	MNXM1671	CC(C)(COP(=O)(O)OP(=O)(O)OCC1C(C(C(O1)N2C=NC3=C(N=CN=C32)N)O)OP(=O)(O)O)C(C(=O)NCCC(=O)NCCSC(=O)CC(=C)C(=O)O)O
s_0950	ITP	itp	CHEBI:61402	C00081	MNXM423	C1=NC2=C(C(=O)N1)N=CN2C3C(C(C(O3)COP(=O)(O)OP(=O)(O)OP(=O)(O)O)O)O
s_0951	keto-phenylpyruvate	phpyr	CHEBI:18005	C00166	MNXM162242	C1=CC=C(C=C1)CC(=O)C(=O)[O-]
s_0952	L-2-amino-3-oxobutanoate	2aobut	CHEBI:40673	C03508	MNXM114087	CC(=O)C(C(=O)O)N
s_0953	L-2-aminoadipate	L2aadp	CHEBI:58672	C00956	MNXM268	C(CC(C(=O)O)N)CC(=O)O
s_0954	L-4-hydroxyglutamic semialdehyde	4hglusa	CHEBI:27809	C05938	MNXM2687	C(C(C=O)O)C(C(=O)O)N
s_0955	L-alanine	ala__L	CHEBI:16977	C00041	MNXM32	CC(C(=O)O)N
s_0956	L-alanine	ala__L	CHEBI:16977	C00041	MNXM32	CC(C(=O)O)N
s_0957	L-alanine	ala__L	CHEBI:16977	C00041	MNXM32	CC(C(=O)O)N
s_0958	L-allothreonine	athr__L	CHEBI:28718	C05519	MNXM2125	CC(C(C(=O)O)N)O
s_0959	L-allysine	L2aadp6sa	CHEBI:17917	C04076	MNXM89905	C(CC=O)CC(C(=O)O)N
s_0960	L-alpha-formylglycine	2amsa	CHEBI:58671	C11822	MNXM2124	C(=O)C(C(=O)O)N
s_0961	L-arabinitol	abt	CHEBI:18403	C00532	MNXM801	C(C(C(C(CO)O)O)O)O
s_0962	L-arabinitol	abt	CHEBI:18403	C00532	MNXM801	C(C(C(C(CO)O)O)O)O
s_0963	L-arabinose	arab__L	CHEBI:30849	C00259	MNXM461	C1C(C(C(C(O1)O)O)O)O
s_0964	L-arabinose	arab__L	CHEBI:30849	C00259	MNXM461	C1C(C(C(C(O1)O)O)O)O
s_0965	L-arginine	arg__L	CHEBI:32682	C00062	MNXM70	C(CC(C(=O)O)N)CN=C(N)N
s_0966	L-arginine	arg__L	CHEBI:32682	C00062	MNXM70	C(CC(C(=O)O)N)CN=C(N)N
s_0967	L-arginine	arg__L	CHEBI:32682	C00062	MNXM70	C(CC(C(=O)O)N)CN=C(N)N
s_0968	L-arginine	arg__L	CHEBI:32682	C00062	MNXM70	C(CC(C(=O)O)N)CN=C(N)N
s_0969	L-asparagine	asn__L	CHEBI:17196	C00152	MNXM147	C(C(C(=O)O)N)C(=O)N
s_0970	L-asparagine	asn__L	CHEBI:17196	C00152	MNXM147	C(C(C(=O)O)N)C(=O)N
s_0971	L-asparagine	asn__L	CHEBI:17196	C00152	MNXM147	C(C(C(=O)O)N)C(=O)N
s_0972	L-asparagine	asn__L	CHEBI:17196	C00152	MNXM147	C(C(C(=O)O)N)C(=O)N
s_0973	L-aspartate	asp__L	CHEBI:29991	C00049	MNXM42	C(C(C(=O)O)N)C(=O)O
s_0974	L-aspartate	asp__L	CHEBI:29991	C00049	MNXM42	C(C(C(=O)O)N)C(=O)O
s_0975	L-aspartate	asp__L	CHEBI:29991	C00049	MNXM42	C(C(C(=O)O)N)C(=O)O
s_0976	L-aspartate	asp__L	CHEBI:29991	C00049	MNXM42	C(C(C(=O)O)N)C(=O)O
s_0977	L-aspartate	asp__L	CHEBI:29991	C00049	MNXM42	C(C(C(=O)O)N)C(=O)O
s_0978	L-aspartate 4-semialdehyde	aspsa	CHEBI:18051	C00441	MNXM361	C(C=O)C(C(=O)[O-])[NH3+]
s_0979	L-citrulline	citr__L	CHEBI:16349	C00327	MNXM211	C(CC(C(=O)O)N)CNC(=O)N
s_0980	L-cystathionine	cyst__L	CHEBI:17482	C02291	MNXM319	C(CSCC(C(=O)O)N)C(C(=O)O)N
s_0981	L-cysteine	cys__L	CHEBI:17561	C00097	MNXM55	C(C(C(=O)O)N)S
s_0982	L-cysteine	cys__L	CHEBI:17561	C00097	MNXM55	C(C(C(=O)O)N)S
s_0983	L-cysteinylglycine	cgly	CHEBI:4047	C01419	MNXM683	C(C(C(=O)NCC(=O)O)N)S
s_0984	L-cystine	cysi__L	CHEBI:16283	C00491	MNXM927	C(C(C(=O)O)N)SSCC(C(=O)O)N
s_0985	L-cystine	cysi__L	CHEBI:16283	C00491	MNXM927	C(C(C(=O)O)N)SSCC(C(=O)O)N
s_0986	L-gamma-glutamyl phosphate	glu5p	CHEBI:58274	C03287	MNXM1280	C(CC(=O)OP(=O)(O)O)C(C(=O)O)N
s_0987	L-gamma-glutamyl-L-alanine	gluala	CHEBI:50619	C03738	MNXM59390	CC(C(=O)O)NC(=O)CCC(C(=O)O)N
s_0988	L-gamma-glutamyl-L-cysteine	glucys	CHEBI:58173	C00669	MNXM412	C(CC(=O)NC(CS)C(=O)O)C(C(=O)O)N
s_0989	L-glucitol	sbt__L	CHEBI:28789	C01722	MNXM4638	C(C(C(C(C(CO)O)O)O)O)O
s_0990	L-glucitol	sbt__L	CHEBI:28789	C01722	MNXM4638	C(C(C(C(C(CO)O)O)O)O)O
s_0991	L-glutamate	glu__L	CHEBI:29985	C00025	MNXM89557	C(CC(=O)O)C(C(=O)O)N
s_0992	L-glutamate	glu__L	CHEBI:29985	C00025	MNXM89557	C(CC(=O)O)C(C(=O)O)N
s_0993	L-glutamate	glu__L	CHEBI:29985	C00025	MNXM89557	C(CC(=O)O)C(C(=O)O)N
s_0994	L-glutamate	glu__L	CHEBI:29985	C00025	MNXM89557	C(CC(=O)O)C(C(=O)O)N
s_0995	L-glutamate	glu__L	CHEBI:29985	C00025	MNXM89557	C(CC(=O)O)C(C(=O)O)N
s_0996	L-glutamate	glu__L	CHEBI:29985	C00025	MNXM89557	C(CC(=O)O)C(C(=O)O)N
s_0997	L-glutamic 5-semialdehyde	glu5sa	CHEBI:17232	C01165	MNXM245	C(CC(C(=O)O)N)C=O
s_0999	L-glutamine	gln__L	CHEBI:18050	C00064	MNXM37	C(CC(=O)N)C(C(=O)O)N
s_1000	L-glutamine	gln__L	CHEBI:18050	C00064	MNXM37	C(CC(=O)N)C(C(=O)O)N
s_1001	L-glutamine	gln__L	CHEBI:18050	C00064	MNXM37	C(CC(=O)N)C(C(=O)O)N
s_1002	L-glutamine	gln__L	CHEBI:18050	C00064	MNXM37	C(CC(=O)N)C(C(=O)O)N
s_1003	L-glycine	gly	CHEBI:15428	C00037	MNXM29	C(C(=O)O)N
s_1004	L-glycine	gly	CHEBI:15428	C00037	MNXM29	C(C(=O)O)N
s_1005	L-glycine	gly	CHEBI:15428	C00037	MNXM29	C(C(=O)O)N
s_1006	L-histidine	his__L	CHEBI:15971	C00135	MNXM134	C1=C(NC=N1)CC(C(=O)O)N
s_1007	L-histidine	his__L	CHEBI:15971	C00135	MNXM134	C1=C(NC=N1)CC(C(=O)O)N
s_1008	L-histidine	his__L	CHEBI:15971	C00135	MNXM134	C1=C(NC=N1)CC(C(=O)O)N
s_1009	L-histidine	his__L	CHEBI:15971	C00135	MNXM134	C1=C(NC=N1)CC(C(=O)O)N
s_1010	L-histidinol	histd	CHEBI:57699	C00860	MNXM1281	C1=C(NC=N1)CC(CO)N
s_1011	L-histidinol phosphate	hisp	CHEBI:57980	C01100	MNXM1482	C1=C(NC=N1)CC(COP(=O)(O)O)N
s_1012	L-homocysteine	hcys__L	CHEBI:17588	C00155	MNXM123	C(CS)C(C(=O)O)N
s_1014	L-homoserine	hom__L	CHEBI:15699	C00263	MNXM353	C(CO)C(C(=O)O)N
s_1015	L-homoserine	hom__L	CHEBI:15699	C00263	MNXM353	C(CO)C(C(=O)O)N
s_1016	L-isoleucine	ile__L	CHEBI:17191	C00407	MNXM231	CCC(C)C(C(=O)O)N
s_1017	L-isoleucine	ile__L	CHEBI:17191	C00407	MNXM231	CCC(C)C(C(=O)O)N
s_1018	L-isoleucine	ile__L	CHEBI:17191	C00407	MNXM231	CCC(C)C(C(=O)O)N
s_1019	L-isoleucine	ile__L	CHEBI:17191	C00407	MNXM231	CCC(C)C(C(=O)O)N
s_1020	L-kynurenine	Lkynr	CHEBI:16946	C00328	MNXM260	C1=CC=C(C(=C1)C(=O)CC(C(=O)O)N)N
s_1021	L-leucine	leu__L	CHEBI:15603	C00123	MNXM140	CC(C)CC(C(=O)O)N
s_1022	L-leucine	leu__L	CHEBI:15603	C00123	MNXM140	CC(C)CC(C(=O)O)N
s_1023	L-leucine	leu__L	CHEBI:15603	C00123	MNXM140	CC(C)CC(C(=O)O)N
s_1024	L-leucine	leu__L	CHEBI:15603	C00123	MNXM140	CC(C)CC(C(=O)O)N
s_1025	L-lysine	lys__L	CHEBI:32551	C00047	MNXM78	C(CCN)CC(C(=O)O)N
s_1026	L-lysine	lys__L	CHEBI:32551	C00047	MNXM78	C(CCN)CC(C(=O)O)N
s_1027	L-lysine	lys__L	CHEBI:32551	C00047	MNXM78	C(CCN)CC(C(=O)O)N
s_1028	L-lysine	lys__L	CHEBI:32551	C00047	MNXM78	C(CCN)CC(C(=O)O)N
s_1029	L-methionine	met__L	CHEBI:16643	C00073	MNXM61	CSCCC(C(=O)O)N
s_1030	L-methionine	met__L	CHEBI:16643	C00073	MNXM61	CSCCC(C(=O)O)N
s_1031	L-methionine	met__L	CHEBI:16643	C00073	MNXM61	CSCCC(C(=O)O)N
s_1032	L-phenylalanine	phe__L	CHEBI:17295	C00079	MNXM97	C1=CC=C(C=C1)CC(C(=O)O)N
s_1033	L-phenylalanine	phe__L	CHEBI:17295	C00079	MNXM97	C1=CC=C(C=C1)CC(C(=O)O)N
s_1034	L-phenylalanine	phe__L	CHEBI:17295	C00079	MNXM97	C1=CC=C(C=C1)CC(C(=O)O)N
s_1035	L-proline	pro__L	CHEBI:17203	C00148	MNXM114	C1CC(NC1)C(=O)O
s_1036	L-proline	pro__L	CHEBI:17203	C00148	MNXM114	C1CC(NC1)C(=O)O
s_1037	L-proline	pro__L	CHEBI:17203	C00148	MNXM114	C1CC(NC1)C(=O)O
s_1038	L-saccharopine	saccrp__L	CHEBI:57951	C00449	MNXM384	C(CCNC(CCC(=O)O)C(=O)O)CC(C(=O)O)N
s_1039	L-serine	ser__L	CHEBI:17115	C00065	MNXM53	C(C(C(=O)O)N)O
s_1040	L-serine	ser__L	CHEBI:17115	C00065	MNXM53	C(C(C(=O)O)N)O
s_1041	L-serine	ser__L	CHEBI:17115	C00065	MNXM53	C(C(C(=O)O)N)O
s_1042	L-serine	ser__L	CHEBI:17115	C00065	MNXM53	C(C(C(=O)O)N)O
s_1043	L-sorbose	srb__L	CHEBI:17266	C00247	MNXM588	C1C(C(C(C(O1)(CO)O)O)O)O
s_1044	L-sorbose	srb__L	CHEBI:17266	C00247	MNXM588	C1C(C(C(C(O1)(CO)O)O)O)O
s_1045	L-threonine	thr__L	CHEBI:16857	C00188	MNXM142	CC(C(C(=O)O)N)O
s_1046	L-threonine	thr__L	CHEBI:16857	C00188	MNXM142	CC(C(C(=O)O)N)O
s_1047	L-threonine	thr__L	CHEBI:16857	C00188	MNXM142	CC(C(C(=O)O)N)O
s_1048	L-tryptophan	trp__L	CHEBI:16828	C00078	MNXM94	C1=CC=C2C(=C1)C(=CN2)CC(C(=O)O)N
s_1049	L-tryptophan	trp__L	CHEBI:16828	C00078	MNXM94	C1=CC=C2C(=C1)C(=CN2)CC(C(=O)O)N
s_1050	L-tryptophan	trp__L	CHEBI:16828	C00078	MNXM94	C1=CC=C2C(=C1)C(=CN2)CC(C(=O)O)N
s_1051	L-tyrosine	tyr__L	CHEBI:17895	C00082	MNXM76	C1=CC(=CC=C1CC(C(=O)O)N)O
s_1052	L-tyrosine	tyr__L	CHEBI:17895	C00082	MNXM76	C1=CC(=CC=C1CC(C(=O)O)N)O
s_1053	L-tyrosine	tyr__L	CHEBI:17895	C00082	MNXM76	C1=CC(=CC=C1CC(C(=O)O)N)O
s_1054	L-tyrosine	tyr__L	CHEBI:17895	C00082	MNXM76	C1=CC(=CC=C1CC(C(=O)O)N)O
s_1055	L-tyrosine	tyr__L	CHEBI:17895	C00082	MNXM76	C1=CC(=CC=C1CC(C(=O)O)N)O
s_1056	L-valine	val__L	CHEBI:16414	C00183	MNXM199	CC(C)C(C(=O)O)N
s_1057	L-valine	val__L	CHEBI:16414	C00183	MNXM199	CC(C)C(C(=O)O)N
s_1058	L-valine	val__L	CHEBI:16414	C00183	MNXM199	CC(C)C(C(=O)O)N
s_1059	lanosterol	lanost	CHEBI:16521	C01724	MNXM482	CC(CCC=C(C)C)C1CCC2(C1(CCC3=C2CCC4C3(CCC(C4(C)C)O)C)C)C
s_1061	lanosterol	lanost	CHEBI:16521	C01724	MNXM482	CC(CCC=C(C)C)C1CCC2(C1(CCC3=C2CCC4C3(CCC(C4(C)C)O)C)C)C
s_1065	laurate	ddca	CHEBI:18262	C02679	MNXM402	CCCCCCCCCCCC(=O)[O-]
s_1067	laurate	ddca	CHEBI:18262	C02679	MNXM402	CCCCCCCCCCCC(=O)[O-]
s_1070	laurate	ddca	CHEBI:18262	C02679	MNXM402	CCCCCCCCCCCC(=O)[O-]
s_1073	lauroyl-CoA	ddcacoa	CHEBI:57375	C01832	MNXM363	CCCCCCCCCCCC(=O)SCCNC(=O)CCNC(=O)C(C(C)(C)COP(=O)(O)OP(=O)(O)OCC1C(C(C(O1)N2C=NC3=C(N=CN=C32)N)O)OP(=O)(O)O)O
s_1076	lauroyl-CoA	ddcacoa	CHEBI:57375	C01832	MNXM363	CCCCCCCCCCCC(=O)SCCNC(=O)CCNC(=O)C(C(C)(C)COP(=O)(O)OP(=O)(O)OCC1C(C(C(O1)N2C=NC3=C(N=CN=C32)N)O)OP(=O)(O)O)O
s_1077	Leu-tRNA(Leu)	leutrna	CHEBI:16624	C02047	MNXM697	
s_1078	Leu-tRNA(Leu)	leutrna	CHEBI:16624	C02047	MNXM697	
s_1079	leukotriene A4	leuktrA4	CHEBI:57463	C00909	MNXM462	CCCCCC=CCC=CC=CC=CC1C(O1)CCCC(=O)O
s_1080	leukotriene A4	leuktrA4	CHEBI:57463	C00909	MNXM462	CCCCCC=CCC=CC=CC=CC1C(O1)CCCC(=O)O
s_1081	leukotriene B4	leuktrB4	CHEBI:57461	C02165	MNXM637	CCCCCC=CCC(C=CC=CC=CC(CCCC(=O)O)O)O
s_1082	leukotriene B4	leuktrB4	CHEBI:57461	C02165	MNXM637	CCCCCC=CCC(C=CC=CC=CC(CCCC(=O)O)O)O
s_1085	lignoceric acid	lgnc	CHEBI:31014	C08320	MNXM3297	CCCCCCCCCCCCCCCCCCCCCCCC(=O)O
s_1096	lipid		CHEBI:18059	C01356	MNXM12117	
s_1097	lipoamide	lpam	CHEBI:17460	C00248	MNXM1024	C1CSSC1CCCCC(=O)N
s_1098	lipoylprotein	lpro	CHEBI:15804	C02051	MNXM998	
s_1099	Lys-tRNA(Lys)	lystrna	CHEBI:16047	C01931	MNXM89922	
s_1100	Lys-tRNA(Lys)	lystrna	CHEBI:16047	C01931	MNXM89922	
s_1101	malonyl-CoA	malcoa	CHEBI:57384	C00083	MNXM40	CC(C)(COP(=O)(O)OP(=O)(O)OCC1C(C(C(O1)N2C=NC3=C(N=CN=C32)N)O)OP(=O)(O)O)C(C(=O)NCCC(=O)NCCSC(=O)CC(=O)O)O
s_1104	malonyl-CoA	malcoa	CHEBI:57384	C00083	MNXM40	CC(C)(COP(=O)(O)OP(=O)(O)OCC1C(C(C(O1)N2C=NC3=C(N=CN=C32)N)O)OP(=O)(O)O)C(C(=O)NCCC(=O)NCCSC(=O)CC(=O)O)O
s_1105	maltose	malt	CHEBI:17306	C00208	MNXM165	C(C1C(C(C(C(O1)OC2C(OC(C(C2O)O)O)CO)O)O)O)O
s_1106	maltose	malt	CHEBI:17306	C00208	MNXM165	C(C1C(C(C(C(O1)OC2C(OC(C(C2O)O)O)CO)O)O)O)O
s_1107	mannan	mannan	CHEBI:28808	C00464	MNXM2020	C(C1C(C(C(C(O1)OC2C(OC(C(C2O)O)OC3C(OC(C(C3O)O)OC4C(OC(C(C4O)O)O)CO)CO)CO)O)O)O)O
s_1108	mannan	mannan	CHEBI:28808	C00464	MNXM2020	C(C1C(C(C(C(O1)OC2C(OC(C(C2O)O)OC3C(OC(C(C3O)O)OC4C(OC(C(C4O)O)O)CO)CO)CO)O)O)O)O
s_1109	mannose-(1D-myo-inositol 1-phosphate)2	man2mi1p__D	CHEBI:60449		MNXM61128	C(C1C(C(C(C(O1)OC2C(C(C(C(C2OP(=O)(O)O)O)O)O)O)O)O)O)OP(=O)(O)OC3C(C(C(C(C3O)O)O)O)O
s_1110	mannose-(1D-myo-inositol 1-phosphate)2	man2mi1p__D	CHEBI:60449		MNXM61128	C(C1C(C(C(C(O1)OC2C(C(C(C(C2OP(=O)(O)O)O)O)O)O)O)O)O)OP(=O)(O)OC3C(C(C(C(C3O)O)O)O)O
s_1111	mannose-1D-myo-inositol 1-phosphate	manmi1p__D	CHEBI:60448		MNXM61129	C(C1C(C(C(C(O1)OC2C(C(C(C(C2OP(=O)(O)O)O)O)O)O)O)O)O)O
s_1112	mannose-1D-myo-inositol 1-phosphate	manmi1p__D	CHEBI:60448		MNXM61129	C(C1C(C(C(C(O1)OC2C(C(C(C(C2OP(=O)(O)O)O)O)O)O)O)O)O)O
s_1114	mannosylinositol phosphorylceramide backbone		CHEBI:25168		MNXM12216	
s_1116	mannosylinositol phosphorylceramide A (C24)		CHEBI:60416		MNXM61061	CCCCCCCCCCCCCCCCCCCCCCCC(=O)NC(COP(=O)(O)OC1C(C(C(C(C1OC2C(C(C(C(O2)CO)O)O)O)O)O)O)O)C(CCCCCCCCCCCCCCC)O
s_1117	mannosylinositol phosphorylceramide A (C24)		CHEBI:60416		MNXM61061	CCCCCCCCCCCCCCCCCCCCCCCC(=O)NC(COP(=O)(O)OC1C(C(C(C(C1OC2C(C(C(C(O2)CO)O)O)O)O)O)O)O)C(CCCCCCCCCCCCCCC)O
s_1118	mannosylinositol phosphorylceramide A (C24)		CHEBI:60416		MNXM61061	CCCCCCCCCCCCCCCCCCCCCCCC(=O)NC(COP(=O)(O)OC1C(C(C(C(C1OC2C(C(C(C(O2)CO)O)O)O)O)O)O)O)C(CCCCCCCCCCCCCCC)O
s_1119	mannosylinositol phosphorylceramide A (C26)		CHEBI:62706		MNXM106432	CCCCCCCCCCCCCCCCCCCCCCCCCC(=O)NC(COP(=O)(O)OC1C(C(C(C(C1OC2C(C(C(C(O2)CO)O)O)O)O)O)O)O)C(CCCCCCCCCCCCCCCCC)O
s_1120	mannosylinositol phosphorylceramide A (C26)		CHEBI:62706		MNXM106432	CCCCCCCCCCCCCCCCCCCCCCCCCC(=O)NC(COP(=O)(O)OC1C(C(C(C(C1OC2C(C(C(C(O2)CO)O)O)O)O)O)O)O)C(CCCCCCCCCCCCCCCCC)O
s_1121	mannosylinositol phosphorylceramide A (C26)		CHEBI:62706		MNXM106432	CCCCCCCCCCCCCCCCCCCCCCCCCC(=O)NC(COP(=O)(O)OC1C(C(C(C(C1OC2C(C(C(C(O2)CO)O)O)O)O)O)O)O)C(CCCCCCCCCCCCCCCCC)O
s_1122	mannosylinositol phosphorylceramide B (C24)		CHEBI:60420		MNXM61066	CCCCCCCCCCCCCCCCCCCCCCCC(=O)NC(COP(=O)(O)OC1C(C(C(C(C1OC2C(C(C(C(O2)CO)O)O)O)O)O)O)O)C(C(CCCCCCCCCCCCCC)O)O
s_1123	mannosylinositol phosphorylceramide B (C24)		CHEBI:60420		MNXM61066	CCCCCCCCCCCCCCCCCCCCCCCC(=O)NC(COP(=O)(O)OC1C(C(C(C(C1OC2C(C(C(C(O2)CO)O)O)O)O)O)O)O)C(C(CCCCCCCCCCCCCC)O)O
s_1124	mannosylinositol phosphorylceramide B (C24)		CHEBI:60420		MNXM61066	CCCCCCCCCCCCCCCCCCCCCCCC(=O)NC(COP(=O)(O)OC1C(C(C(C(C1OC2C(C(C(C(O2)CO)O)O)O)O)O)O)O)C(C(CCCCCCCCCCCCCC)O)O
s_1125	mannosylinositol phosphorylceramide B (C26)		CHEBI:62710		MNXM61056	CCCCCCCCCCCCCCCCCCCCCCCCCC(=O)NC(COP(=O)(O)OC1C(C(C(C(C1OC2C(C(C(C(O2)CO)O)O)O)O)O)O)O)C(C(CCCCCCCCCCCCCCCC)O)O
s_1126	mannosylinositol phosphorylceramide B (C26)		CHEBI:62710		MNXM61056	CCCCCCCCCCCCCCCCCCCCCCCCCC(=O)NC(COP(=O)(O)OC1C(C(C(C(C1OC2C(C(C(C(O2)CO)O)O)O)O)O)O)O)C(C(CCCCCCCCCCCCCCCC)O)O
s_1127	mannosylinositol phosphorylceramide B (C26)		CHEBI:62710		MNXM61056	CCCCCCCCCCCCCCCCCCCCCCCCCC(=O)NC(COP(=O)(O)OC1C(C(C(C(C1OC2C(C(C(C(O2)CO)O)O)O)O)O)O)O)C(C(CCCCCCCCCCCCCCCC)O)O
s_1128	mannosylinositol phosphorylceramide B' (C24)		CHEBI:60418		MNXM61060	CCCCCCCCCCCCCCCCCCCCCCC(C(=O)NC(COP(=O)(O)OC1C(C(C(C(C1OC2C(C(C(C(O2)CO)O)O)O)O)O)O)O)C(CCCCCCCCCCCCCCC)O)O
s_1129	mannosylinositol phosphorylceramide B' (C24)		CHEBI:60418		MNXM61060	CCCCCCCCCCCCCCCCCCCCCCC(C(=O)NC(COP(=O)(O)OC1C(C(C(C(C1OC2C(C(C(C(O2)CO)O)O)O)O)O)O)O)C(CCCCCCCCCCCCCCC)O)O
s_1130	mannosylinositol phosphorylceramide B' (C24)		CHEBI:60418		MNXM61060	CCCCCCCCCCCCCCCCCCCCCCC(C(=O)NC(COP(=O)(O)OC1C(C(C(C(C1OC2C(C(C(C(O2)CO)O)O)O)O)O)O)O)C(CCCCCCCCCCCCCCC)O)O
s_1131	mannosylinositol phosphorylceramide B' (C26)		CHEBI:62708		MNXM61051	CCCCCCCCCCCCCCCCCCCCCCCCC(C(=O)NC(COP(=O)(O)OC1C(C(C(C(C1OC2C(C(C(C(O2)CO)O)O)O)O)O)O)O)C(CCCCCCCCCCCCCCCCC)O)O
s_1132	mannosylinositol phosphorylceramide B' (C26)		CHEBI:62708		MNXM61051	CCCCCCCCCCCCCCCCCCCCCCCCC(C(=O)NC(COP(=O)(O)OC1C(C(C(C(C1OC2C(C(C(C(O2)CO)O)O)O)O)O)O)O)C(CCCCCCCCCCCCCCCCC)O)O
s_1133	mannosylinositol phosphorylceramide B' (C26)		CHEBI:62708		MNXM61051	CCCCCCCCCCCCCCCCCCCCCCCCC(C(=O)NC(COP(=O)(O)OC1C(C(C(C(C1OC2C(C(C(C(O2)CO)O)O)O)O)O)O)O)C(CCCCCCCCCCCCCCCCC)O)O
s_1134	mannosylinositol phosphorylceramide C (C24)		CHEBI:60422		MNXM61065	CCCCCCCCCCCCCCCCCCCCCCC(C(=O)NC(COP(=O)(O)OC1C(C(C(C(C1OC2C(C(C(C(O2)CO)O)O)O)O)O)O)O)C(C(CCCCCCCCCCCCCC)O)O)O
s_1135	mannosylinositol phosphorylceramide C (C24)		CHEBI:60422		MNXM61065	CCCCCCCCCCCCCCCCCCCCCCC(C(=O)NC(COP(=O)(O)OC1C(C(C(C(C1OC2C(C(C(C(O2)CO)O)O)O)O)O)O)O)C(C(CCCCCCCCCCCCCC)O)O)O
s_1136	mannosylinositol phosphorylceramide C (C24)		CHEBI:60422		MNXM61065	CCCCCCCCCCCCCCCCCCCCCCC(C(=O)NC(COP(=O)(O)OC1C(C(C(C(C1OC2C(C(C(C(O2)CO)O)O)O)O)O)O)O)C(C(CCCCCCCCCCCCCC)O)O)O
s_1137	mannosylinositol phosphorylceramide C (C26)		CHEBI:62712		MNXM61055	CCCCCCCCCCCCCCCCCCCCCCCCC(C(=O)NC(COP(=O)(O)OC1C(C(C(C(C1OC2C(C(C(C(O2)CO)O)O)O)O)O)O)O)C(C(CCCCCCCCCCCCCCCC)O)O)O
s_1138	mannosylinositol phosphorylceramide C (C26)		CHEBI:62712		MNXM61055	CCCCCCCCCCCCCCCCCCCCCCCCC(C(=O)NC(COP(=O)(O)OC1C(C(C(C(C1OC2C(C(C(C(O2)CO)O)O)O)O)O)O)O)C(C(CCCCCCCCCCCCCCCC)O)O)O
s_1139	mannosylinositol phosphorylceramide C (C26)		CHEBI:62712		MNXM61055	CCCCCCCCCCCCCCCCCCCCCCCCC(C(=O)NC(COP(=O)(O)OC1C(C(C(C(C1OC2C(C(C(C(O2)CO)O)O)O)O)O)O)O)C(C(CCCCCCCCCCCCCCCC)O)O)O
s_1140	mannosylinositol phosphorylceramide D (C24)		CHEBI:60435		MNXM61064	CCCCCCCCCCCCCCCCCCCCCC(C(C(=O)NC(COP(=O)(O)OC1C(C(C(C(C1OC2C(C(C(C(O2)CO)O)O)O)O)O)O)O)C(C(CCCCCCCCCCCCCC)O)O)O)O
s_1141	mannosylinositol phosphorylceramide D (C24)		CHEBI:60435		MNXM61064	CCCCCCCCCCCCCCCCCCCCCC(C(C(=O)NC(COP(=O)(O)OC1C(C(C(C(C1OC2C(C(C(C(O2)CO)O)O)O)O)O)O)O)C(C(CCCCCCCCCCCCCC)O)O)O)O
s_1142	mannosylinositol phosphorylceramide D (C24)		CHEBI:60435		MNXM61064	CCCCCCCCCCCCCCCCCCCCCC(C(C(=O)NC(COP(=O)(O)OC1C(C(C(C(C1OC2C(C(C(C(O2)CO)O)O)O)O)O)O)O)C(C(CCCCCCCCCCCCCC)O)O)O)O
s_1143	mannosylinositol phosphorylceramide D (C26)		CHEBI:62683		MNXM61054	CCCCCCCCCCCCCCCCCCCCCCCC(C(C(=O)NC(COP(=O)(O)OC1C(C(C(C(C1OC2C(C(C(C(O2)CO)O)O)O)O)O)O)O)C(C(CCCCCCCCCCCCCCCC)O)O)O)O
s_1144	mannosylinositol phosphorylceramide D (C26)		CHEBI:62683		MNXM61054	CCCCCCCCCCCCCCCCCCCCCCCC(C(C(=O)NC(COP(=O)(O)OC1C(C(C(C(C1OC2C(C(C(C(O2)CO)O)O)O)O)O)O)O)C(C(CCCCCCCCCCCCCCCC)O)O)O)O
s_1145	mannosylinositol phosphorylceramide D (C26)		CHEBI:62683		MNXM61054	CCCCCCCCCCCCCCCCCCCCCCCC(C(C(=O)NC(COP(=O)(O)OC1C(C(C(C(C1OC2C(C(C(C(O2)CO)O)O)O)O)O)O)O)C(C(CCCCCCCCCCCCCCCC)O)O)O)O
s_1148	Met-tRNA(Met)	mettrna	CHEBI:16635	C02430	MNXM90636	
s_1149	Met-tRNA(Met)	mettrna	CHEBI:16635	C02430	MNXM90636	
s_1150	methanethiol	ch4s	CHEBI:16007	C00409	MNXM652	CS
s_1151	methylglyoxal	mthgxl	CHEBI:17158	C00546	MNXM310	CC(=O)C=O
s_1153	myo-inositol	inost	CHEBI:17268	C00137	MNXM127	C1(C(C(C(C(C1O)O)O)O)O)O
s_1154	myo-inositol	inost	CHEBI:17268	C00137	MNXM127	C1(C(C(C(C(C1O)O)O)O)O)O
s_1156	myo-inositol 1,3,4,5,6-pentakisphosphate	inospp1	CHEBI:57733	C01284	MNXM89719	C1(C(C(C(C(C1OP(=O)(O)O)OP(=O)(O)O)OP(=O)(O)O)OP(=O)(O)O)OP(=O)(O)O)O
s_1157	myo-inositol 1,3,4,5,6-pentakisphosphate	inospp1	CHEBI:57733	C01284	MNXM89719	C1(C(C(C(C(C1OP(=O)(O)O)OP(=O)(O)O)OP(=O)(O)O)OP(=O)(O)O)OP(=O)(O)O)O
s_1158	myo-inositol hexakisphosphate	minohp	CHEBI:58130	C01204	MNXM491	C1(C(C(C(C(C1OP(=O)(O)O)OP(=O)(O)O)OP(=O)(O)O)OP(=O)(O)O)OP(=O)(O)O)OP(=O)(O)O
s_1159	myo-inositol hexakisphosphate	minohp	CHEBI:58130	C01204	MNXM491	C1(C(C(C(C(C1OP(=O)(O)O)OP(=O)(O)O)OP(=O)(O)O)OP(=O)(O)O)OP(=O)(O)O)OP(=O)(O)O
s_1161	myristate	ttdca	CHEBI:30807	C06424	MNXM314	CCCCCCCCCCCCCC(=O)O
s_1163	myristate	ttdca	CHEBI:30807	C06424	MNXM314	CCCCCCCCCCCCCC(=O)O
s_1166	myristate	ttdca	CHEBI:30807	C06424	MNXM314	CCCCCCCCCCCCCC(=O)O
s_1176	myristoyl-CoA	tdcoa	CHEBI:57385	C02593	MNXM224	CCCCCCCCCCCCCC(=O)SCCNC(=O)CCNC(=O)C(C(C)(C)COP(=O)(O)OP(=O)(O)OCC1C(C(C(O1)N2C=NC3=C(N=CN=C32)N)O)OP(=O)(O)O)O
s_1179	myristoyl-CoA	tdcoa	CHEBI:57385	C02593	MNXM224	CCCCCCCCCCCCCC(=O)SCCNC(=O)CCNC(=O)C(C(C)(C)COP(=O)(O)OP(=O)(O)OCC1C(C(C(O1)N2C=NC3=C(N=CN=C32)N)O)OP(=O)(O)O)O
s_1180	N(1)-acetylspermidine	N1aspmd	CHEBI:58324	C00612	MNXM501	CC(=O)NCCCNCCCCN
s_1181	N(1)-acetylspermine	N1sprm	CHEBI:58101	C02567	MNXM600	CC(=O)NCCCNCCCCNCCCN
s_1182	N(2)-acetyl-L-ornithine	acorn	CHEBI:16543	C00437	MNXM817	CC(=O)NC(CCCN)C(=O)O
s_1183	N(pros)-methyl-L-histidine	NPmehis	CHEBI:27596	C01152	MNXM722872	CN1C=NC=C1CC(C(=O)O)N
s_1184	N,N'-diacetylchitobiosyldiphosphodolichol	chito2pdol	CHEBI:12427	C04537	MNXM63078	CC(CCC=C(C)CCC=C(C)CCC=C(C)CCC=C(C)C)CCOP(=O)([O-])OP(=O)([O-])OC1C(C(C(C(O1)CO)OC2C(C(C(C(O2)CO)O)O)NC(=O)C)O)NC(=O)C
s_1185	N,N'-diformyldityrosine		CHEBI:50611		MNXM147516	C1=CC(=C(C=C1CC(C(=O)O)NC=O)C2=C(C=CC(=C2)CC(C(=O)O)NC=O)O)O
s_1186	N,N'-diformyldityrosine		CHEBI:50611		MNXM147516	C1=CC(=C(C=C1CC(C(=O)O)NC=O)C2=C(C=CC(=C2)CC(C(=O)O)NC=O)O)O
s_1187	N-(5-phospho-beta-D-ribosyl)anthranilate	pran	CHEBI:18277	C04302	MNXM1489	C1=CC=C(C(=C1)C(=O)O)NC2C(C(C(O2)COP(=O)(O)O)O)O
s_1188	N-[(R)-4-phosphonopantothenoyl]-L-cysteine	4ppcys	CHEBI:59458	C04352	MNXM483	
s_1189	N-acetyl-alpha-D-glucosamine 1-phosphate	acgal1p	CHEBI:16446	C04501	MNXM340	CC(=O)NC1C(C(C(OC1OP(=O)(O)O)CO)O)O
s_1190	N-acetyl-D-glucosamine 6-phosphate	acgam6p	CHEBI:57513	C00357	MNXM63556	CC(=O)NC1C(C(C(OC1O)COP(=O)(O)O)O)O
s_1191	N-acetyl-L-gamma-glutamyl phosphate	acg5p	CHEBI:57936	C04133	MNXM1384	CC(=O)NC(CCC(=O)OP(=O)(O)O)C(=O)O
s_1192	N-acetyl-L-glutamate	acglu	CHEBI:44337	C00624	MNXM730	CC(=O)NC(CCC(=O)O)C(=O)O
s_1193	N-acetylputrescine	aprut	CHEBI:58263	C02714	MNXM1153	CC(=O)NCCCCN
s_1194	N-carbamoyl-L-aspartate	cbasp	CHEBI:32814	C00438	MNXM465	C(C(C(=O)O)NC(=O)N)C(=O)O
s_1195	N-formyl-L-kynurenine	Lfmkynr	CHEBI:30249	C02700	MNXM1288	C1=CC=C(C(=C1)C(=O)CC(C(=O)O)N)NC=O
s_1196	N-formyl-L-tyrosine	Nfortyr	CHEBI:50603		MNXM63755	C1=CC(=CC=C1CC(C(=O)O)NC=O)O
s_1198	NAD	nad	CHEBI:57540	C00003	MNXM8	C1=CC(=C[N+](=C1)C2C(C(C(O2)COP(=O)([O-])OP(=O)(O)OCC3C(C(C(O3)N4C=NC5=C(N=CN=C54)N)O)O)O)O)C(=O)N
s_1199	NAD	nad	CHEBI:57540	C00003	MNXM8	C1=CC(=C[N+](=C1)C2C(C(C(O2)COP(=O)([O-])OP(=O)(O)OCC3C(C(C(O3)N4C=NC5=C(N=CN=C54)N)O)O)O)O)C(=O)N
s_1200	NAD	nad	CHEBI:57540	C00003	MNXM8	C1=CC(=C[N+](=C1)C2C(C(C(O2)COP(=O)([O-])OP(=O)(O)OCC3C(C(C(O3)N4C=NC5=C(N=CN=C54)N)O)O)O)O)C(=O)N
s_1201	NAD	nad	CHEBI:57540	C00003	MNXM8	C1=CC(=C[N+](=C1)C2C(C(C(O2)COP(=O)([O-])OP(=O)(O)OCC3C(C(C(O3)N4C=NC5=C(N=CN=C54)N)O)O)O)O)C(=O)N
s_1202	NAD	nad	CHEBI:57540	C00003	MNXM8	C1=CC(=C[N+](=C1)C2C(C(C(O2)COP(=O)([O-])OP(=O)(O)OCC3C(C(C(O3)N4C=NC5=C(N=CN=C54)N)O)O)O)O)C(=O)N
s_1203	NADH	nadh	CHEBI:57945	C00004	MNXM10	C1C=CN(C=C1C(=O)N)C2C(C(C(O2)COP(=O)(O)OP(=O)(O)OCC3C(C(C(O3)N4C=NC5=C(N=CN=C54)N)O)O)O)O
s_1204	NADH	nadh	CHEBI:57945	C00004	MNXM10	C1C=CN(C=C1C(=O)N)C2C(C(C(O2)COP(=O)(O)OP(=O)(O)OCC3C(C(C(O3)N4C=NC5=C(N=CN=C54)N)O)O)O)O
s_1205	NADH	nadh	CHEBI:57945	C00004	MNXM10	C1C=CN(C=C1C(=O)N)C2C(C(C(O2)COP(=O)(O)OP(=O)(O)OCC3C(C(C(O3)N4C=NC5=C(N=CN=C54)N)O)O)O)O
s_1206	NADH	nadh	CHEBI:57945	C00004	MNXM10	C1C=CN(C=C1C(=O)N)C2C(C(C(O2)COP(=O)(O)OP(=O)(O)OCC3C(C(C(O3)N4C=NC5=C(N=CN=C54)N)O)O)O)O
s_1207	NADP(+)	nadp	CHEBI:58349	C00006	MNXM5	C1=CC(=C[N+](=C1)C2C(C(C(O2)COP(=O)([O-])OP(=O)([O-])OCC3C(C(C(O3)N4C=NC5=C(N=CN=C54)N)OP(=O)([O-])[O-])O)O)O)C(=O)N
s_1208	NADP(+)	nadp	CHEBI:58349	C00006	MNXM5	C1=CC(=C[N+](=C1)C2C(C(C(O2)COP(=O)([O-])OP(=O)([O-])OCC3C(C(C(O3)N4C=NC5=C(N=CN=C54)N)OP(=O)([O-])[O-])O)O)O)C(=O)N
s_1210	NADP(+)	nadp	CHEBI:58349	C00006	MNXM5	C1=CC(=C[N+](=C1)C2C(C(C(O2)COP(=O)([O-])OP(=O)([O-])OCC3C(C(C(O3)N4C=NC5=C(N=CN=C54)N)OP(=O)([O-])[O-])O)O)O)C(=O)N
s_1211	NADP(+)	nadp	CHEBI:58349	C00006	MNXM5	C1=CC(=C[N+](=C1)C2C(C(C(O2)COP(=O)([O-])OP(=O)([O-])OCC3C(C(C(O3)N4C=NC5=C(N=CN=C54)N)OP(=O)([O-])[O-])O)O)O)C(=O)N
s_1212	NADPH	nadph	CHEBI:57783	C00005	MNXM6	C1C=CN(C=C1C(=O)N)C2C(C(C(O2)COP(=O)(O)OP(=O)(O)OCC3C(C(C(O3)N4C=NC5=C(N=CN=C54)N)OP(=O)(O)O)O)O)O
s_1213	NADPH	nadph	CHEBI:57783	C00005	MNXM6	C1C=CN(C=C1C(=O)N)C2C(C(C(O2)COP(=O)(O)OP(=O)(O)OCC3C(C(C(O3)N4C=NC5=C(N=CN=C54)N)OP(=O)(O)O)O)O)O
s_1214	NADPH	nadph	CHEBI:57783	C00005	MNXM6	C1C=CN(C=C1C(=O)N)C2C(C(C(O2)COP(=O)(O)OP(=O)(O)OCC3C(C(C(O3)N4C=NC5=C(N=CN=C54)N)OP(=O)(O)O)O)O)O
s_1215	NADPH	nadph	CHEBI:57783	C00005	MNXM6	C1C=CN(C=C1C(=O)N)C2C(C(C(O2)COP(=O)(O)OP(=O)(O)OCC3C(C(C(O3)N4C=NC5=C(N=CN=C54)N)OP(=O)(O)O)O)O)O
s_1216	nicotinamide	ncam	CHEBI:17154	C00153	MNXM216	C1=CC(=CN=C1)C(=O)N
s_1217	nicotinamide	ncam	CHEBI:17154	C00153	MNXM216	C1=CC(=CN=C1)C(=O)N
s_1218	nicotinamide riboside	rnam	CHEBI:15927	C03150	MNXM1115	C1=CC(=C[N+](=C1)C2C(C(C(O2)CO)O)O)C(=O)N
s_1219	nicotinate	nac	CHEBI:32544	C00253	MNXM274	C1=CC(=CN=C1)C(=O)[O-]
s_1220	nicotinate	nac	CHEBI:32544	C00253	MNXM274	C1=CC(=CN=C1)C(=O)[O-]
s_1221	nicotinate	nac	CHEBI:32544	C00253	MNXM274	C1=CC(=CN=C1)C(=O)[O-]
s_1222	nicotinic acid D-ribonucleotide	nicrnt	CHEBI:57502	C01185	MNXM194	C1=CC(=C[N+](=C1)C2C(C(C(O2)COP(=O)(O)O)O)O)C(=O)O
s_1223	nicotinic acid D-ribonucleotide	nicrnt	CHEBI:57502	C01185	MNXM194	C1=CC(=C[N+](=C1)C2C(C(C(O2)COP(=O)(O)O)O)O)C(=O)O
s_1224	NMN	nmn	CHEBI:14649	C00455	MNXM355	C1=CC(=C[N+](=C1)C2C(C(C(O2)COP(=O)(O)[O-])O)O)C(=O)N
s_1225	NMN	nmn	CHEBI:14649	C00455	MNXM355	C1=CC(=C[N+](=C1)C2C(C(C(O2)COP(=O)(O)[O-])O)O)C(=O)N
s_1227	NMN	nmn	CHEBI:14649	C00455	MNXM355	C1=CC(=C[N+](=C1)C2C(C(C(O2)COP(=O)(O)[O-])O)O)C(=O)N
s_1228	NMN	nmn	CHEBI:14649	C00455	MNXM355	C1=CC(=C[N+](=C1)C2C(C(C(O2)COP(=O)(O)[O-])O)O)C(=O)N
s_1229	nonadecaprenyl diphosphate		CHEBI:53034		MNXM64863	CC(=CCCC(=CCCC(=CCCC(=CCCC(=CCCC(=CCCC(=CCCC(=CCCC(=CCCC(=CCCC(=CCCC(=CCCC(=CCCC(=CCCC(=CCCC(=CCCC(=CCCC(=CCCC(=CCOP(=O)(O)OP(=O)(O)O)C)C)C)C)C)C)C)C)C)C)C)C)C)C)C)C)C)C)C
s_1230	nonaprenyl 4-hydroxybenzoate		CHEBI:18162	C03885	MNXM2847	CC(=CCCC(=CCCC(=CCCC(=CCCC(=CCCC(=CCCC(=CCCC(=CCCC(=CCOC(=O)C1=CC=C(C=C1)O)C)C)C)C)C)C)C)C)C
s_1231	nonaprenyl diphosphate		CHEBI:53044	C04145	MNXM968	CC(=CCCC(=CCCC(=CCCC(=CCCC(=CCCC(=CCCC(=CCCC(=CCCC(=CCOP(=O)(O)OP(=O)(O)O)C)C)C)C)C)C)C)C)C
s_1232	nonaprenyl diphosphate		CHEBI:53044	C04145	MNXM968	CC(=CCCC(=CCCC(=CCCC(=CCCC(=CCCC(=CCCC(=CCCC(=CCCC(=CCOP(=O)(O)OP(=O)(O)O)C)C)C)C)C)C)C)C)C
s_1233	O-acetyl-L-homoserine	achms	CHEBI:16288	C01077	MNXM699	CC(=O)OCCC(C(=O)O)N
s_1234	O-acetyl-L-serine	acser	CHEBI:17981	C00979	MNXM418	CC(=O)OCC(C(=O)O)N
s_1235	O-acetylcarnitine	acrn	CHEBI:57589	C02571	MNXM1028	CC(=O)OC(CC(=O)[O-])C[N+](C)(C)C
s_1236	O-acetylcarnitine	acrn	CHEBI:57589	C02571	MNXM1028	CC(=O)OC(CC(=O)[O-])C[N+](C)(C)C
s_1237	O-acetylcarnitine	acrn	CHEBI:57589	C02571	MNXM1028	CC(=O)OC(CC(=O)[O-])C[N+](C)(C)C
s_1238	O-phospho-L-homoserine	phom	CHEBI:57590	C01102	MNXM1334	C(COP(=O)(O)O)C(C(=O)O)N
s_1239	O-phosphoethanolamine	ethamp	CHEBI:58190	C00346	MNXM187	C(COP(=O)(O)O)N
s_1240	O-phosphoethanolamine	ethamp	CHEBI:58190	C00346	MNXM187	C(COP(=O)(O)O)N
s_1241	O-succinyl-L-homoserine	suchms	CHEBI:57661	C01118	MNXM820	C(COC(=O)CCC(=O)O)C(C(=O)O)N
s_1246	octadecaprenyl diphosphate		CHEBI:53035		MNXM65303	CC(=CCCC(=CCCC(=CCCC(=CCCC(=CCCC(=CCCC(=CCCC(=CCCC(=CCCC(=CCCC(=CCCC(=CCCC(=CCCC(=CCCC(=CCCC(=CCCC(=CCCC(=CCOP(=O)(O)OP(=O)(O)O)C)C)C)C)C)C)C)C)C)C)C)C)C)C)C)C)C)C
s_1248	octanoate	octa	CHEBI:25646	C06423	MNXM750	CCCCCCCC(=O)[O-]
s_1250	octanoate	octa	CHEBI:25646	C06423	MNXM750	CCCCCCCC(=O)[O-]
s_1253	octanoate	octa	CHEBI:25646	C06423	MNXM750	CCCCCCCC(=O)[O-]
s_1254	octanoyl-ACP		CHEBI:7725	C05752	MNXM979	
s_1258	octanoyl-CoA	occoa	CHEBI:15533	C01944	MNXM342	CCCCCCCC(=O)SCCNC(=O)CCNC(=O)C(C(C)(C)COP(=O)(O)OP(=O)(O)OCC1C(C(C(O1)N2C=NC3=C(N=CN=C32)N)O)OP(=O)(O)O)O
s_1259	octaprenyl diphosphate	octdp	CHEBI:53045	C04146	MNXM811	CC(=CCCC(=CCCC(=CCCC(=CCCC(=CCCC(=CCCC(=CCCC(=CCOP(=O)(O)OP(=O)(O)O)C)C)C)C)C)C)C)C
s_1260	oleate	ocdcea	CHEBI:30823	C00712	MNXM306	CCCCCCCCC=CCCCCCCCC(=O)O
s_1262	oleoyl-CoA	ocdce9coa	CHEBI:57387	C00510	MNXM686	CCCCCCCCC=CCCCCCCCC(=O)SCCNC(=O)CCNC(=O)C(C(C)(C)COP(=O)(O)OP(=O)(O)OCC1C(C(C(O1)N2C=NC3=C(N=CN=C32)N)O)OP(=O)(O)O)O
s_1265	oleoyl-CoA	ocdce9coa	CHEBI:57387	C00510	MNXM686	CCCCCCCCC=CCCCCCCCC(=O)SCCNC(=O)CCNC(=O)C(C(C)(C)COP(=O)(O)OP(=O)(O)OCC1C(C(C(O1)N2C=NC3=C(N=CN=C32)N)O)OP(=O)(O)O)O
s_1266	ornithine	orn	CHEBI:46912	C01602	MNXM89689	C(CC(C(=O)O)N)CN
s_1267	ornithine	orn	CHEBI:46912	C01602	MNXM89689	C(CC(C(=O)O)N)CN
s_1268	ornithine	orn	CHEBI:46912	C01602	MNXM89689	C(CC(C(=O)O)N)CN
s_1269	orotate	orot	CHEBI:30839	C00295	MNXM235	C1=C(NC(=O)NC1=O)C(=O)[O-]
s_1270	orotidine 5'-(dihydrogen phosphate)	orot5p	CHEBI:57538	C01103	MNXM519	C1=C(N(C(=O)NC1=O)C2C(C(C(O2)COP(=O)(O)O)O)O)C(=O)O
s_1271	oxaloacetate	oaa	CHEBI:16452	C00036	MNXM46	C(C(=O)C(=O)O)C(=O)O
s_1272	oxaloacetate	oaa	CHEBI:16452	C00036	MNXM46	C(C(=O)C(=O)O)C(=O)O
s_1273	oxaloacetate	oaa	CHEBI:16452	C00036	MNXM46	C(C(=O)C(=O)O)C(=O)O
s_1274	oxaloacetate	oaa	CHEBI:16452	C00036	MNXM46	C(C(=O)C(=O)O)C(=O)O
s_1275	oxygen	o2	CHEBI:15379	C00007	MNXM4	O=O
s_1276	oxygen	o2	CHEBI:15379	C00007	MNXM4	O=O
s_1277	oxygen	o2	CHEBI:15379	C00007	MNXM4	O=O
s_1278	oxygen	o2	CHEBI:15379	C00007	MNXM4	O=O
s_1279	oxygen	o2	CHEBI:15379	C00007	MNXM4	O=O
s_1282	P(1),P(4)-bis(5'-adenosyl) tetraphosphate	ap4a	CHEBI:58141	C01260	MNXM1089	C1=NC(=C2C(=N1)N(C=N2)C3C(C(C(O3)COP(=O)(O)OP(=O)(O)OP(=O)(O)OP(=O)(O)OCC4C(C(C(O4)N5C=NC6=C(N=CN=C65)N)O)O)O)O)N
s_1283	P(1),P(4)-bis(5'-guanosyl) tetraphosphate	gp4g	CHEBI:57553	C01261	MNXM1582	C1=NC2=C(N1C3C(C(C(O3)COP(=O)(O)OP(=O)(O)OP(=O)(O)OP(=O)(O)OCC4C(C(C(O4)N5C=NC6=C5N=C(NC6=O)N)O)O)O)O)N=C(NC2=O)N
s_1284	P1-(5'-adenosyl),P4-(5'-guanosyl) tetraphosphate	ap4g	CHEBI:52968		MNXM66180	
s_1286	palmitate	hdca	CHEBI:7896	C00249	MNXM108	CCCCCCCCCCCCCCCC(=O)O
s_1288	palmitate	hdca	CHEBI:7896	C00249	MNXM108	CCCCCCCCCCCCCCCC(=O)O
s_1291	palmitate	hdca	CHEBI:7896	C00249	MNXM108	CCCCCCCCCCCCCCCC(=O)O
s_1293	palmitoleate	hdcea	CHEBI:32372	C08362	MNXM162245	CCCCCCC=CCCCCCCCC(=O)[O-]
s_1295	palmitoleate	hdcea	CHEBI:32372	C08362	MNXM162245	CCCCCCC=CCCCCCCCC(=O)[O-]
s_1298	palmitoleate	hdcea	CHEBI:32372	C08362	MNXM162245	CCCCCCC=CCCCCCCCC(=O)[O-]
s_1302	palmitoyl-CoA	pmtcoa	CHEBI:57379	C00154	MNXM88	CCCCCCCCCCCCCCCC(=O)SCCNC(=O)CCNC(=O)C(C(C)(C)COP(=O)(O)OP(=O)(O)OCC1C(C(C(O1)N2C=NC3=C(N=CN=C32)N)O)OP(=O)(O)O)O
s_1303	palmitoyl-CoA	pmtcoa	CHEBI:57379	C00154	MNXM88	CCCCCCCCCCCCCCCC(=O)SCCNC(=O)CCNC(=O)C(C(C)(C)COP(=O)(O)OP(=O)(O)OCC1C(C(C(O1)N2C=NC3=C(N=CN=C32)N)O)OP(=O)(O)O)O
s_1305	palmitoyl-CoA	pmtcoa	CHEBI:57379	C00154	MNXM88	CCCCCCCCCCCCCCCC(=O)SCCNC(=O)CCNC(=O)C(C(C)(C)COP(=O)(O)OP(=O)(O)OCC1C(C(C(O1)N2C=NC3=C(N=CN=C32)N)O)OP(=O)(O)O)O
s_1307	pantetheine 4'-phosphate	pan4p	CHEBI:47942	C01134	MNXM373	CC(C)(COP(=O)(O)O)C(C(=O)NCCC(=O)NCCS)O
s_1308	pantetheine 4'-phosphate	pan4p	CHEBI:47942	C01134	MNXM373	CC(C)(COP(=O)(O)O)C(C(=O)NCCC(=O)NCCS)O
s_1309	pectin	pectin	CHEBI:17309	C00714	MNXM107600	C1(C(C(OC(C1O)O)C(=O)O)O)O
s_1310	pentadecaprenyl diphosphate		CHEBI:53038		MNXM73155	CC(=CCCC(=CCCC(=CCCC(=CCCC(=CCCC(=CCCC(=CCCC(=CCCC(=CCCC(=CCCC(=CCCC(=CCCC(=CCCC(=CCCC(=CCOP(=O)(O)OP(=O)(O)O)C)C)C)C)C)C)C)C)C)C)C)C)C)C)C
s_1311	pentaprenyl diphosphate	pendp	CHEBI:53048	C04217	MNXM2210	CC(=CCCC(=CCCC(=CCCC(=CCCC(=CCOP(=O)(O)OP(=O)(O)O)C)C)C)C)C
s_1312	pentaprenyl diphosphate	pendp	CHEBI:53048	C04217	MNXM2210	CC(=CCCC(=CCCC(=CCCC(=CCCC(=CCOP(=O)(O)OP(=O)(O)O)C)C)C)C)C
s_1313	pentaprenyl diphosphate	pendp	CHEBI:53048	C04217	MNXM2210	CC(=CCCC(=CCCC(=CCCC(=CCCC(=CCOP(=O)(O)OP(=O)(O)O)C)C)C)C)C
s_1314	Phe-tRNA(Phe)	phetrna	CHEBI:29153	C03511	MNXM89802	
s_1315	Phe-tRNA(Phe)	phetrna	CHEBI:29153	C03511	MNXM89802	
s_1316	phenethyl acetate	pheac	CHEBI:31988	C12303	MNXM12629	CC(=O)OCCC1=CC=CC=C1
s_1317	phenethyl acetate	pheac	CHEBI:31988	C12303	MNXM12629	CC(=O)OCCC1=CC=CC=C1
s_1318	phenylacetaldehyde	pacald	CHEBI:16424	C00601	MNXM473	C1=CC=C(C=C1)CC=O
s_1319	phenylacetaldehyde	pacald	CHEBI:16424	C00601	MNXM473	C1=CC=C(C=C1)CC=O
s_1320	phenylacetaldehyde	pacald	CHEBI:16424	C00601	MNXM473	C1=CC=C(C=C1)CC=O
s_1321	phenylacetic acid	pac	CHEBI:18401	C07086	MNXM497	C1=CC=C(C=C1)CC(=O)O
s_1322	phosphate	pi	CHEBI:43474	C00009	MNXM9	[O-]P(=O)([O-])[O-]
s_1323	phosphate	pi	CHEBI:43474	C00009	MNXM9	[O-]P(=O)([O-])[O-]
s_1324	phosphate	pi	CHEBI:43474	C00009	MNXM9	[O-]P(=O)([O-])[O-]
s_1325	phosphate	pi	CHEBI:43474	C00009	MNXM9	[O-]P(=O)([O-])[O-]
s_1326	phosphate	pi	CHEBI:43474	C00009	MNXM9	[O-]P(=O)([O-])[O-]
s_1329	phosphate	pi	CHEBI:43474	C00009	MNXM9	[O-]P(=O)([O-])[O-]
s_1337	phosphatidyl-L-serine backbone	ps_cho	CHEBI:18303	C02737	MNXM221	
s_1346	phosphatidylcholine backbone	pchol_cho	CHEBI:49183	C00157	MNXM96952	
s_1351	phosphatidylethanolamine backbone	pe_hs	CHEBI:16038	C00350	MNXM115	
s_1352	phosphatidylethanolamine backbone	pe_hs	CHEBI:16038	C00350	MNXM115	
s_1360	phosphoenolpyruvate	pep	CHEBI:58702	C00074	MNXM73	C=C(C(=O)O)OP(=O)(O)O
s_1361	phosphoenolpyruvate	pep	CHEBI:58702	C00074	MNXM73	C=C(C(=O)O)OP(=O)(O)O
s_1364	phosphoribosyl-carboxy-aminoimidazole	5aizc	CHEBI:58564	C04751	MNXM507	C1=NC(=C(N1C2C(C(C(O2)COP(=O)([O-])[O-])O)O)N)C(=O)[O-]
s_1365	phosphoribosyl-formamido-carboxamide	fprica	CHEBI:58467	C04734	MNXM456	
s_1366	phytosphingosine	psphings	CHEBI:46961	C12144	MNXM914	CCCCCCCCCCCCCCC(C(C(CO)N)O)O
s_1367	phytosphingosine 1-phosphate	psph1p	CHEBI:46970		MNXM3337	CCCCCCCCCCCCCCC(C(C(COP(=O)(O)O)N)O)O
s_1368	pimeloyl-CoA	pmcoa	CHEBI:57360	C01063	MNXM951	CC(C)(COP(=O)(O)OP(=O)(O)OCC1C(C(C(O1)N2C=NC3=C(N=CN=C32)N)O)OP(=O)(O)O)C(C(=O)NCCC(=O)NCCSC(=O)CCCCCC(=O)O)O
s_1371	polysulphur		CHEBI:17909	C00087	MNXM77783	
s_1372	porphobilinogen	ppbng	CHEBI:58126	C00931	MNXM554	C1=C(C(=C(N1)CN)CC(=O)O)CCC(=O)O
s_1373	potassium	k	CHEBI:26216	C00238	MNXM77881	[K]
s_1374	potassium	k	CHEBI:26216	C00238	MNXM77881	[K]
s_1375	precorrin-2	dscl	CHEBI:58827	C02463	MNXM672	CC1(C(C2=CC3=NC(=CC4=C(C(=C(N4)CC5=C(C(=C(N5)C=C1N2)CC(=O)O)CCC(=O)O)CCC(=O)O)CC(=O)O)C(C3(C)CC(=O)O)CCC(=O)O)CCC(=O)O)CC(=O)O
s_1376	prenyl diphosphate(3-)	dmpp	CHEBI:57623	C00235	MNXM132	CC(=CCOP(=O)([O-])OP(=O)([O-])[O-])C
s_1377	prephenate	pphn	CHEBI:29934	C00254	MNXM503	C1=CC(C=CC1O)(CC(=O)C(=O)O)C(=O)O
s_1378	preuroporphyrinogen	hmbil	CHEBI:57845	C01024	MNXM547	C1=C(C(=C(N1)CC2=C(C(=C(N2)CC3=C(C(=C(N3)CC4=C(C(=C(N4)CO)CC(=O)O)CCC(=O)O)CC(=O)O)CCC(=O)O)CC(=O)O)CCC(=O)O)CC(=O)O)CCC(=O)O
s_1379	Pro-tRNA(Pro)	protrna	CHEBI:29154	C02702	MNXM247	
s_1382	propionyl-CoA	ppcoa	CHEBI:57386	C00100	MNXM86	CCC(=O)SCCNC(=O)CCNC(=O)C(C(C)(C)COP(=O)(O)OP(=O)(O)OCC1C(C(C(O1)N2C=NC3=C(N=CN=C32)N)O)OP(=O)(O)O)O
s_1383	protoporphyrin	ppp9	CHEBI:36159	C02191	MNXM346	CC1=C(C2=CC3=NC(=CC4=NC(=CC5=C(C(=C(N5)C=C1N2)C=C)C)C(=C4CCC(=O)O)C)C(=C3C)CCC(=O)O)C=C
s_1384	protoporphyrinogen	pppg9	CHEBI:57307	C01079	MNXM351	CC1=C2CC3=C(C(=C(N3)CC4=C(C(=C(N4)CC5=C(C(=C(N5)CC(=C1CCC(=O)O)N2)CCC(=O)O)C)C=C)C)C=C)C
s_1385	protoporphyrinogen	pppg9	CHEBI:57307	C01079	MNXM351	CC1=C2CC3=C(C(=C(N3)CC4=C(C(=C(N4)CC5=C(C(=C(N5)CC(=C1CCC(=O)O)N2)CCC(=O)O)C)C=C)C)C=C)C
s_1386	PRPP	prpp	CHEBI:58017	C00119	MNXM91	C(C1C(C(C(O1)OP(=O)(O)OP(=O)(O)O)O)O)OP(=O)(O)O
s_1387	PRPP	prpp	CHEBI:58017	C00119	MNXM91	C(C1C(C(C(O1)OP(=O)(O)OP(=O)(O)O)O)O)OP(=O)(O)O
s_1388	pseudouridine 5'-phosphate		CHEBI:58380	C01168	MNXM2276	C1=C(C(=O)NC(=O)N1)C2C(C(C(O2)COP(=O)(O)O)O)O
s_1389	putrescine	ptrc	CHEBI:326268	C00134	MNXM118	C(CCN)CN
s_1390	putrescine	ptrc	CHEBI:326268	C00134	MNXM118	C(CCN)CN
s_1391	putrescine	ptrc	CHEBI:326268	C00134	MNXM118	C(CCN)CN
s_1392	pyridoxal	pydx	CHEBI:17310	C00250	MNXM311	CC1=NC=C(C(=C1O)C=O)CO
s_1393	pyridoxal 5'-phosphate	pydx5p	CHEBI:597326	C00018	MNXM161	CC1=NC=C(C(=C1O)C=O)COP(=O)(O)O
s_1394	pyridoxamine	pydam	CHEBI:57761	C00534	MNXM548	CC1=NC=C(C(=C1O)CN)CO
s_1395	pyridoxamine 5'-phosphate	pyam5p	CHEBI:58451	C00647	MNXM366	CC1=NC=C(C(=C1O)CN)COP(=O)(O)O
s_1396	pyridoxine	pydxn	CHEBI:16709	C00314	MNXM419	CC1=NC=C(C(=C1O)CO)CO
s_1397	pyridoxine	pydxn	CHEBI:16709	C00314	MNXM419	CC1=NC=C(C(=C1O)CO)CO
s_1398	pyridoxine 5'-phosphate	pdx5p	CHEBI:58589	C00627	MNXM454	CC1=NC=C(C(=C1O)CO)COP(=O)(O)O
s_1399	pyruvate	pyr	CHEBI:15361	C00022	MNXM23	CC(=O)C(=O)[O-]
s_1400	pyruvate	pyr	CHEBI:15361	C00022	MNXM23	CC(=O)C(=O)[O-]
s_1401	pyruvate	pyr	CHEBI:15361	C00022	MNXM23	CC(=O)C(=O)[O-]
s_1403	quinolinate	quln	CHEBI:29959	C03722	MNXM555	C1=CC(=C(N=C1)C(=O)O)C(=O)O
s_1404	quinolinate	quln	CHEBI:29959	C03722	MNXM555	C1=CC(=C(N=C1)C(=O)O)C(=O)O
s_1405	riboflavin	ribflv	CHEBI:57986	C00255	MNXM270	CC1=CC2=C(C=C1C)N(C3=NC(=O)NC(=O)C3=N2)CC(C(C(CO)O)O)O
s_1406	riboflavin	ribflv	CHEBI:57986	C00255	MNXM270	CC1=CC2=C(C=C1C)N(C3=NC(=O)NC(=O)C3=N2)CC(C(C(CO)O)O)O
s_1407	riboflavin	ribflv	CHEBI:57986	C00255	MNXM270	CC1=CC2=C(C=C1C)N(C3=NC(=O)NC(=O)C3=N2)CC(C(C(CO)O)O)O
s_1408	ribose-5-phosphate	r5p	CHEBI:140679	C03736	MNXM15900	C(C(C(C(C=O)O)O)O)OP(=O)(O)O
s_1409	S(8)-aminomethyldihydrolipoamide	alpam	CHEBI:50622		MNXM81220	C(CCC(=O)N)CC(CCSCN)S
s_1410	S(8)-aminomethyldihydrolipoylprotein	alpro	CHEBI:16882	C01242	MNXM81221	
s_1411	S(8)-succinyldihydrolipoamide	sdhlam	CHEBI:17432	C01169	MNXM3710	C(CCC(=O)N)CC(CCSC(=O)CCC(=O)O)S
s_1412	S-adenosyl-4-methylthio-2-oxobutanoate	amob	CHEBI:16490	C04425	MNXM3090	C[S+](CCC(=O)C(=O)O)CC1C(C(C(O1)N2C=NC3=C(N=CN=C32)N)O)O
s_1413	S-adenosyl-L-homocysteine	ahcys	CHEBI:16680	C00021	MNXM19	C1=NC(=C2C(=N1)N(C=N2)C3C(C(C(O3)CSCCC(C(=O)O)N)O)O)N
s_1415	S-adenosyl-L-homocysteine	ahcys	CHEBI:16680	C00021	MNXM19	C1=NC(=C2C(=N1)N(C=N2)C3C(C(C(O3)CSCCC(C(=O)O)N)O)O)N
s_1416	S-adenosyl-L-methionine	amet	CHEBI:15414	C00019	MNXM16	C[S+](CCC(C(=O)[O-])N)CC1C(C(C(O1)N2C=NC3=C(N=CN=C32)N)O)O
s_1418	S-adenosyl-L-methionine	amet	CHEBI:15414	C00019	MNXM16	C[S+](CCC(C(=O)[O-])N)CC1C(C(C(O1)N2C=NC3=C(N=CN=C32)N)O)O
s_1419	S-adenosyl-L-methionine	amet	CHEBI:15414	C00019	MNXM16	C[S+](CCC(C(=O)[O-])N)CC1C(C(C(O1)N2C=NC3=C(N=CN=C32)N)O)O
s_1420	S-adenosylmethioninamine	ametam	CHEBI:57443	C01137	MNXM321	C[S+](CCCN)CC1C(C(C(O1)N2C=NC3=C(N=CN=C32)N)O)O
s_1421	S-formylglutathione	Sfglutth	CHEBI:57688	C01031	MNXM952	C(CC(=O)NC(CSC=O)C(=O)NCC(=O)O)C(C(=O)O)N
s_1422	S-methyl-5-thio-alpha-D-ribose 1-phosphate	5mdr1p	CHEBI:58533	C04188	MNXM407	CSCC1C(C(C(O1)OP(=O)(O)O)O)O
s_1423	S-methyl-5-thio-D-ribulose 1-phosphate	5mdru1p	CHEBI:58548	C04582	MNXM522	CSCC(C(C(=O)COP(=O)(O)O)O)O
s_1424	S-methyl-L-methionine	mmet	CHEBI:17728	C03172	MNXM1119	C[S+](C)CCC(C(=O)O)N
s_1425	S-methyl-L-methionine	mmet	CHEBI:17728	C03172	MNXM1119	C[S+](C)CCC(C(=O)O)N
s_1426	sedoheptulose 1,7-bisphosphate	s17bp	CHEBI:58335	C00447	MNXM1294	C(C(C(C(C(C(=O)COP(=O)(O)O)O)O)O)O)OP(=O)(O)O
s_1427	sedoheptulose 7-phosphate	s7p	CHEBI:57483	C05382	MNXM271	C(C(C(C(C(C(=O)CO)O)O)O)O)OP(=O)(O)O
s_1428	Ser-tRNA(Ser)	sertrna	CHEBI:29162	C02553	MNXM165150	
s_1429	shikimate	skm	CHEBI:36208	C00493	MNXM602	C1C(C(C(C=C1C(=O)O)O)O)O
s_1430	siroheme	sheme	CHEBI:60052	C00748	MNXM82173	CC1(C(C2=CC3=NC(=CC4=C(C(=C([N-]4)C=C5C(C(C(=N5)C=C1[N-]2)CCC(=O)O)(C)CC(=O)O)CC(=O)O)CCC(=O)O)C(=C3CC(=O)O)CCC(=O)O)CCC(=O)O)CC(=O)O.[Fe+2]
s_1431	sirohydrochlorin	scl	CHEBI:58351	C05778	MNXM863	CC1(C(C2=NC1=CC3=NC(=CC4=C(C(=C(N4)C=C5C(=C(C(=C2)N5)CC(=O)O)CCC(=O)O)CCC(=O)O)CC(=O)O)C(C3CCC(=O)O)(C)CC(=O)O)CCC(=O)O)CC(=O)O
s_1432	sn-glycero-3-phosphocholine	g3pc	CHEBI:16870	C00670	MNXM367	C[N+](C)(C)CCOP(=O)([O-])OCC(CO)O
s_1433	sn-glycero-3-phosphocholine	g3pc	CHEBI:16870	C00670	MNXM367	C[N+](C)(C)CCOP(=O)([O-])OCC(CO)O
s_1435	sn-glycero-3-phosphocholine	g3pc	CHEBI:16870	C00670	MNXM367	C[N+](C)(C)CCOP(=O)([O-])OCC(CO)O
s_1437	sodium	na1	CHEBI:26708	C01330	MNXM82334	[Na]
s_1438	sodium	na1	CHEBI:26708	C01330	MNXM82334	[Na]
s_1439	spermidine	spmd	CHEBI:57834	C00315	MNXM124	C(CCNCCCN)CN
s_1440	spermidine	spmd	CHEBI:57834	C00315	MNXM124	C(CCNCCCN)CN
s_1441	spermidine	spmd	CHEBI:57834	C00315	MNXM124	C(CCNCCCN)CN
s_1442	spermine	sprm	CHEBI:45725	C00750	MNXM408	C(CCNCCCN)CNCCCN
s_1443	spermine	sprm	CHEBI:45725	C00750	MNXM408	C(CCNCCCN)CNCCCN
s_1444	spermine	sprm	CHEBI:45725	C00750	MNXM408	C(CCNCCCN)CNCCCN
s_1445	sphinganine	sphgn	CHEBI:57817	C00836	MNXM302	CCCCCCCCCCCCCCCC(C(CO)N)O
s_1446	sphinganine 1-phosphate	sph1p	CHEBI:57939	C01120	MNXM487	CCCCCCCCCCCCCCCC(C(COP(=O)(O)O)N)O
s_1447	squalene	sql	CHEBI:15440	C00751	MNXM292	CC(=CCCC(=CCCC(=CCCC=C(C)CCC=C(C)CCC=C(C)C)C)C)C
s_1448	squalene	sql	CHEBI:15440	C00751	MNXM292	CC(=CCCC(=CCCC(=CCCC=C(C)CCC=C(C)CCC=C(C)C)C)C)C
s_1449	stearate	ocdca	CHEBI:25629	C01530	MNXM236	CCCCCCCCCCCCCCCCCC(=O)[O-]
s_1450	stearate	ocdca	CHEBI:25629	C01530	MNXM236	CCCCCCCCCCCCCCCCCC(=O)[O-]
s_1451	stearate	ocdca	CHEBI:25629	C01530	MNXM236	CCCCCCCCCCCCCCCCCC(=O)[O-]
s_1454	stearoyl-CoA	stcoa	CHEBI:57394	C00412	MNXM272	CCCCCCCCCCCCCCCCCC(=O)SCCNC(=O)CCNC(=O)C(C(C)(C)COP(=O)(O)OP(=O)(O)OCC1C(C(C(O1)N2C=NC3=C(N=CN=C32)N)O)OP(=O)(O)O)O
s_1457	stearoyl-CoA	stcoa	CHEBI:57394	C00412	MNXM272	CCCCCCCCCCCCCCCCCC(=O)SCCNC(=O)CCNC(=O)C(C(C)(C)COP(=O)(O)OP(=O)(O)OCC1C(C(C(O1)N2C=NC3=C(N=CN=C32)N)O)OP(=O)(O)O)O
s_1458	succinate	succ	CHEBI:30031	C00042	MNXM25	C(CC(=O)[O-])C(=O)[O-]
s_1459	succinate	succ	CHEBI:30031	C00042	MNXM25	C(CC(=O)[O-])C(=O)[O-]
s_1460	succinate	succ	CHEBI:30031	C00042	MNXM25	C(CC(=O)[O-])C(=O)[O-]
s_1461	succinic semialdehyde	sucsal	CHEBI:57706	C00232	MNXM172	C(CC(=O)O)C=O
s_1464	succinyl-CoA	succoa	CHEBI:57292	C00091	MNXM92	CC(C)(COP(=O)(O)OP(=O)(O)OCC1C(C(C(O1)N2C=NC3=C(N=CN=C32)N)O)OP(=O)(O)O)C(C(=O)NCCC(=O)NCCSC(=O)CCC(=O)O)O
s_1466	sucrose	sucr	CHEBI:17992	C00089	MNXM167	C(C1C(C(C(C(O1)OC2(C(C(C(O2)CO)O)O)CO)O)O)O)O
s_1467	sulphate	so4	CHEBI:16189	C00059	MNXM58	[O-]S(=O)(=O)[O-]
s_1468	sulphate	so4	CHEBI:16189	C00059	MNXM58	[O-]S(=O)(=O)[O-]
s_1469	sulphite	so3	CHEBI:17137	C11481	MNXM105630	[O-]S(=O)[O-]
s_1470	sulphite	so3	CHEBI:17137	C11481	MNXM105630	[O-]S(=O)[O-]
s_1471	taurine	taur	CHEBI:15891	C00245	MNXM282	C(CS(=O)(=O)O)N
s_1472	taurine	taur	CHEBI:15891	C00245	MNXM282	C(CS(=O)(=O)O)N
s_1473	taurocholate	tchola	CHEBI:36257	C05122	MNXM2288	CC(CCC(=O)NCCS(=O)(=O)O)C1CCC2C1(C(CC3C2C(CC4C3(CCC(C4)O)C)O)O)C
s_1474	taurocholate	tchola	CHEBI:36257	C05122	MNXM2288	CC(CCC(=O)NCCS(=O)(=O)O)C1CCC2C1(C(CC3C2C(CC4C3(CCC(C4)O)C)O)O)C
s_1475	TDP	thmpp	CHEBI:45931	C00068	MNXM256	
s_1476	TDP	thmpp	CHEBI:45931	C00068	MNXM256	
s_1477	TDP	thmpp	CHEBI:45931	C00068	MNXM256	
s_1479	tetracosanoyl-CoA	ttccoa	CHEBI:52974	C16529	MNXM1504	CCCCCCCCCCCCCCCCCCCCCCCC(=O)SCCNC(=O)CCNC(=O)C(C(C)(C)COP(=O)(O)OP(=O)(O)OCC1C(C(C(O1)N2C=NC3=C(N=CN=C32)N)O)OP(=O)(O)O)O
s_1480	tetracosanoyl-CoA	ttccoa	CHEBI:52974	C16529	MNXM1504	CCCCCCCCCCCCCCCCCCCCCCCC(=O)SCCNC(=O)CCNC(=O)C(C(C)(C)COP(=O)(O)OP(=O)(O)OCC1C(C(C(O1)N2C=NC3=C(N=CN=C32)N)O)OP(=O)(O)O)O
s_1482	tetracosanoyl-CoA	ttccoa	CHEBI:52974	C16529	MNXM1504	CCCCCCCCCCCCCCCCCCCCCCCC(=O)SCCNC(=O)CCNC(=O)C(C(C)(C)COP(=O)(O)OP(=O)(O)OCC1C(C(C(O1)N2C=NC3=C(N=CN=C32)N)O)OP(=O)(O)O)O
s_1483	tetradecaprenyl diphosphate		CHEBI:53039		MNXM83846	CC(=CCCC(=CCCC(=CCCC(=CCCC(=CCCC(=CCCC(=CCCC(=CCCC(=CCCC(=CCCC(=CCCC(=CCCC(=CCCC(=CCOP(=O)(O)OP(=O)(O)O)C)C)C)C)C)C)C)C)C)C)C)C)C)C
s_1486	tetrahydropteroyltri-L-glutamic acid	hpglu	CHEBI:58140	C04144	MNXM2563	C1C(NC2=C(N1)N=C(NC2=O)N)CNC3=CC=C(C=C3)C(=O)NC(CCC(=O)NC(CCC(=O)NC(CCC(=O)O)C(=O)O)C(=O)O)C(=O)O
s_1487	THF	thf	CHEBI:20506	C00101	MNXM79	C1CCOC1
s_1488	THF	thf	CHEBI:20506	C00101	MNXM79	C1CCOC1
s_1489	thiamine	thm	CHEBI:18385	C00378	MNXM322	CC1=C(SC=[N+]1CC2=CN=C(N=C2N)C)CCO
s_1490	thiamine	thm	CHEBI:18385	C00378	MNXM322	CC1=C(SC=[N+]1CC2=CN=C(N=C2N)C)CCO
s_1491	Thr-tRNA(Thr)	thrtrna	CHEBI:29163	C02992	MNXM89895	
s_1492	Thr-tRNA(Thr)	thrtrna	CHEBI:29163	C02992	MNXM89895	
s_1493	thymidine	thymd	CHEBI:17748	C00214	MNXM420	CC1=CN(C(=O)NC1=O)C2CC(C(O2)CO)O
s_1494	thymidine	thymd	CHEBI:17748	C00214	MNXM420	CC1=CN(C(=O)NC1=O)C2CC(C(O2)CO)O
s_1497	TMP	thmmp	CHEBI:9533	C01081	MNXM662	
s_1498	TMP	thmmp	CHEBI:9533	C01081	MNXM662	
s_1503	trans-aconitate	acon_T	CHEBI:15708	C02341	MNXM1388	C(C(=CC(=O)O)C(=O)O)C(=O)O
s_1504	trans-aconitate	acon_T	CHEBI:15708	C02341	MNXM1388	C(C(=CC(=O)O)C(=O)O)C(=O)O
s_1507	trans-dec-2-enoyl-CoA	dc2coa	CHEBI:61406	C05275	MNXM580	CCCCCCCC=CC(=O)SCCNC(=O)CCNC(=O)C(C(C)(C)COP(=O)(O)OP(=O)(O)OCC1C(C(C(O1)N2C=NC3=C(N=CN=C32)N)O)OP(=O)(O)O)O
s_1510	trans-dodec-2-enoyl-CoA	dd2coa	CHEBI:57330	C03221	MNXM642	CCCCCCCCCC=CC(=O)SCCNC(=O)CCNC(=O)C(C(C)(C)COP(=O)(O)OP(=O)(O)OCC1C(C(C(O1)N2C=NC3=C(N=CN=C32)N)O)OP(=O)(O)O)O
s_1513	trans-hexacos-2-enoyl-CoA	hxc2coa	CHEBI:52975		MNXM114303	CCCCCCCCCCCCCCCCCCCCCCCC=CC(=O)SCCNC(=O)CCNC(=O)C(C(C)(C)COP(=O)(O)OP(=O)(O)OCC1C(C(C(O1)N2C=NC3=C(N=CN=C32)N)O)OP(=O)(O)O)O
s_1516	trans-octadec-2-enoyl-CoA	od2coa	CHEBI:50570	C16218	MNXM954	CCCCCCCCCCCCCCCC=CC(=O)SCCNC(=O)CCNC(=O)C(C(C)(C)COP(=O)(O)OP(=O)(O)OCC1C(C(C(O1)N2C=NC3=C(N=CN=C32)N)O)OP(=O)(O)O)O
s_1519	trans-tetradec-2-enoyl-CoA	td2coa	CHEBI:61405	C05273	MNXM654	CCCCCCCCCCCC=CC(=O)SCCNC(=O)CCNC(=O)C(C(C)(C)COP(=O)(O)OP(=O)(O)OCC1C(C(C(O1)N2C=NC3=C(N=CN=C32)N)O)OP(=O)(O)O)O
s_1520	trehalose	tre	CHEBI:16551	C01083	MNXM198	C(C1C(C(C(C(O1)OC2C(C(C(C(O2)CO)O)O)O)O)O)O)O
s_1521	trehalose	tre	CHEBI:16551	C01083	MNXM198	C(C1C(C(C(C(O1)OC2C(C(C(C(O2)CO)O)O)O)O)O)O)O
s_1522	trehalose	tre	CHEBI:16551	C01083	MNXM198	C(C1C(C(C(C(O1)OC2C(C(C(C(O2)CO)O)O)O)O)O)O)O
s_1523	tridecaprenyl diphosphate		CHEBI:53040		MNXM5721	CC(=CCCC(=CCCC(=CCCC(=CCCC(=CCCC(=CCCC(=CCCC(=CCCC(=CCCC(=CCCC(=CCCC(=CCCC(=CCOP(=O)(O)OP(=O)(O)O)C)C)C)C)C)C)C)C)C)C)C)C)C
s_1524	triglyceride backbone	tag_cho	CHEBI:17855	C00422	MNXM248	
s_1526	trimethylenediamine		CHEBI:57484	C00986	MNXM350	C(CN)CN
s_1527	Trp-tRNA(Trp)	trptrna	CHEBI:29159	C03512	MNXM89804	
s_1528	Trp-tRNA(Trp)	trptrna	CHEBI:29159	C03512	MNXM89804	
s_1529	tryptophol	ind3eth	CHEBI:17890	C00955	MNXM1686	C1=CC=C2C(=C1)C(=CN2)CCO
s_1530	tryptophol	ind3eth	CHEBI:17890	C00955	MNXM1686	C1=CC=C2C(=C1)C(=CN2)CCO
s_1531	tryptophol	ind3eth	CHEBI:17890	C00955	MNXM1686	C1=CC=C2C(=C1)C(=CN2)CCO
s_1532	thiamine(1+) triphosphate(4-)	thmtp	CHEBI:58938	C03028	MNXM1341	CC1=C(SC=[N+]1CC2=CN=C(N=C2N)C)CCOP(=O)([O-])OP(=O)([O-])OP(=O)([O-])[O-]
s_1533	Tyr-tRNA(Tyr)	tyrtrna	CHEBI:29161	C02839	MNXM89822	
s_1534	Tyr-tRNA(Tyr)	tyrtrna	CHEBI:29161	C02839	MNXM89822	
s_1535	ubiquinol-6		CHEBI:52970	C00390	MNXM5319	CC1=C(C(=C(C(=C1O)OC)OC)O)CC=C(C)CCC=C(C)CCC=C(C)CCC=C(C)CCC=C(C)CCC=C(C)C
s_1537	ubiquinone-6	q6	CHEBI:52971	C17568	MNXM1783	CC1=C(C(=O)C(=C(C1=O)OC)OC)CC=C(C)CCC=C(C)CCC=C(C)CCC=C(C)CCC=C(C)CCC=C(C)C
s_1538	UDP	udp	CHEBI:58223	C00015	MNXM17	C1=CN(C(=O)NC1=O)C2C(C(C(O2)COP(=O)(O)OP(=O)(O)O)O)O
s_1539	UDP	udp	CHEBI:58223	C00015	MNXM17	C1=CN(C(=O)NC1=O)C2C(C(C(O2)COP(=O)(O)OP(=O)(O)O)O)O
s_1540	UDP	udp	CHEBI:58223	C00015	MNXM17	C1=CN(C(=O)NC1=O)C2C(C(C(O2)COP(=O)(O)OP(=O)(O)O)O)O
s_1541	UDP-D-galactose	udpgal	CHEBI:58439	C00052	MNXM89795	C1=CN(C(=O)NC1=O)C2C(C(C(O2)COP(=O)(O)OP(=O)(O)OC3C(C(C(C(O3)CO)O)O)O)O)O
s_1542	UDP-D-galactose	udpgal	CHEBI:58439	C00052	MNXM89795	C1=CN(C(=O)NC1=O)C2C(C(C(O2)COP(=O)(O)OP(=O)(O)OC3C(C(C(C(O3)CO)O)O)O)O)O
s_1543	UDP-D-glucose	udpg	CHEBI:58367	C00029	MNXM722710	C1=CN(C(=O)NC1=O)C2C(C(C(O2)COP(=O)(O)OP(=O)(O)OC3C(C(C(C(O3)CO)O)O)O)O)O
s_1544	UDP-N-acetyl-alpha-D-glucosamine	uacgam	CHEBI:57705	C00043	MNXM47	CC(=O)NC1C(C(C(OC1OP(=O)(O)OP(=O)(O)OCC2C(C(C(O2)N3C=CC(=O)NC3=O)O)O)CO)O)O
s_1545	UMP	ump	CHEBI:57865	C00105	MNXM80	C1=CN(C(=O)NC1=O)C2C(C(C(O2)COP(=O)(O)O)O)O
s_1546	UMP	ump	CHEBI:57865	C00105	MNXM80	C1=CN(C(=O)NC1=O)C2C(C(C(O2)COP(=O)(O)O)O)O
s_1547	UMP	ump	CHEBI:57865	C00105	MNXM80	C1=CN(C(=O)NC1=O)C2C(C(C(O2)COP(=O)(O)O)O)O
s_1548	UMP	ump	CHEBI:57865	C00105	MNXM80	C1=CN(C(=O)NC1=O)C2C(C(C(O2)COP(=O)(O)O)O)O
s_1549	undecaprenyl diphosphate	udcpdp	CHEBI:53042	C03543	MNXM5043	CC(=CCCC(=CCCC(=CCCC(=CCCC(=CCCC(=CCCC(=CCCC(=CCCC(=CCCC(=CCCC(=CCOP(=O)(O)OP(=O)(O)O)C)C)C)C)C)C)C)C)C)C)C
s_1550	uracil	ura	CHEBI:17568	C00106	MNXM158	C1=CNC(=O)NC1=O
s_1551	uracil	ura	CHEBI:17568	C00106	MNXM158	C1=CNC(=O)NC1=O
s_1552	urea	urea	CHEBI:16199	C00086	MNXM117	C(=O)(N)N
s_1553	urea	urea	CHEBI:16199	C00086	MNXM117	C(=O)(N)N
s_1554	urea-1-carboxylic acid	allphn	CHEBI:15832	C01010	MNXM1122	C(=O)(N)NC(=O)O
s_1555	ureidoglycolic acid	urdglyc	CHEBI:49050	C05241	MNXM490	C(C(=O)O)(NC(=O)N)O
s_1556	uridine	uri	CHEBI:16704	C00299	MNXM288	C1=CN(C(=O)NC1=O)C2C(C(C(O2)CO)O)O
s_1557	uridine	uri	CHEBI:16704	C00299	MNXM288	C1=CN(C(=O)NC1=O)C2C(C(C(O2)CO)O)O
s_1558	uroporphyrinogen III	uppg3	CHEBI:57308	C01051	MNXM414	C1C2=C(C(=C(N2)CC3=C(C(=C(N3)CC4=C(C(=C(N4)CC5=C(C(=C1N5)CCC(=O)O)CC(=O)O)CC(=O)O)CCC(=O)O)CC(=O)O)CCC(=O)O)CC(=O)O)CCC(=O)O
s_1559	UTP	utp	CHEBI:46398	C00075	MNXM121	C1=CN(C(=O)NC1=O)C2C(C(C(O2)COP(=O)(O)OP(=O)(O)OP(=O)(O)O)O)O
s_1560	UTP	utp	CHEBI:46398	C00075	MNXM121	C1=CN(C(=O)NC1=O)C2C(C(C(O2)COP(=O)(O)OP(=O)(O)OP(=O)(O)O)O)O
s_1561	Val-tRNA(Val)	valtrna	CHEBI:29164	C02554	MNXM90110	
s_1562	Val-tRNA(Val)	valtrna	CHEBI:29164	C02554	MNXM90110	
s_1563	xanthosine	xtsn	CHEBI:18107	C01762	MNXM687	C1=NC2=C(N1C3C(C(C(O3)CO)O)O)NC(=O)NC2=O
s_1564	xanthosine	xtsn	CHEBI:18107	C01762	MNXM687	C1=NC2=C(N1C3C(C(C(O3)CO)O)O)NC(=O)NC2=O
s_1565	xanthosine-5-phosphate	xmp	CHEBI:57464	C00655	MNXM298	C1=NC2=C(N1C3C(C(C(O3)COP(=O)(O)O)O)O)NC(=O)NC2=O
s_1566	xylitol	xylt	CHEBI:17151	C00379	MNXM510	C(C(C(C(CO)O)O)O)O
s_1567	xylitol	xylt	CHEBI:17151	C00379	MNXM510	C(C(C(C(CO)O)O)O)O
s_1568	zymosterol	zymst	CHEBI:18252	C05437	MNXM574	CC(CCC=C(C)C)C1CCC2C1(CCC3=C2CCC4C3(CCC(C4)O)C)C
s_1569	zymosterol	zymst	CHEBI:18252	C05437	MNXM574	CC(CCC=C(C)C)C1CCC2C1(CCC3=C2CCC4C3(CCC(C4)O)C)C
s_1571	zymosterol	zymst	CHEBI:18252	C05437	MNXM574	CC(CCC=C(C)C)C1CCC2C1(CCC3=C2CCC4C3(CCC(C4)O)C)C
s_1572	zymosterol	zymst	CHEBI:18252	C05437	MNXM574	CC(CCC=C(C)C)C1CCC2C1(CCC3=C2CCC4C3(CCC(C4)O)C)C
s_1576	zymosterol intermediate 1a	M00963	CHEBI:52388		MNXM89469	CC(CCC=C(C)C)C1CCC2C1(CCC3=C2CCC4C3(CCC(C4CO)O)C)C
s_1577	zymosterol intermediate 1b	M00959	CHEBI:52615		MNXM89470	CC(CCC=C(C)C)C1CCC2C1(CCC3=C2CCC4C3(CCC(C4C=O)O)C)C
s_1578	zymosterol intermediate 1c		CHEBI:52389		MNXM89471	CC(CCC=C(C)C)C1CCC2C1(CCC3=C2CCC4C3(CCC(C4C(=O)C)O)C)C
s_1579	zymosterol intermediate 2	M01067	CHEBI:52386		MNXM2876	CC(CCC=C(C)C)C1CCC2C1(CCC3=C2CCC4C3(CCC(=O)C4)C)C
s_1582	tRNA(Ala)	trnaala	CHEBI:29170	C01635	MNXM89576	
s_1583	tRNA(Arg)	trnaarg	CHEBI:29171	C01636	MNXM90751	
s_1584	tRNA(Arg)	trnaarg	CHEBI:29171	C01636	MNXM90751	
s_1585	tRNA(Asn)	trnaasn	CHEBI:29172	C01637	MNXM90665	
s_1586	tRNA(Asn)	trnaasn	CHEBI:29172	C01637	MNXM90665	
s_1587	tRNA(Asp)	trnaasp	CHEBI:29186	C01638	MNXM90752	
s_1588	tRNA(Asp)	trnaasp	CHEBI:29186	C01638	MNXM90752	
s_1589	tRNA(Cys)	trnacys	CHEBI:29167	C01639	MNXM162355	
s_1590	tRNA(Gln)	trnagln	CHEBI:29168	C01640	MNXM71	
s_1591	tRNA(Glu)	trnaglu	CHEBI:29175	C01641	MNXM90886	
s_1592	tRNA(Glu)	trnaglu	CHEBI:29175	C01641	MNXM90886	
s_1593	tRNA(Gly)	trnagly	CHEBI:29176	C01642	MNXM90340	
s_1594	tRNA(His)	trnahis	CHEBI:29178	C01643	MNXM90878	
s_1595	tRNA(His)	trnahis	CHEBI:29178	C01643	MNXM90878	
s_1596	tRNA(Ile)	trnaile	CHEBI:29174	C01644	MNXM90879	
s_1597	tRNA(Ile)	trnaile	CHEBI:29174	C01644	MNXM90879	
s_1598	tRNA(Leu)	trnaleu	CHEBI:29169	C01645	MNXM90880	
s_1599	tRNA(Leu)	trnaleu	CHEBI:29169	C01645	MNXM90880	
s_1600	tRNA(Lys)	trnalys	CHEBI:29185	C01646	MNXM90881	
s_1601	tRNA(Lys)	trnalys	CHEBI:29185	C01646	MNXM90881	
s_1602	tRNA(Met)	trnamet	CHEBI:29173	C01647	MNXM90882	
s_1603	tRNA(Met)	trnamet	CHEBI:29173	C01647	MNXM90882	
s_1604	tRNA(Phe)	trnaphe	CHEBI:29184	C01648	MNXM90753	
s_1605	tRNA(Phe)	trnaphe	CHEBI:29184	C01648	MNXM90753	
s_1606	tRNA(Pro)	trnapro	CHEBI:29177	C01649	MNXM90667	
s_1607	tRNA(Ser)	trnaser	CHEBI:29179	C01650	MNXM91028	
s_1608	tRNA(Thr)	trnathr	CHEBI:29180	C01651	MNXM90883	
s_1609	tRNA(Thr)	trnathr	CHEBI:29180	C01651	MNXM90883	
s_1610	tRNA(Trp)	trnatrp	CHEBI:29181	C01652	MNXM90755	
s_1611	tRNA(Trp)	trnatrp	CHEBI:29181	C01652	MNXM90755	
s_1612	tRNA(Tyr)	trnatyr	CHEBI:29182	C00787	MNXM90668	
s_1613	tRNA(Tyr)	trnatyr	CHEBI:29182	C00787	MNXM90668	
s_1614	tRNA(Val)	trnaval	CHEBI:29183	C01653	MNXM90885	
s_1615	tRNA(Val)	trnaval	CHEBI:29183	C01653	MNXM90885	
s_1616	TRX1	trdrd	CHEBI:15033	C00342	MNXM96993	
s_1617	TRX1	trdrd	CHEBI:15033	C00342	MNXM96993	
s_1618	TRX1	trdrd	CHEBI:15033	C00342	MNXM96993	
s_1619	TRX1	trdrd	CHEBI:15033	C00342	MNXM96993	
s_1620	TRX1 disulphide	trdox	CHEBI:18191	C00343	MNXM148	
s_1621	TRX1 disulphide	trdox	CHEBI:18191	C00343	MNXM148	
s_1622	TRX1 disulphide	trdox	CHEBI:18191	C00343	MNXM148	
s_1623	TRX1 disulphide	trdox	CHEBI:18191	C00343	MNXM148	
s_1845	ACP1	ACP	CHEBI:18359	C00229	MNXM925	
s_2763	kynurenic acid	kynate	CHEBI:18344	C01717	MNXM1113	C1=CC=C2C(=C1)C(=O)C=C(N2)C(=O)O
s_2764	quinaldic acid		CHEBI:18386	C06325	MNXM4797	C1=CC=C2C(=C1)C=CC(=N2)C(=O)O
s_2766	14-demethyllanosterol	44mzym	CHEBI:18364	C05108	MNXM913	CC(CCC=C(C)C)C1CCC2C1(CCC3=C2CCC4C3(CCC(C4(C)C)O)C)C
s_2768	ergosta-5,7,22,24(28)-tetraen-3beta-ol	ergtetrol	CHEBI:18249	C05440	MNXM1109	CC(C)C(=C)C=CC(C)C1CCC2C1(CCC3C2=CC=C4C3(CCC(C4)O)C)C
s_2770	acetoacetyl-ACP	actACP	CHEBI:2393	C05744	MNXM1223	
s_2771	butanoyl-ACP		CHEBI:3247	C05745	MNXM2645	
s_2772	3-oxo-hexanoyl-ACP	3ohexACP	CHEBI:1642	C05746	MNXM25602	
s_2773	hexanoyl-ACP		CHEBI:5704	C05749	MNXM23683	
s_2774	3-oxo-octanoyl-ACP	3ooctACP	CHEBI:1646	C05750	MNXM28031	
s_2775	3-hydroxybutanoyl-ACP	3hbutACP		C04618		
s_2776	3-hydroxyhexanoyl-ACP	3hhexACP	CHEBI:326	C05747	MNXM25370	
s_2777	3-hydroxyoctanoyl-ACP	3hoctaACP	CHEBI:80387	C16220	MNXM10033	
s_2778	trans-but-2-enoyl-ACP		CHEBI:132146			
s_2779	trans-hex-2-enoyl-ACP	thex2eACP	CHEBI:10727	C05748	MNXM24502	
s_2780	trans-oct-2-enoyl-ACP	toct2eACP		C05751	MNXM23766	
s_2781	lauroyl-CoA	ddcacoa	CHEBI:57375	C01832	MNXM363	CCCCCCCCCCCC(=O)SCCNC(=O)CCNC(=O)C(C(C)(C)COP(=O)(O)OP(=O)(O)OCC1C(C(C(O1)N2C=NC3=C(N=CN=C32)N)O)OP(=O)(O)O)O
s_2782	malonyl-CoA	malcoa	CHEBI:57384	C00083	MNXM40	CC(C)(COP(=O)(O)OP(=O)(O)OCC1C(C(C(O1)N2C=NC3=C(N=CN=C32)N)O)OP(=O)(O)O)C(C(=O)NCCC(=O)NCCSC(=O)CC(=O)O)O
s_2783	H+	h	CHEBI:24636	C00080	MNXM1	[H+]
s_2784	carbon dioxide	co2	CHEBI:16526	C00011	MNXM13	C(=O)=O
s_2785	coenzyme A	coa	CHEBI:57287	C00010	MNXM12	CC(C)(COP(=O)(O)OP(=O)(O)OCC1C(C(C(O1)N2C=NC3=C(N=CN=C32)N)O)OP(=O)(O)O)C(C(=O)NCCC(=O)NCCS)O
s_2786	3-oxotetradecanoyl-CoA	3otdcoa	CHEBI:28726	C05261	MNXM707	CCCCCCCCCCCC(=O)CC(=O)SCCNC(=O)CCNC(=O)C(C(C)(C)COP(=O)(O)OP(=O)(O)OCC1C(C(C(O1)N2C=NC3=C(N=CN=C32)N)O)OP(=O)(O)O)O
s_2787	myristoyl-CoA	tdcoa	CHEBI:57385	C02593	MNXM224	CCCCCCCCCCCCCC(=O)SCCNC(=O)CCNC(=O)C(C(C)(C)COP(=O)(O)OP(=O)(O)OCC1C(C(C(O1)N2C=NC3=C(N=CN=C32)N)O)OP(=O)(O)O)O
s_2788	3-oxopalmitoyl-CoA	3ohdcoa	CHEBI:57349	C05259	MNXM738	CCCCCCCCCCCCCC(=O)CC(=O)SCCNC(=O)CCNC(=O)C(C(C)(C)COP(=O)(O)OP(=O)(O)OCC1C(C(C(O1)N2C=NC3=C(N=CN=C32)N)O)OP(=O)(O)O)O
s_2789	palmitoyl-CoA	pmtcoa	CHEBI:57379	C00154	MNXM88	CCCCCCCCCCCCCCCC(=O)SCCNC(=O)CCNC(=O)C(C(C)(C)COP(=O)(O)OP(=O)(O)OCC1C(C(C(O1)N2C=NC3=C(N=CN=C32)N)O)OP(=O)(O)O)O
s_2790	3-oxooctadecanoyl-CoA	3ohodcoa	CHEBI:50571	C16216	MNXM513	CCCCCCCCCCCCCCCC(=O)CC(=O)SCCNC(=O)CCNC(=O)C(C(C)(C)COP(=O)(O)OP(=O)(O)OCC1C(C(C(O1)N2C=NC3=C(N=CN=C32)N)O)OP(=O)(O)O)O
s_2791	stearoyl-CoA	stcoa	CHEBI:57394	C00412	MNXM272	CCCCCCCCCCCCCCCCCC(=O)SCCNC(=O)CCNC(=O)C(C(C)(C)COP(=O)(O)OP(=O)(O)OCC1C(C(C(O1)N2C=NC3=C(N=CN=C32)N)O)OP(=O)(O)O)O
s_2792	3-oxoicosanoyl-CoA	CE2251	CHEBI:52327		MNXM36762	CCCCCCCCCCCCCCCCCC(=O)CC(=O)SCCNC(=O)CCNC(=O)C(C(C)(C)COP(=O)(O)OP(=O)(O)OCC1C(C(C(O1)N2C=NC3=C(N=CN=C32)N)O)OP(=O)(O)O)O
s_2793	icosanoyl-CoA	arachcoa	CHEBI:15527	C02041	MNXM1429	CCCCCCCCCCCCCCCCCCCC(=O)SCCNC(=O)CCNC(=O)C(C(C)(C)COP(=O)(O)OP(=O)(O)OCC1C(C(C(O1)N2C=NC3=C(N=CN=C32)N)O)OP(=O)(O)O)O
s_2794	3-oxodocosanoyl-CoA	CE2250	CHEBI:52328		MNXM36756	CCCCCCCCCCCCCCCCCCCC(=O)CC(=O)SCCNC(=O)CCNC(=O)C(C(C)(C)COP(=O)(O)OP(=O)(O)OCC1C(C(C(O1)N2C=NC3=C(N=CN=C32)N)O)OP(=O)(O)O)O
s_2795	docosanoyl-CoA	docoscoa	CHEBI:65088	C16528	MNXM10780	CCCCCCCCCCCCCCCCCCCCCC(=O)SCCNC(=O)CCNC(=O)C(C(C)(C)COP(=O)(O)OP(=O)(O)OCC1C(C(C(O1)N2C=NC3=C(N=CN=C32)N)O)OP(=O)(O)O)O
s_2796	3-oxotetracosanoyl-CoA	CE2253	CHEBI:52329		MNXM36773	CCCCCCCCCCCCCCCCCCCCCC(=O)CC(=O)SCCNC(=O)CCNC(=O)C(C(C)(C)COP(=O)(O)OP(=O)(O)OCC1C(C(C(O1)N2C=NC3=C(N=CN=C32)N)O)OP(=O)(O)O)O
s_2797	tetracosanoyl-CoA	ttccoa	CHEBI:52974	C16529	MNXM1504	CCCCCCCCCCCCCCCCCCCCCCCC(=O)SCCNC(=O)CCNC(=O)C(C(C)(C)COP(=O)(O)OP(=O)(O)OCC1C(C(C(O1)N2C=NC3=C(N=CN=C32)N)O)OP(=O)(O)O)O
s_2798	3-oxohexacosanoyl-CoA	3ohxccoa	CHEBI:52977		MNXM36758	CCCCCCCCCCCCCCCCCCCCCCCC(=O)CC(=O)SCCNC(=O)CCNC(=O)C(C(C)(C)COP(=O)(O)OP(=O)(O)OCC1C(C(C(O1)N2C=NC3=C(N=CN=C32)N)O)OP(=O)(O)O)O
s_2799	NADPH	nadph	CHEBI:57783	C00005	MNXM6	C1C=CN(C=C1C(=O)N)C2C(C(C(O2)COP(=O)(O)OP(=O)(O)OCC3C(C(C(O3)N4C=NC5=C(N=CN=C54)N)OP(=O)(O)O)O)O)O
s_2800	NADP(+)	nadp	CHEBI:58349	C00006	MNXM5	C1=CC(=C[N+](=C1)C2C(C(C(O2)COP(=O)([O-])OP(=O)([O-])OCC3C(C(C(O3)N4C=NC5=C(N=CN=C54)N)OP(=O)([O-])[O-])O)O)O)C(=O)N
s_2801	(S)-3-hydroxytetradecanoyl-CoA	3htdcoa	CHEBI:27466	C05260	MNXM767	CCCCCCCCCCCC(CC(=O)SCCNC(=O)CCNC(=O)C(C(C)(C)COP(=O)(O)OP(=O)(O)OCC1C(C(C(O1)N2C=NC3=C(N=CN=C32)N)O)OP(=O)(O)O)O)O
s_2802	(S)-3-hydroxypalmitoyl-CoA	3hhdcoa	CHEBI:27402	C05258	MNXM825	CCCCCCCCCCCCCC(CC(=O)SCCNC(=O)CCNC(=O)C(C(C)(C)COP(=O)(O)OP(=O)(O)OCC1C(C(C(O1)N2C=NC3=C(N=CN=C32)N)O)OP(=O)(O)O)O)O
s_2803	3-hydroxyoctadecanoyl-CoA	CE2248	CHEBI:50583	C16217	MNXM1309	CCCCCCCCCCCCCCCC(CC(=O)SCCNC(=O)CCNC(=O)C(C(C)(C)COP(=O)(O)OP(=O)(O)OCC1C(C(C(O1)N2C=NC3=C(N=CN=C32)N)O)OP(=O)(O)O)O)O
s_2804	3-hydroxyicosanoyl-CoA	CE2247	CHEBI:52324		MNXM146349	CCCCCCCCCCCCCCCCCC(CC(=O)SCCNC(=O)CCNC(=O)C(C(C)(C)COP(=O)(O)OP(=O)(O)OCC1C(C(C(O1)N2C=NC3=C(N=CN=C32)N)O)OP(=O)(O)O)O)O
s_2805	3-hydroxydocosanoyl-CoA	CE2246	CHEBI:52325		MNXM162568	CCCCCCCCCCCCCCCCCCCC(CC(=O)SCCNC(=O)CCNC(=O)C(C(C)(C)COP(=O)(O)OP(=O)(O)OCC1C(C(C(O1)N2C=NC3=C(N=CN=C32)N)O)OP(=O)(O)O)O)O
s_2806	3-hydroxytetracosanoyl-CoA	CE2249	CHEBI:52326		MNXM36558	CCCCCCCCCCCCCCCCCCCCCC(CC(=O)SCCNC(=O)CCNC(=O)C(C(C)(C)COP(=O)(O)OP(=O)(O)OCC1C(C(C(O1)N2C=NC3=C(N=CN=C32)N)O)OP(=O)(O)O)O)O
s_2807	(S)-3-hydroxyhexacosanoyl-CoA		CHEBI:52976		MNXM31741	CCCCCCCCCCCCCCCCCCCCCCCC(CC(=O)SCCNC(=O)CCNC(=O)C(C(C)(C)COP(=O)(O)OP(=O)(O)OCC1C(C(C(O1)N2C=NC3=C(N=CN=C32)N)O)OP(=O)(O)O)O)O
s_2808	H2O	h2o	CHEBI:15377	C00001	MNXM2	O
s_2809	trans-tetradec-2-enoyl-CoA	td2coa	CHEBI:61405	C05273	MNXM654	CCCCCCCCCCCC=CC(=O)SCCNC(=O)CCNC(=O)C(C(C)(C)COP(=O)(O)OP(=O)(O)OCC1C(C(C(O1)N2C=NC3=C(N=CN=C32)N)O)OP(=O)(O)O)O
s_2810	trans-hexadec-2-enoyl-CoA	hdd2coa		C05272	MNXM581	CCCCCCCCCCCCCC=CC(=O)SCCNC(=O)CCNC(=O)C(C(C)(C)COP(=O)(O)OP(=O)(O)OCC1C(C(C(O1)N2C=NC3=C(N=CN=C32)N)O)OP(=O)(O)O)O
s_2811	trans-octadec-2-enoyl-CoA	od2coa	CHEBI:50570	C16218	MNXM954	CCCCCCCCCCCCCCCC=CC(=O)SCCNC(=O)CCNC(=O)C(C(C)(C)COP(=O)(O)OP(=O)(O)OCC1C(C(C(O1)N2C=NC3=C(N=CN=C32)N)O)OP(=O)(O)O)O
s_2812	trans-icos-2-enoyl-CoA				MNXM22115	
s_2813	trans-docos-2-enoyl-CoA				MNXM97615	CCCCCCCCCCCCCCCCCCCC=CC(=O)SCCNC(=O)CCNC(=O)C(C(C)(C)COP(=O)([O-])OP(=O)([O-])OCC1C(C(C(O1)N2C=NC3=C(N=CN=C32)N)O)OP(=O)([O-])[O-])O
s_2814	trans-tetracos-2-enoyl-CoA	CE2245	CHEBI:75068		MNXM97616	
s_2815	trans-hexacos-2-enoyl-CoA	hxc2coa	CHEBI:52975		MNXM114303	CCCCCCCCCCCCCCCCCCCCCCCC=CC(=O)SCCNC(=O)CCNC(=O)C(C(C)(C)COP(=O)(O)OP(=O)(O)OCC1C(C(C(O1)N2C=NC3=C(N=CN=C32)N)O)OP(=O)(O)O)O
s_2816	hexacosanoyl-CoA	hexccoa	CHEBI:52966		MNXM1190	CCCCCCCCCCCCCCCCCCCCCCCCCC(=O)SCCNC(=O)CCNC(=O)C(C(C)(C)COP(=O)(O)OP(=O)(O)OCC1C(C(C(O1)N2C=NC3=C(N=CN=C32)N)O)OP(=O)(O)O)O
s_2817	oxygen	o2	CHEBI:15379	C00007	MNXM4	O=O
s_2818	NADH	nadh	CHEBI:57945	C00004	MNXM10	C1C=CN(C=C1C(=O)N)C2C(C(C(O2)COP(=O)(O)OP(=O)(O)OCC3C(C(C(O3)N4C=NC5=C(N=CN=C54)N)O)O)O)O
s_2819	palmitoleoyl-CoA(4-)	hdcoa	CHEBI:61540	C21072	MNXM781	CCCCCCC=CCCCCCCCC(=O)SCCNC(=O)CCNC(=O)C(C(C)(C)COP(=O)([O-])OP(=O)([O-])OCC1C(C(C(O1)N2C=NC3=C(N=CN=C32)N)O)OP(=O)([O-])[O-])O
s_2820	NAD	nad	CHEBI:57540	C00003	MNXM8	C1=CC(=C[N+](=C1)C2C(C(C(O2)COP(=O)([O-])OP(=O)(O)OCC3C(C(C(O3)N4C=NC5=C(N=CN=C54)N)O)O)O)O)C(=O)N
s_2821	oleoyl-CoA	ocdce9coa	CHEBI:57387	C00510	MNXM686	CCCCCCCCC=CCCCCCCCC(=O)SCCNC(=O)CCNC(=O)C(C(C)(C)COP(=O)(O)OP(=O)(O)OCC1C(C(C(O1)N2C=NC3=C(N=CN=C32)N)O)OP(=O)(O)O)O
s_2822	butyrate	but	CHEBI:17968	C00246	MNXM458	CCCC(=O)[O-]
s_2824	hexanoate	hxa	CHEBI:17120	C01585	MNXM1653	CCCCCC(=O)[O-]
s_2826	oleate	ocdcea	CHEBI:30823	C00712	MNXM306	CCCCCCCCC=CCCCCCCCC(=O)O
s_2828	butyrate	but	CHEBI:17968	C00246	MNXM458	CCCC(=O)[O-]
s_2829	hexanoate	hxa	CHEBI:17120	C01585	MNXM1653	CCCCCC(=O)[O-]
s_2831	ATP	atp	CHEBI:30616	C00002	MNXM3	C1=NC(=C2C(=N1)N(C=N2)C3C(C(C(O3)COP(=O)(O)OP(=O)(O)OP(=O)(O)O)O)O)N
s_2832	laurate	ddca	CHEBI:18262	C02679	MNXM402	CCCCCCCCCCCC(=O)[O-]
s_2833	AMP	amp	CHEBI:456215	C00020	MNXM14	C1=NC(=C2C(=N1)N(C=N2)C3C(C(C(O3)COP(=O)(O)O)O)O)N
s_2834	diphosphate	ppi	CHEBI:33019	C00013	MNXM11	[O-]P(=O)([O-])OP(=O)([O-])[O-]
s_2835	myristate	ttdca	CHEBI:30807	C06424	MNXM314	CCCCCCCCCCCCCC(=O)O
s_2836	palmitate	hdca	CHEBI:7896	C00249	MNXM108	CCCCCCCCCCCCCCCC(=O)O
s_2837	palmitoleate	hdcea	CHEBI:32372	C08362	MNXM162245	CCCCCCC=CCCCCCCCC(=O)[O-]
s_2838	stearate	ocdca	CHEBI:25629	C01530	MNXM236	CCCCCCCCCCCCCCCCCC(=O)[O-]
s_2839	oleate	ocdcea	CHEBI:30823	C00712	MNXM306	CCCCCCCCC=CCCCCCCCC(=O)O
s_2840	ATP	atp	CHEBI:30616	C00002	MNXM3	C1=NC(=C2C(=N1)N(C=N2)C3C(C(C(O3)COP(=O)(O)OP(=O)(O)OP(=O)(O)O)O)O)N
s_2841	laurate	ddca	CHEBI:18262	C02679	MNXM402	CCCCCCCCCCCC(=O)[O-]
s_2842	AMP	amp	CHEBI:456215	C00020	MNXM14	C1=NC(=C2C(=N1)N(C=N2)C3C(C(C(O3)COP(=O)(O)O)O)O)N
s_2843	lauroyl-CoA	ddcacoa	CHEBI:57375	C01832	MNXM363	CCCCCCCCCCCC(=O)SCCNC(=O)CCNC(=O)C(C(C)(C)COP(=O)(O)OP(=O)(O)OCC1C(C(C(O1)N2C=NC3=C(N=CN=C32)N)O)OP(=O)(O)O)O
s_2844	myristate	ttdca	CHEBI:30807	C06424	MNXM314	CCCCCCCCCCCCCC(=O)O
s_2845	myristoyl-CoA	tdcoa	CHEBI:57385	C02593	MNXM224	CCCCCCCCCCCCCC(=O)SCCNC(=O)CCNC(=O)C(C(C)(C)COP(=O)(O)OP(=O)(O)OCC1C(C(C(O1)N2C=NC3=C(N=CN=C32)N)O)OP(=O)(O)O)O
s_2846	palmitate	hdca	CHEBI:7896	C00249	MNXM108	CCCCCCCCCCCCCCCC(=O)O
s_2847	palmitoyl-CoA	pmtcoa	CHEBI:57379	C00154	MNXM88	CCCCCCCCCCCCCCCC(=O)SCCNC(=O)CCNC(=O)C(C(C)(C)COP(=O)(O)OP(=O)(O)OCC1C(C(C(O1)N2C=NC3=C(N=CN=C32)N)O)OP(=O)(O)O)O
s_2848	palmitoleate	hdcea	CHEBI:32372	C08362	MNXM162245	CCCCCCC=CCCCCCCCC(=O)[O-]
s_2849	palmitoleoyl-CoA(4-)	hdcoa	CHEBI:61540	C21072	MNXM781	CCCCCCC=CCCCCCCCC(=O)SCCNC(=O)CCNC(=O)C(C(C)(C)COP(=O)([O-])OP(=O)([O-])OCC1C(C(C(O1)N2C=NC3=C(N=CN=C32)N)O)OP(=O)([O-])[O-])O
s_2850	stearate	ocdca	CHEBI:25629	C01530	MNXM236	CCCCCCCCCCCCCCCCCC(=O)[O-]
s_2851	stearoyl-CoA	stcoa	CHEBI:57394	C00412	MNXM272	CCCCCCCCCCCCCCCCCC(=O)SCCNC(=O)CCNC(=O)C(C(C)(C)COP(=O)(O)OP(=O)(O)OCC1C(C(C(O1)N2C=NC3=C(N=CN=C32)N)O)OP(=O)(O)O)O
s_2852	oleate	ocdcea	CHEBI:30823	C00712	MNXM306	CCCCCCCCC=CCCCCCCCC(=O)O
s_2853	oleoyl-CoA	ocdce9coa	CHEBI:57387	C00510	MNXM686	CCCCCCCCC=CCCCCCCCC(=O)SCCNC(=O)CCNC(=O)C(C(C)(C)COP(=O)(O)OP(=O)(O)OCC1C(C(C(O1)N2C=NC3=C(N=CN=C32)N)O)OP(=O)(O)O)O
s_2854	palmitoleoyl-CoA(4-)	hdcoa	CHEBI:61540	C21072	MNXM781	CCCCCCC=CCCCCCCCC(=O)SCCNC(=O)CCNC(=O)C(C(C)(C)COP(=O)([O-])OP(=O)([O-])OCC1C(C(C(O1)N2C=NC3=C(N=CN=C32)N)O)OP(=O)([O-])[O-])O
s_2855	oleate	ocdcea	CHEBI:30823	C00712	MNXM306	CCCCCCCCC=CCCCCCCCC(=O)O
s_2856	ATP	atp	CHEBI:30616	C00002	MNXM3	C1=NC(=C2C(=N1)N(C=N2)C3C(C(C(O3)COP(=O)(O)OP(=O)(O)OP(=O)(O)O)O)O)N
s_2857	coenzyme A	coa	CHEBI:57287	C00010	MNXM12	CC(C)(COP(=O)(O)OP(=O)(O)OCC1C(C(C(O1)N2C=NC3=C(N=CN=C32)N)O)OP(=O)(O)O)C(C(=O)NCCC(=O)NCCS)O
s_2858	arachidate	arach	CHEBI:32360	C06425	MNXM2976	CCCCCCCCCCCCCCCCCCCC(=O)O
s_2859	AMP	amp	CHEBI:456215	C00020	MNXM14	C1=NC(=C2C(=N1)N(C=N2)C3C(C(C(O3)COP(=O)(O)O)O)O)N
s_2860	diphosphate	ppi	CHEBI:33019	C00013	MNXM11	[O-]P(=O)([O-])OP(=O)([O-])[O-]
s_2861	icosanoyl-CoA	arachcoa	CHEBI:15527	C02041	MNXM1429	CCCCCCCCCCCCCCCCCCCC(=O)SCCNC(=O)CCNC(=O)C(C(C)(C)COP(=O)(O)OP(=O)(O)OCC1C(C(C(O1)N2C=NC3=C(N=CN=C32)N)O)OP(=O)(O)O)O
s_2862	behenate	docosac	CHEBI:23858	C08281	MNXM7102	CCCCCCCCCCCCCCCCCCCCCC(=O)[O-]
s_2863	docosanoyl-CoA	docoscoa	CHEBI:65088	C16528	MNXM10780	CCCCCCCCCCCCCCCCCCCCCC(=O)SCCNC(=O)CCNC(=O)C(C(C)(C)COP(=O)(O)OP(=O)(O)OCC1C(C(C(O1)N2C=NC3=C(N=CN=C32)N)O)OP(=O)(O)O)O
s_2864	lignoceric acid	lgnc	CHEBI:31014	C08320	MNXM3297	CCCCCCCCCCCCCCCCCCCCCCCC(=O)O
s_2865	tetracosanoyl-CoA	ttccoa	CHEBI:52974	C16529	MNXM1504	CCCCCCCCCCCCCCCCCCCCCCCC(=O)SCCNC(=O)CCNC(=O)C(C(C)(C)COP(=O)(O)OP(=O)(O)OCC1C(C(C(O1)N2C=NC3=C(N=CN=C32)N)O)OP(=O)(O)O)O
s_2866	cerotic acid	hexc	CHEBI:31013		MNXM46158	CCCCCCCCCCCCCCCCCCCCCCCCCC(=O)O
s_2867	hexacosanoyl-CoA	hexccoa	CHEBI:52966		MNXM1190	CCCCCCCCCCCCCCCCCCCCCCCCCC(=O)SCCNC(=O)CCNC(=O)C(C(C)(C)COP(=O)(O)OP(=O)(O)OCC1C(C(C(O1)N2C=NC3=C(N=CN=C32)N)O)OP(=O)(O)O)O
s_2868	behenate	docosac	CHEBI:23858	C08281	MNXM7102	CCCCCCCCCCCCCCCCCCCCCC(=O)[O-]
s_2869	lignoceric acid	lgnc	CHEBI:31014	C08320	MNXM3297	CCCCCCCCCCCCCCCCCCCCCCCC(=O)O
s_2870	cerotic acid	hexc	CHEBI:31013		MNXM46158	CCCCCCCCCCCCCCCCCCCCCCCCCC(=O)O
s_2871	behenate	docosac	CHEBI:23858	C08281	MNXM7102	CCCCCCCCCCCCCCCCCCCCCC(=O)[O-]
s_2872	docosanoyl-CoA	docoscoa	CHEBI:65088	C16528	MNXM10780	CCCCCCCCCCCCCCCCCCCCCC(=O)SCCNC(=O)CCNC(=O)C(C(C)(C)COP(=O)(O)OP(=O)(O)OCC1C(C(C(O1)N2C=NC3=C(N=CN=C32)N)O)OP(=O)(O)O)O
s_2873	lignoceric acid	lgnc	CHEBI:31014	C08320	MNXM3297	CCCCCCCCCCCCCCCCCCCCCCCC(=O)O
s_2874	tetracosanoyl-CoA	ttccoa	CHEBI:52974	C16529	MNXM1504	CCCCCCCCCCCCCCCCCCCCCCCC(=O)SCCNC(=O)CCNC(=O)C(C(C)(C)COP(=O)(O)OP(=O)(O)OCC1C(C(C(O1)N2C=NC3=C(N=CN=C32)N)O)OP(=O)(O)O)O
s_2875	cerotic acid	hexc	CHEBI:31013		MNXM46158	CCCCCCCCCCCCCCCCCCCCCCCCCC(=O)O
s_2876	hexacosanoyl-CoA	hexccoa	CHEBI:52966		MNXM1190	CCCCCCCCCCCCCCCCCCCCCCCCCC(=O)SCCNC(=O)CCNC(=O)C(C(C)(C)COP(=O)(O)OP(=O)(O)OCC1C(C(C(O1)N2C=NC3=C(N=CN=C32)N)O)OP(=O)(O)O)O
s_2877	palmitoleoyl-CoA(4-)	hdcoa	CHEBI:61540	C21072	MNXM781	CCCCCCC=CCCCCCCCC(=O)SCCNC(=O)CCNC(=O)C(C(C)(C)COP(=O)([O-])OP(=O)([O-])OCC1C(C(C(O1)N2C=NC3=C(N=CN=C32)N)O)OP(=O)([O-])[O-])O
s_2878	icosanoyl-CoA	arachcoa	CHEBI:15527	C02041	MNXM1429	CCCCCCCCCCCCCCCCCCCC(=O)SCCNC(=O)CCNC(=O)C(C(C)(C)COP(=O)(O)OP(=O)(O)OCC1C(C(C(O1)N2C=NC3=C(N=CN=C32)N)O)OP(=O)(O)O)O
s_2879	icosanoyl-CoA	arachcoa	CHEBI:15527	C02041	MNXM1429	CCCCCCCCCCCCCCCCCCCC(=O)SCCNC(=O)CCNC(=O)C(C(C)(C)COP(=O)(O)OP(=O)(O)OCC1C(C(C(O1)N2C=NC3=C(N=CN=C32)N)O)OP(=O)(O)O)O
s_2880	docosanoyl-CoA	docoscoa	CHEBI:65088	C16528	MNXM10780	CCCCCCCCCCCCCCCCCCCCCC(=O)SCCNC(=O)CCNC(=O)C(C(C)(C)COP(=O)(O)OP(=O)(O)OCC1C(C(C(O1)N2C=NC3=C(N=CN=C32)N)O)OP(=O)(O)O)O
s_2881	docosanoyl-CoA	docoscoa	CHEBI:65088	C16528	MNXM10780	CCCCCCCCCCCCCCCCCCCCCC(=O)SCCNC(=O)CCNC(=O)C(C(C)(C)COP(=O)(O)OP(=O)(O)OCC1C(C(C(O1)N2C=NC3=C(N=CN=C32)N)O)OP(=O)(O)O)O
s_2882	butyrate	but	CHEBI:17968	C00246	MNXM458	CCCC(=O)[O-]
s_2883	hexanoate	hxa	CHEBI:17120	C01585	MNXM1653	CCCCCC(=O)[O-]
s_2884	butanoyl-CoA	btcoa	CHEBI:57371	C00136	MNXM233	CCCC(=O)SCCNC(=O)CCNC(=O)C(C(C)(C)COP(=O)(O)OP(=O)(O)OCC1C(C(C(O1)N2C=NC3=C(N=CN=C32)N)O)OP(=O)(O)O)O
s_2885	hexanoyl-CoA	hxcoa	CHEBI:27540	C05270	MNXM553	CCCCCC(=O)SCCNC(=O)CCNC(=O)C(C(C)(C)COP(=O)(O)OP(=O)(O)OCC1C(C(C(O1)N2C=NC3=C(N=CN=C32)N)O)OP(=O)(O)O)O
s_2887	trans-hex-2-enoyl-CoA	hx2coa	CHEBI:28706	C05271	MNXM753	CCCC=CC(=O)SCCNC(=O)CCNC(=O)C(C(C)(C)COP(=O)(O)OP(=O)(O)OCC1C(C(C(O1)N2C=NC3=C(N=CN=C32)N)O)OP(=O)(O)O)O
s_2888	trans-oct-2-enoyl-CoA	oc2coa	CHEBI:27537	C05276	MNXM784	CCCCCC=CC(=O)SCCNC(=O)CCNC(=O)C(C(C)(C)COP(=O)(O)OP(=O)(O)OCC1C(C(C(O1)N2C=NC3=C(N=CN=C32)N)O)OP(=O)(O)O)O
s_2889	trans-icos-2-enoyl-CoA				MNXM22115	
s_2890	trans-docos-2-enoyl-CoA				MNXM97615	CCCCCCCCCCCCCCCCCCCC=CC(=O)SCCNC(=O)CCNC(=O)C(C(C)(C)COP(=O)([O-])OP(=O)([O-])OCC1C(C(C(O1)N2C=NC3=C(N=CN=C32)N)O)OP(=O)([O-])[O-])O
s_2891	trans-tetracos-2-enoyl-CoA	CE2245	CHEBI:75068		MNXM97616	
s_2892	trans-2,cis-9-hexadecadienoyl-CoA		CHEBI:78178		MNXM146680	
s_2893	cis-tetradec-7-enoyl-CoA					
s_2894	trans-2,cis-7-tetradecadienoyl-CoA		CHEBI:88067			
s_2895	cis-dodec-5-enoyl-CoA					
s_2896	trans-2,cis-5-dodecadienoyl-CoA					
s_2897	trans-2,cis-9-octadecadienoyl-CoA	lnlccoa	CHEBI:15530	C02050	MNXM638	
s_2898	cis-hexadec-7-enoyl-CoA		CHEBI:88008		MNXM149511	CCCCCCCCC=CCCCCCC(=O)SCCNC(=O)CCNC(=O)C(C(C)(C)COP(=O)([O-])OP(=O)([O-])OCC1C(C(C(O1)N2C=NC3=C(N=CN=C32)N)O)OP(=O)([O-])[O-])O
s_2899	trans-2,cis-7-hexadecadienoyl-CoA		CHEBI:88086			
s_2900	cis-tetradec-5-enoyl-CoA		CHEBI:70712		MNXM103862	CCCCCCCCC=CCCCC(=O)SCCNC(=O)CCNC(=O)C(C(C)(C)COP(=O)(O)OP(=O)(O)OCC1C(C(C(O1)N2C=NC3=C(N=CN=C32)N)O)OP(=O)(O)O)O
s_2901	trans-2,cis-5-tetradecadienoyl-CoA					
s_2902	(R)-3-hydroxybutanoyl-CoA		CHEBI:15452	C03561	MNXM1058	CC(CC(=O)SCCNC(=O)CCNC(=O)C(C(C)(C)COP(=O)(O)OP(=O)(O)OCC1C(C(C(O1)N2C=NC3=C(N=CN=C32)N)O)OP(=O)(O)O)O)O
s_2903	(R)-3-hydroxyhexanoyl-CoA	R_3hhcoa	CHEBI:74474			CCCC(CC(=O)SCCNC(=O)CCNC(=O)C(C(C)(C)COP(=O)([O-])OP(=O)([O-])OCC1C(C(C(O1)N2C=NC3=C(N=CN=C32)N)O)OP(=O)([O-])[O-])O)O
s_2904	(R)-3-hydroxyoctanoyl-CoA	R_3hocoa	CHEBI:28573	C05278	MNXM31570	CCCCCC(CC(=O)SCCNC(=O)CCNC(=O)C(C(C)(C)COP(=O)(O)OP(=O)(O)OCC1C(C(C(O1)N2C=NC3=C(N=CN=C32)N)O)OP(=O)(O)O)O)O
s_2905	(R)-3-hydroxyicosanoyl-CoA		CHEBI:76453		MNXM36530	CCCCCCCCCCCCCCCCCC(CC(=O)SCCNC(=O)CCNC(=O)C(C(C)(C)COP(=O)(O)OP(=O)(O)OCC1C(C(C(O1)N2C=NC3=C(N=CN=C32)N)O)OP(=O)(O)O)O)O
s_2906	(R)-3-hydroxydocosanoyl-CoA		CHEBI:76375		MNXM162568	CCCCCCCCCCCCCCCCCCCC(CC(=O)SCCNC(=O)CCNC(=O)C(C(C)(C)COP(=O)(O)OP(=O)(O)OCC1C(C(C(O1)N2C=NC3=C(N=CN=C32)N)O)OP(=O)(O)O)O)O
s_2907	(R)-3-hydroxytetracosanoyl-CoA		CHEBI:76463		MNXM36558	CCCCCCCCCCCCCCCCCCCCCC(CC(=O)SCCNC(=O)CCNC(=O)C(C(C)(C)COP(=O)(O)OP(=O)(O)OCC1C(C(C(O1)N2C=NC3=C(N=CN=C32)N)O)OP(=O)(O)O)O)O
s_2908	(R)-3-hydroxy-cis-hexadec-9-enoyl-CoA					
s_2909	(R)-3-hydroxy-cis-tetradec-7-enoyl-CoA					
s_2910	(R)-3-hydroxy-cis-dodec-5-enoyl-CoA					
s_2911	(R)-3-hydroxy-cis-octadec-9-enoyl-CoA		CHEBI:87781		MNXM149457	
s_2912	(R)-3-hydroxy-cis-hexadec-7-enoyl-CoA		CHEBI:88087			
s_2913	(R)-3-hydroxy-cis-tetradec-5-enoyl-CoA		CHEBI:88072			
s_2914	acetoacetyl-CoA	aacoa	CHEBI:57286	C00332	MNXM133	CC(=O)CC(=O)SCCNC(=O)CCNC(=O)C(C(C)(C)COP(=O)(O)OP(=O)(O)OCC1C(C(C(O1)N2C=NC3=C(N=CN=C32)N)O)OP(=O)(O)O)O
s_2915	3-oxohexanoyl-CoA	3ohcoa	CHEBI:27648	C05269	MNXM717	CCCC(=O)CC(=O)SCCNC(=O)CCNC(=O)C(C(C)(C)COP(=O)(O)OP(=O)(O)OCC1C(C(C(O1)N2C=NC3=C(N=CN=C32)N)O)OP(=O)(O)O)O
s_2916	3-oxooctanoyl-CoA	3oocoa	CHEBI:28264	C05267	MNXM706	CCCCCC(=O)CC(=O)SCCNC(=O)CCNC(=O)C(C(C)(C)COP(=O)(O)OP(=O)(O)OCC1C(C(C(O1)N2C=NC3=C(N=CN=C32)N)O)OP(=O)(O)O)O
s_2917	3-oxoicosanoyl-CoA	CE2251	CHEBI:52327		MNXM36762	CCCCCCCCCCCCCCCCCC(=O)CC(=O)SCCNC(=O)CCNC(=O)C(C(C)(C)COP(=O)(O)OP(=O)(O)OCC1C(C(C(O1)N2C=NC3=C(N=CN=C32)N)O)OP(=O)(O)O)O
s_2918	3-oxodocosanoyl-CoA	CE2250	CHEBI:52328		MNXM36756	CCCCCCCCCCCCCCCCCCCC(=O)CC(=O)SCCNC(=O)CCNC(=O)C(C(C)(C)COP(=O)(O)OP(=O)(O)OCC1C(C(C(O1)N2C=NC3=C(N=CN=C32)N)O)OP(=O)(O)O)O
s_2919	3-oxotetracosanoyl-CoA	CE2253	CHEBI:52329		MNXM36773	CCCCCCCCCCCCCCCCCCCCCC(=O)CC(=O)SCCNC(=O)CCNC(=O)C(C(C)(C)COP(=O)(O)OP(=O)(O)OCC1C(C(C(O1)N2C=NC3=C(N=CN=C32)N)O)OP(=O)(O)O)O
s_2920	3-oxo-cis-hexadec-9-enoyl-CoA		CHEBI:53152			
s_2921	3-oxo-cis-tetradec-7-enoyl-CoA					
s_2922	3-oxo-cis-dodec-5-enoyl-CoA					
s_2923	3-oxo-cis-octadec-9-enoyl-CoA		CHEBI:78146			
s_2924	3-oxo-cis-hexadec-7-enoyl-CoA		CHEBI:88090		MNXM150996	
s_2925	3-oxo-cis-tetradec-5-enoyl-CoA		CHEBI:88080		MNXM147795	
s_2926	cis-dec-3-enoyl-CoA				MNXM164218	
s_2927	cis-dodec-3-enoyl-CoA		CHEBI:27989	C02944	MNXM3949	CCCCCCCCC=CCC(=O)SCCNC(=O)CCNC(=O)C(C(C)(C)COP(=O)(O)OP(=O)(O)OCC1C(C(C(O1)N2C=NC3=C(N=CN=C32)N)O)OP(=O)(O)O)O
s_2928	trans-3,cis-5-dodecadienoyl-CoA		CHEBI:139121			
s_2929	trans-dodec-3-enoyl-CoA	dd3coa				
s_2930	trans-3,cis-5-tetradecadienoyl-CoA		CHEBI:72001		MNXM9966	
s_2931	trans-tetradec-3-enoyl-CoA		CHEBI:88083		MNXM7189	
s_2932	trans-2,trans-4-dodecadienoyl-CoA		CHEBI:28002	C05280	MNXM2008	
s_2933	trans-2,trans-4-tetradecadienoyl-CoA		CHEBI:88084		MNXM147629	
s_2934	glycerol 3-phosphate	glyc3p	CHEBI:57597	C00093	MNXM66	C(C(COP(=O)(O)O)O)O
s_2935	1-acyl-sn-glycerol 3-phosphate (16:0)	1hdecg3p	CHEBI:15799	C04036	MNXM2455	
s_2936	1-acyl-sn-glycerol 3-phosphate (16:1)		CHEBI:75070		MNXM66496	
s_2937	1-acyl-sn-glycerol 3-phosphate (18:0)	1odecg3p	CHEBI:74850		MNXM32950	
s_2938	1-acyl-sn-glycerol 3-phosphate (18:1)		CHEBI:62837		MNXM32960	
s_2939	dihydroxyacetone phosphate	dhap	CHEBI:57642	C00111	MNXM77	C(C(=O)COP(=O)(O)O)O
s_2940	acylglycerone phosphate (16:0)		CHEBI:17868	C01192	MNXM1061	
s_2941	acylglycerone phosphate (16:1)					
s_2942	acylglycerone phosphate (18:0)		CHEBI:36476	C03805	MNXM33006	
s_2943	acylglycerone phosphate (18:1)		CHEBI:36475	C03630	MNXM32961	
s_2944	1-acyl-sn-glycerol 3-phosphate (16:0)	1hdecg3p	CHEBI:15799	C04036	MNXM2455	
s_2945	1-acyl-sn-glycerol 3-phosphate (16:1)		CHEBI:75070		MNXM66496	
s_2946	1-acyl-sn-glycerol 3-phosphate (18:0)	1odecg3p	CHEBI:74850		MNXM32950	
s_2947	1-acyl-sn-glycerol 3-phosphate (18:1)		CHEBI:62837		MNXM32960	
s_2948	acylglycerone phosphate (16:0)		CHEBI:17868	C01192	MNXM1061	
s_2949	acylglycerone phosphate (16:1)					
s_2950	acylglycerone phosphate (18:0)		CHEBI:36476	C03805	MNXM33006	
s_2951	acylglycerone phosphate (18:1)		CHEBI:36475	C03630	MNXM32961	
s_2952	NADPH	nadph	CHEBI:57783	C00005	MNXM6	C1C=CN(C=C1C(=O)N)C2C(C(C(O2)COP(=O)(O)OP(=O)(O)OCC3C(C(C(O3)N4C=NC5=C(N=CN=C54)N)OP(=O)(O)O)O)O)O
s_2953	NADP(+)	nadp	CHEBI:58349	C00006	MNXM5	C1=CC(=C[N+](=C1)C2C(C(C(O2)COP(=O)([O-])OP(=O)([O-])OCC3C(C(C(O3)N4C=NC5=C(N=CN=C54)N)OP(=O)([O-])[O-])O)O)O)C(=O)N
s_2954	phosphatidate (1-16:0, 2-16:1)		CHEBI:73998		MNXM66470	
s_2955	phosphatidate (1-16:0, 2-18:1)		CHEBI:64844	C13889	MNXM66476	
s_2956	phosphatidate (1-16:1, 2-16:1)	pa161	CHEBI:75071		MNXM66504	
s_2957	phosphatidate (1-16:1, 2-18:1)				MNXM66509	
s_2958	phosphatidate (1-18:0, 2-16:1)		CHEBI:75073		MNXM66631	
s_2959	phosphatidate (1-18:0, 2-18:1)		CHEBI:74847		MNXM66635	
s_2960	phosphatidate (1-18:1, 2-16:1)		CHEBI:75074		MNXM66663	
s_2961	phosphatidate (1-18:1, 2-18:1)		CHEBI:83775		MNXM51075	
s_2962	phosphatidate (1-16:0, 2-18:1)		CHEBI:64844	C13889	MNXM66476	
s_2963	phosphatidate (1-16:1, 2-18:1)				MNXM66509	
s_2964	phosphatidate (1-18:0, 2-18:1)		CHEBI:74847		MNXM66635	
s_2965	phosphatidate (1-18:1, 2-18:1)		CHEBI:83775		MNXM51075	
s_2966	phosphate	pi	CHEBI:43474	C00009	MNXM9	[O-]P(=O)([O-])[O-]
s_2967	diglyceride (1-16:0, 2-16:1)		CHEBI:84394		MNXM49375	
s_2968	diglyceride (1-16:0, 2-18:1)		CHEBI:88454		MNXM49380	
s_2969	diglyceride (1-16:1, 2-16:1)	12dgr161	CHEBI:84417		MNXM176611	
s_2970	diglyceride (1-16:1, 2-18:1)		CHEBI:88500		MNXM49417	
s_2971	diglyceride (1-18:0, 2-16:1)		CHEBI:88527		MNXM49511	
s_2972	diglyceride (1-18:0, 2-18:1)		CHEBI:75468		MNXM49514	
s_2973	diglyceride (1-18:1, 2-16:1)		CHEBI:89229		MNXM49575	
s_2974	diglyceride (1-18:1, 2-18:1)	12dgr181	CHEBI:52333		MNXM9533	
s_2975	phosphatidate (1-16:0, 2-16:1)		CHEBI:73998		MNXM66470	
s_2976	H2O	h2o	CHEBI:15377	C00001	MNXM2	O
s_2977	phosphate	pi	CHEBI:43474	C00009	MNXM9	[O-]P(=O)([O-])[O-]
s_2978	diglyceride (1-16:0, 2-16:1)		CHEBI:84394		MNXM49375	
s_2979	phosphatidate (1-16:0, 2-18:1)		CHEBI:64844	C13889	MNXM66476	
s_2980	diglyceride (1-16:0, 2-18:1)		CHEBI:88454		MNXM49380	
s_2981	phosphatidate (1-16:1, 2-16:1)	pa161	CHEBI:75071		MNXM66504	
s_2982	diglyceride (1-16:1, 2-16:1)	12dgr161	CHEBI:84417		MNXM176611	
s_2983	phosphatidate (1-16:1, 2-18:1)				MNXM66509	
s_2984	diglyceride (1-16:1, 2-18:1)		CHEBI:88500		MNXM49417	
s_2985	phosphatidate (1-18:0, 2-16:1)		CHEBI:75073		MNXM66631	
s_2986	diglyceride (1-18:0, 2-16:1)		CHEBI:88527		MNXM49511	
s_2987	phosphatidate (1-18:0, 2-18:1)		CHEBI:74847		MNXM66635	
s_2988	diglyceride (1-18:0, 2-18:1)		CHEBI:75468		MNXM49514	
s_2989	phosphatidate (1-18:1, 2-16:1)		CHEBI:75074		MNXM66663	
s_2990	diglyceride (1-18:1, 2-16:1)		CHEBI:89229		MNXM49575	
s_2991	phosphatidate (1-18:1, 2-18:1)		CHEBI:83775		MNXM51075	
s_2992	diglyceride (1-18:1, 2-18:1)	12dgr181	CHEBI:52333		MNXM9533	
s_2993	phosphatidate (1-16:0, 2-16:1)		CHEBI:73998		MNXM66470	
s_2994	H2O	h2o	CHEBI:15377	C00001	MNXM2	O
s_2995	phosphate	pi	CHEBI:43474	C00009	MNXM9	[O-]P(=O)([O-])[O-]
s_2996	diglyceride (1-16:0, 2-16:1)		CHEBI:84394		MNXM49375	
s_2997	phosphatidate (1-16:0, 2-18:1)		CHEBI:64844	C13889	MNXM66476	
s_2998	diglyceride (1-16:0, 2-18:1)		CHEBI:88454		MNXM49380	
s_2999	phosphatidate (1-16:1, 2-16:1)	pa161	CHEBI:75071		MNXM66504	
s_3000	diglyceride (1-16:1, 2-16:1)	12dgr161	CHEBI:84417		MNXM176611	
s_3001	phosphatidate (1-16:1, 2-18:1)				MNXM66509	
s_3002	diglyceride (1-16:1, 2-18:1)		CHEBI:88500		MNXM49417	
s_3003	phosphatidate (1-18:0, 2-16:1)		CHEBI:75073		MNXM66631	
s_3004	diglyceride (1-18:0, 2-16:1)		CHEBI:88527		MNXM49511	
s_3005	phosphatidate (1-18:0, 2-18:1)		CHEBI:74847		MNXM66635	
s_3006	diglyceride (1-18:0, 2-18:1)		CHEBI:75468		MNXM49514	
s_3007	phosphatidate (1-18:1, 2-16:1)		CHEBI:75074		MNXM66663	
s_3008	diglyceride (1-18:1, 2-16:1)		CHEBI:89229		MNXM49575	
s_3009	phosphatidate (1-18:1, 2-18:1)		CHEBI:83775		MNXM51075	
s_3010	diglyceride (1-18:1, 2-18:1)	12dgr181	CHEBI:52333		MNXM9533	
s_3011	triglyceride (1-16:0, 2-16:1, 3-16:0)		CHEBI:85427		MNXM84113	
s_3012	triglyceride (1-16:0, 2-18:1, 3-16:0)		CHEBI:89759		MNXM84120	
s_3013	triglyceride (1-16:1, 2-16:1, 3-16:0)	tag1619Z1619Z160				
s_3014	triglyceride (1-16:1, 2-18:1, 3-16:0)					
s_3015	triglyceride (1-18:0, 2-16:1, 3-16:0)					
s_3016	triglyceride (1-18:0, 2-18:1, 3-16:0)		CHEBI:89755		MNXM84227	
s_3017	triglyceride (1-18:1, 2-16:1, 3-16:0)					
s_3018	triglyceride (1-18:1, 2-18:1, 3-16:0)		CHEBI:88999		MNXM85598	
s_3019	triglyceride (1-16:0, 2-16:1, 3-16:1)		CHEBI:89765		MNXM84138	
s_3020	triglyceride (1-16:0, 2-18:1, 3-16:1)					
s_3021	triglyceride (1-16:1, 2-16:1, 3-16:1)	tag1619Z1619Z1619Z	CHEBI:75841		MNXM84424	
s_3022	triglyceride (1-16:1, 2-18:1, 3-16:1)					
s_3023	triglyceride (1-18:0, 2-16:1, 3-16:1)		CHEBI:90053		MNXM84428	
s_3024	triglyceride (1-18:0, 2-18:1, 3-16:1)					
s_3025	triglyceride (1-18:1, 2-16:1, 3-16:1)	tag1819Z1619Z1619Z				
s_3026	triglyceride (1-18:1, 2-18:1, 3-16:1)					
s_3027	triglyceride (1-16:0, 2-16:1, 3-18:0)		CHEBI:89763		MNXM84142	
s_3028	triglyceride (1-16:0, 2-18:1, 3-18:0)		CHEBI:88998		MNXM85401	
s_3029	triglyceride (1-16:1, 2-16:1, 3-18:0)					
s_3030	triglyceride (1-16:1, 2-18:1, 3-18:0)					
s_3031	triglyceride (1-18:0, 2-16:1, 3-18:0)		CHEBI:89958		MNXM84510	
s_3032	triglyceride (1-18:0, 2-18:1, 3-18:0)		CHEBI:90305			
s_3033	triglyceride (1-18:1, 2-16:1, 3-18:0)					
s_3034	triglyceride (1-18:1, 2-18:1, 3-18:0)					
s_3035	triglyceride (1-16:0, 2-16:1, 3-18:1)					
s_3036	triglyceride (1-16:0, 2-18:1, 3-18:1)					
s_3037	triglyceride (1-16:1, 2-16:1, 3-18:1)	tag1619Z1619Z1819Z	CHEBI:90051		MNXM84429	
s_3038	triglyceride (1-16:1, 2-18:1, 3-18:1)		CHEBI:90048		MNXM84530	
s_3039	triglyceride (1-18:0, 2-16:1, 3-18:1)					
s_3040	triglyceride (1-18:0, 2-18:1, 3-18:1)					
s_3041	triglyceride (1-18:1, 2-16:1, 3-18:1)	tag1819Z1619Z1819Z	CHEBI:88984		MNXM85603	
s_3042	triglyceride (1-18:1, 2-18:1, 3-18:1)		CHEBI:88970		MNXM85618	
s_3043	diglyceride (1-16:0, 2-16:1)		CHEBI:84394		MNXM49375	
s_3044	triglyceride (1-16:0, 2-16:1, 3-16:0)		CHEBI:85427		MNXM84113	
s_3045	diglyceride (1-16:0, 2-18:1)		CHEBI:88454		MNXM49380	
s_3046	triglyceride (1-16:0, 2-18:1, 3-16:0)		CHEBI:89759		MNXM84120	
s_3047	diglyceride (1-16:1, 2-16:1)	12dgr161	CHEBI:84417		MNXM176611	
s_3048	triglyceride (1-16:1, 2-16:1, 3-16:0)	tag1619Z1619Z160				
s_3049	diglyceride (1-16:1, 2-18:1)		CHEBI:88500		MNXM49417	
s_3050	triglyceride (1-16:1, 2-18:1, 3-16:0)					
s_3051	diglyceride (1-18:0, 2-16:1)		CHEBI:88527		MNXM49511	
s_3052	triglyceride (1-18:0, 2-16:1, 3-16:0)					
s_3053	diglyceride (1-18:0, 2-18:1)		CHEBI:75468		MNXM49514	
s_3054	triglyceride (1-18:0, 2-18:1, 3-16:0)		CHEBI:89755		MNXM84227	
s_3055	diglyceride (1-18:1, 2-16:1)		CHEBI:89229		MNXM49575	
s_3056	triglyceride (1-18:1, 2-16:1, 3-16:0)					
s_3057	diglyceride (1-18:1, 2-18:1)	12dgr181	CHEBI:52333		MNXM9533	
s_3058	triglyceride (1-18:1, 2-18:1, 3-16:0)		CHEBI:88999		MNXM85598	
s_3059	triglyceride (1-16:0, 2-16:1, 3-16:1)		CHEBI:89765		MNXM84138	
s_3060	triglyceride (1-16:0, 2-18:1, 3-16:1)					
s_3061	triglyceride (1-16:1, 2-16:1, 3-16:1)	tag1619Z1619Z1619Z	CHEBI:75841		MNXM84424	
s_3062	triglyceride (1-16:1, 2-18:1, 3-16:1)					
s_3063	triglyceride (1-18:0, 2-16:1, 3-16:1)		CHEBI:90053		MNXM84428	
s_3064	triglyceride (1-18:0, 2-18:1, 3-16:1)					
s_3065	triglyceride (1-18:1, 2-16:1, 3-16:1)	tag1819Z1619Z1619Z				
s_3066	triglyceride (1-18:1, 2-18:1, 3-16:1)					
s_3067	triglyceride (1-16:0, 2-16:1, 3-18:0)		CHEBI:89763		MNXM84142	
s_3068	triglyceride (1-16:0, 2-18:1, 3-18:0)		CHEBI:88998		MNXM85401	
s_3069	triglyceride (1-16:1, 2-16:1, 3-18:0)					
s_3070	triglyceride (1-16:1, 2-18:1, 3-18:0)					
s_3071	triglyceride (1-18:0, 2-16:1, 3-18:0)		CHEBI:89958		MNXM84510	
s_3072	triglyceride (1-18:0, 2-18:1, 3-18:0)		CHEBI:90305			
s_3073	triglyceride (1-18:1, 2-16:1, 3-18:0)					
s_3074	triglyceride (1-18:1, 2-18:1, 3-18:0)					
s_3075	triglyceride (1-16:0, 2-16:1, 3-18:1)					
s_3076	triglyceride (1-16:0, 2-18:1, 3-18:1)					
s_3077	triglyceride (1-16:1, 2-16:1, 3-18:1)	tag1619Z1619Z1819Z	CHEBI:90051		MNXM84429	
s_3078	triglyceride (1-16:1, 2-18:1, 3-18:1)		CHEBI:90048		MNXM84530	
s_3079	triglyceride (1-18:0, 2-16:1, 3-18:1)					
s_3080	triglyceride (1-18:0, 2-18:1, 3-18:1)					
s_3081	triglyceride (1-18:1, 2-16:1, 3-18:1)	tag1819Z1619Z1819Z	CHEBI:88984		MNXM85603	
s_3082	triglyceride (1-18:1, 2-18:1, 3-18:1)		CHEBI:88970		MNXM85618	
s_3083	CTP	ctp	CHEBI:37563	C00063	MNXM63	C1=CN(C(=O)N=C1N)C2C(C(C(O2)COP(=O)(O)OP(=O)(O)OP(=O)(O)O)O)O
s_3084	CDP-diacylglycerol (1-16:0, 2-16:1)					
s_3085	CDP-diacylglycerol (1-16:1, 2-16:1)		CHEBI:104012		MNXM4508	
s_3086	CDP-diacylglycerol (1-18:0, 2-16:1)					
s_3087	CDP-diacylglycerol (1-18:1, 2-16:1)					
s_3088	CDP-diacylglycerol (1-16:0, 2-18:1)		CHEBI:34077	C13892	MNXM32787	
s_3089	CDP-diacylglycerol (1-16:1, 2-18:1)					
s_3090	CDP-diacylglycerol (1-18:0, 2-18:1)					
s_3091	CDP-diacylglycerol (1-18:1, 2-18:1)		CHEBI:104362			
s_3092	phosphatidate (1-16:0, 2-16:1)		CHEBI:73998		MNXM66470	
s_3093	CTP	ctp	CHEBI:37563	C00063	MNXM63	C1=CN(C(=O)N=C1N)C2C(C(C(O2)COP(=O)(O)OP(=O)(O)OP(=O)(O)O)O)O
s_3094	H+	h	CHEBI:24636	C00080	MNXM1	[H+]
s_3095	diphosphate	ppi	CHEBI:33019	C00013	MNXM11	[O-]P(=O)([O-])OP(=O)([O-])[O-]
s_3096	CDP-diacylglycerol (1-16:0, 2-16:1)					
s_3097	phosphatidate (1-16:1, 2-16:1)	pa161	CHEBI:75071		MNXM66504	
s_3098	CDP-diacylglycerol (1-16:1, 2-16:1)		CHEBI:104012		MNXM4508	
s_3099	phosphatidate (1-18:0, 2-16:1)		CHEBI:75073		MNXM66631	
s_3100	CDP-diacylglycerol (1-18:0, 2-16:1)					
s_3101	phosphatidate (1-18:1, 2-16:1)		CHEBI:75074		MNXM66663	
s_3102	CDP-diacylglycerol (1-18:1, 2-16:1)					
s_3103	phosphatidate (1-16:0, 2-18:1)		CHEBI:64844	C13889	MNXM66476	
s_3104	CDP-diacylglycerol (1-16:0, 2-18:1)		CHEBI:34077	C13892	MNXM32787	
s_3105	phosphatidate (1-16:1, 2-18:1)				MNXM66509	
s_3106	CDP-diacylglycerol (1-16:1, 2-18:1)					
s_3107	L-serine	ser__L	CHEBI:17115	C00065	MNXM53	C(C(C(=O)O)N)O
s_3108	CMP	cmp	CHEBI:60377	C00055	MNXM31	C1=CN(C(=O)N=C1N)C2C(C(C(O2)COP(=O)(O)O)O)O
s_3109	phosphatidyl-L-serine (1-16:0, 2-16:1)		CHEBI:89824		MNXM78605	
s_3110	phosphatidyl-L-serine (1-16:1, 2-16:1)				MNXM78637	
s_3111	phosphatidyl-L-serine (1-18:0, 2-16:1)		CHEBI:90036		MNXM78765	
s_3112	phosphatidyl-L-serine (1-18:1, 2-16:1)		CHEBI:75101		MNXM78797	
s_3113	phosphatidyl-L-serine (1-16:0, 2-18:1)		CHEBI:34086	C13880	MNXM32501	
s_3114	phosphatidyl-L-serine (1-16:1, 2-18:1)		CHEBI:90032		MNXM78642	
s_3115	phosphatidyl-L-serine (1-18:0, 2-18:1)		CHEBI:79096		MNXM32529	
s_3116	phosphatidyl-L-serine (1-18:1, 2-18:1)		CHEBI:60568		MNXM32173	
s_3117	myo-inositol	inost	CHEBI:17268	C00137	MNXM127	C1(C(C(C(C(C1O)O)O)O)O)O
s_3118	1-phosphatidyl-1D-myo-inositol (1-16:0, 2-16:1)		CHEBI:88396		MNXM75492	
s_3119	1-phosphatidyl-1D-myo-inositol (1-16:1, 2-16:1)	pail161				
s_3120	1-phosphatidyl-1D-myo-inositol (1-18:0, 2-16:1)		CHEBI:88557		MNXM75665	
s_3121	1-phosphatidyl-1D-myo-inositol (1-18:1, 2-16:1)		CHEBI:88626			
s_3122	1-phosphatidyl-1D-myo-inositol (1-16:0, 2-18:1)		CHEBI:73215	C13888	MNXM75499	
s_3123	1-phosphatidyl-1D-myo-inositol (1-16:1, 2-18:1)		CHEBI:88562			
s_3124	1-phosphatidyl-1D-myo-inositol (1-18:0, 2-18:1)		CHEBI:77346		MNXM75671	
s_3125	1-phosphatidyl-1D-myo-inositol (1-18:1, 2-18:1)		CHEBI:88612			
s_3126	sn-2-acyl-1-lysophosphatidylinositol (16:1)		CHEBI:138108			
s_3127	sn-2-acyl-1-lysophosphatidylinositol (18:1)					
s_3128	phosphatidyl-L-serine (1-16:0, 2-16:1)		CHEBI:89824		MNXM78605	
s_3129	carbon dioxide	co2	CHEBI:16526	C00011	MNXM13	C(=O)=O
s_3130	phosphatidylethanolamine (1-16:0, 2-16:1)		CHEBI:136147			
s_3131	phosphatidyl-L-serine (1-16:1, 2-16:1)				MNXM78637	
s_3132	phosphatidylethanolamine (1-16:1, 2-16:1)	pe161	CHEBI:138792			
s_3133	phosphatidyl-L-serine (1-18:0, 2-16:1)		CHEBI:90036		MNXM78765	
s_3134	phosphatidylethanolamine (1-18:0, 2-16:1)		CHEBI:136155			
s_3135	phosphatidyl-L-serine (1-18:1, 2-16:1)		CHEBI:75101		MNXM78797	
s_3136	phosphatidylethanolamine (1-18:1, 2-16:1)		CHEBI:82837		MNXM71684	
s_3137	phosphatidyl-L-serine (1-16:0, 2-18:1)		CHEBI:34086	C13880	MNXM32501	
s_3138	phosphatidylethanolamine (1-16:0, 2-18:1)		CHEBI:136148			
s_3139	phosphatidyl-L-serine (1-16:1, 2-18:1)		CHEBI:90032		MNXM78642	
s_3140	phosphatidylethanolamine (1-16:1, 2-18:1)		CHEBI:90464			
s_3141	phosphatidyl-L-serine (1-18:0, 2-18:1)		CHEBI:79096		MNXM32529	
s_3142	phosphatidylethanolamine (1-18:0, 2-18:1)		CHEBI:136162			
s_3143	phosphatidyl-L-serine (1-18:1, 2-18:1)		CHEBI:60568		MNXM32173	
s_3144	phosphatidylethanolamine (1-18:1, 2-18:1)		CHEBI:136170			
s_3145	phosphatidyl-L-serine (1-16:0, 2-16:1)		CHEBI:89824		MNXM78605	
s_3146	H+	h	CHEBI:24636	C00080	MNXM1	[H+]
s_3147	carbon dioxide	co2	CHEBI:16526	C00011	MNXM13	C(=O)=O
s_3148	phosphatidylethanolamine (1-16:0, 2-16:1)		CHEBI:136147			
s_3149	phosphatidyl-L-serine (1-16:1, 2-16:1)				MNXM78637	
s_3150	phosphatidylethanolamine (1-16:1, 2-16:1)	pe161	CHEBI:138792			
s_3151	phosphatidyl-L-serine (1-18:0, 2-16:1)		CHEBI:90036		MNXM78765	
s_3152	phosphatidylethanolamine (1-18:0, 2-16:1)		CHEBI:136155			
s_3153	phosphatidyl-L-serine (1-18:1, 2-16:1)		CHEBI:75101		MNXM78797	
s_3154	phosphatidylethanolamine (1-18:1, 2-16:1)		CHEBI:82837		MNXM71684	
s_3155	phosphatidyl-L-serine (1-16:0, 2-18:1)		CHEBI:34086	C13880	MNXM32501	
s_3156	phosphatidylethanolamine (1-16:0, 2-18:1)		CHEBI:136148			
s_3157	phosphatidyl-L-serine (1-16:1, 2-18:1)		CHEBI:90032		MNXM78642	
s_3158	phosphatidylethanolamine (1-16:1, 2-18:1)		CHEBI:90464			
s_3159	phosphatidyl-L-serine (1-18:0, 2-18:1)		CHEBI:79096		MNXM32529	
s_3160	phosphatidylethanolamine (1-18:0, 2-18:1)		CHEBI:136162			
s_3161	phosphatidyl-L-serine (1-18:1, 2-18:1)		CHEBI:60568		MNXM32173	
s_3162	phosphatidylethanolamine (1-18:1, 2-18:1)		CHEBI:136170			
s_3163	phosphatidyl-L-serine (1-16:0, 2-16:1)		CHEBI:89824		MNXM78605	
s_3164	H+	h	CHEBI:24636	C00080	MNXM1	[H+]
s_3165	carbon dioxide	co2	CHEBI:16526	C00011	MNXM13	C(=O)=O
s_3166	phosphatidylethanolamine (1-16:0, 2-16:1)		CHEBI:136147			
s_3167	phosphatidyl-L-serine (1-16:1, 2-16:1)				MNXM78637	
s_3168	phosphatidylethanolamine (1-16:1, 2-16:1)	pe161	CHEBI:138792			
s_3169	phosphatidyl-L-serine (1-18:0, 2-16:1)		CHEBI:90036		MNXM78765	
s_3170	phosphatidylethanolamine (1-18:0, 2-16:1)		CHEBI:136155			
s_3171	phosphatidyl-L-serine (1-18:1, 2-16:1)		CHEBI:75101		MNXM78797	
s_3172	phosphatidylethanolamine (1-18:1, 2-16:1)		CHEBI:82837		MNXM71684	
s_3173	phosphatidyl-L-serine (1-16:0, 2-18:1)		CHEBI:34086	C13880	MNXM32501	
s_3174	phosphatidylethanolamine (1-16:0, 2-18:1)		CHEBI:136148			
s_3175	phosphatidyl-L-serine (1-16:1, 2-18:1)		CHEBI:90032		MNXM78642	
s_3176	phosphatidylethanolamine (1-16:1, 2-18:1)		CHEBI:90464			
s_3177	phosphatidyl-L-serine (1-18:0, 2-18:1)		CHEBI:79096		MNXM32529	
s_3178	phosphatidylethanolamine (1-18:0, 2-18:1)		CHEBI:136162			
s_3179	phosphatidyl-L-serine (1-18:1, 2-18:1)		CHEBI:60568		MNXM32173	
s_3180	phosphatidylethanolamine (1-18:1, 2-18:1)		CHEBI:136170			
s_3181	phosphatidylethanolamine (1-16:0, 2-16:1)		CHEBI:136147			
s_3182	S-adenosyl-L-methionine	amet	CHEBI:15414	C00019	MNXM16	C[S+](CCC(C(=O)[O-])N)CC1C(C(C(O1)N2C=NC3=C(N=CN=C32)N)O)O
s_3183	S-adenosyl-L-homocysteine	ahcys	CHEBI:16680	C00021	MNXM19	C1=NC(=C2C(=N1)N(C=N2)C3C(C(C(O3)CSCCC(C(=O)O)N)O)O)N
s_3184	phosphatidyl-N-methylethanolamine (1-16:0, 2-16:1)					
s_3185	phosphatidylethanolamine (1-16:1, 2-16:1)	pe161	CHEBI:138792			
s_3186	phosphatidyl-N-methylethanolamine (1-16:1, 2-16:1)					
s_3187	phosphatidylethanolamine (1-18:0, 2-16:1)		CHEBI:136155			
s_3188	phosphatidyl-N-methylethanolamine (1-18:0, 2-16:1)					
s_3189	phosphatidylethanolamine (1-18:1, 2-16:1)		CHEBI:82837		MNXM71684	
s_3190	phosphatidyl-N-methylethanolamine (1-18:1, 2-16:1)					
s_3191	phosphatidylethanolamine (1-16:0, 2-18:1)		CHEBI:136148			
s_3192	phosphatidyl-N-methylethanolamine (1-16:0, 2-18:1)					
s_3193	phosphatidylethanolamine (1-16:1, 2-18:1)		CHEBI:90464			
s_3194	phosphatidyl-N-methylethanolamine (1-16:1, 2-18:1)					
s_3195	phosphatidylethanolamine (1-18:0, 2-18:1)		CHEBI:136162			
s_3196	phosphatidyl-N-methylethanolamine (1-18:0, 2-18:1)					
s_3197	phosphatidylethanolamine (1-18:1, 2-18:1)		CHEBI:136170			
s_3198	phosphatidyl-N-methylethanolamine (1-18:1, 2-18:1)		CHEBI:85962		MNXM72986	
s_3199	phosphatidyl-N,N-dimethylethanolamine (1-16:0, 2-16:1)					
s_3200	phosphatidyl-N,N-dimethylethanolamine (1-16:1, 2-16:1)					
s_3201	phosphatidyl-N,N-dimethylethanolamine (1-18:0, 2-16:1)					
s_3202	phosphatidyl-N,N-dimethylethanolamine (1-18:1, 2-16:1)					
s_3203	phosphatidyl-N,N-dimethylethanolamine (1-16:0, 2-18:1)					
s_3204	phosphatidyl-N,N-dimethylethanolamine (1-16:1, 2-18:1)					
s_3205	phosphatidyl-N,N-dimethylethanolamine (1-18:0, 2-18:1)					
s_3206	phosphatidyl-N,N-dimethylethanolamine (1-18:1, 2-18:1)		CHEBI:85963		MNXM72998	
s_3207	phosphatidylcholine (1-16:0, 2-16:1)		CHEBI:134592			
s_3208	phosphatidylcholine (1-16:1, 2-16:1)	pc161	CHEBI:83717		MNXM69377	
s_3209	phosphatidylcholine (1-18:0, 2-16:1)		CHEBI:86097		MNXM69528	
s_3210	phosphatidylcholine (1-18:1, 2-16:1)		CHEBI:86100		MNXM69658	
s_3211	phosphatidylcholine (1-16:0, 2-18:1)		CHEBI:134594			
s_3212	phosphatidylcholine (1-16:1, 2-18:1)		CHEBI:84811		MNXM69383	
s_3213	phosphatidylcholine (1-18:0, 2-18:1)		CHEBI:75034		MNXM32526	
s_3214	phosphatidylcholine (1-18:1, 2-18:1)		CHEBI:74669		MNXM8549	
s_3215	CDP	cdp	CHEBI:58069	C00112	MNXM220	C1=CN(C(=O)N=C1N)C2C(C(C(O2)COP(=O)(O)OP(=O)(O)O)O)O
s_3216	CDP-ethanolamine	cdpea	CHEBI:57876	C00570	MNXM449	C1=CN(C(=O)N=C1N)C2C(C(C(O2)COP(=O)(O)OP(=O)(O)OCCN)O)O
s_3217	CDP-choline	cdpchol	CHEBI:16436	C00307	MNXM283	C[N+](C)(C)CCOP(=O)([O-])OP(=O)(O)OCC1C(C(C(O1)N2C=CC(=NC2=O)N)O)O
s_3218	glycerol 3-phosphate	glyc3p	CHEBI:57597	C00093	MNXM66	C(C(COP(=O)(O)O)O)O
s_3219	CMP	cmp	CHEBI:60377	C00055	MNXM31	C1=CN(C(=O)N=C1N)C2C(C(C(O2)COP(=O)(O)O)O)O
s_3220	3-(3-sn-phosphatidyl)-sn-glycerol 1-phosphate (1-16:0, 2-16:1)					
s_3221	3-(3-sn-phosphatidyl)-sn-glycerol 1-phosphate (1-16:1, 2-16:1)					
s_3222	3-(3-sn-phosphatidyl)-sn-glycerol 1-phosphate (1-18:0, 2-16:1)					
s_3223	3-(3-sn-phosphatidyl)-sn-glycerol 1-phosphate (1-18:1, 2-16:1)					
s_3224	3-(3-sn-phosphatidyl)-sn-glycerol 1-phosphate (1-16:0, 2-18:1)				MNXM725269	
s_3225	3-(3-sn-phosphatidyl)-sn-glycerol 1-phosphate (1-16:1, 2-18:1)					
s_3226	H2O	h2o	CHEBI:15377	C00001	MNXM2	O
s_3227	phosphatidylglycerol (1-16:0, 2-16:1)		CHEBI:136224			
s_3228	phosphate	pi	CHEBI:43474	C00009	MNXM9	[O-]P(=O)([O-])[O-]
s_3229	phosphatidylglycerol (1-16:1, 2-16:1)					
s_3230	phosphatidylglycerol (1-18:0, 2-16:1)		CHEBI:89270			
s_3231	phosphatidylglycerol (1-18:1, 2-16:1)		CHEBI:89093			
s_3232	phosphatidylglycerol (1-16:0, 2-18:1)		CHEBI:34080	C13833		
s_3233	phosphatidylglycerol (1-16:1, 2-18:1)		CHEBI:89398			
s_3234	cardiolipin (1-16:0, 2-16:1, 3-16:0, 4-16:1)				MNXM120766	
s_3235	cardiolipin (1-16:0, 2-16:1, 3-16:1, 4-16:1)				MNXM120775	
s_3236	cardiolipin (1-16:0, 2-16:1, 3-18:0, 4-16:1)				MNXM120785	
s_3237	cardiolipin (1-16:0, 2-16:1, 3-18:1, 4-16:1)				MNXM120792	
s_3238	cardiolipin (1-16:0, 2-16:1, 3-16:0, 4-18:1)				MNXM120768	
s_3239	cardiolipin (1-16:0, 2-16:1, 3-16:1, 4-18:1)				MNXM120778	
s_3240	cardiolipin (1-16:1, 2-16:1, 3-16:0, 4-16:1)					
s_3241	cardiolipin (1-16:1, 2-16:1, 3-16:1, 4-16:1)	clpn161	CHEBI:104873		MNXM4501	
s_3242	cardiolipin (1-16:1, 2-16:1, 3-18:0, 4-16:1)					
s_3243	cardiolipin (1-16:1, 2-16:1, 3-18:1, 4-16:1)				MNXM121254	
s_3244	cardiolipin (1-16:1, 2-16:1, 3-16:0, 4-18:1)					
s_3245	cardiolipin (1-16:1, 2-16:1, 3-16:1, 4-18:1)				MNXM121237	
s_3246	cardiolipin (1-18:0, 2-16:1, 3-16:0, 4-16:1)					
s_3247	cardiolipin (1-18:0, 2-16:1, 3-16:1, 4-16:1)					
s_3248	cardiolipin (1-18:0, 2-16:1, 3-18:0, 4-16:1)					
s_3249	cardiolipin (1-18:0, 2-16:1, 3-18:1, 4-16:1)					
s_3250	cardiolipin (1-18:0, 2-16:1, 3-16:0, 4-18:1)					
s_3251	cardiolipin (1-18:0, 2-16:1, 3-16:1, 4-18:1)					
s_3252	cardiolipin (1-18:1, 2-16:1, 3-16:0, 4-16:1)					
s_3253	cardiolipin (1-18:1, 2-16:1, 3-16:1, 4-16:1)					
s_3254	cardiolipin (1-18:1, 2-16:1, 3-18:0, 4-16:1)					
s_3255	cardiolipin (1-18:1, 2-16:1, 3-18:1, 4-16:1)					
s_3256	cardiolipin (1-18:1, 2-16:1, 3-16:0, 4-18:1)					
s_3257	cardiolipin (1-18:1, 2-16:1, 3-16:1, 4-18:1)					
s_3258	cardiolipin (1-16:0, 2-18:1, 3-16:0, 4-16:1)					
s_3259	cardiolipin (1-16:0, 2-18:1, 3-16:1, 4-16:1)				MNXM120922	
s_3260	cardiolipin (1-16:0, 2-18:1, 3-18:0, 4-16:1)					
s_3261	cardiolipin (1-16:0, 2-18:1, 3-18:1, 4-16:1)				MNXM120940	
s_3262	cardiolipin (1-16:0, 2-18:1, 3-16:0, 4-18:1)					
s_3263	cardiolipin (1-16:0, 2-18:1, 3-16:1, 4-18:1)				MNXM120924	
s_3264	cardiolipin (1-16:1, 2-18:1, 3-16:0, 4-16:1)					
s_3265	cardiolipin (1-16:1, 2-18:1, 3-16:1, 4-16:1)					
s_3266	cardiolipin (1-16:1, 2-18:1, 3-18:0, 4-16:1)					
s_3267	cardiolipin (1-16:1, 2-18:1, 3-18:1, 4-16:1)					
s_3268	cardiolipin (1-16:1, 2-18:1, 3-16:0, 4-18:1)					
s_3269	cardiolipin (1-16:1, 2-18:1, 3-16:1, 4-18:1)					
s_3270	monolysocardiolipin (2-16:1, 3-16:0, 4-16:1)					
s_3271	palmitate	hdca	CHEBI:7896	C00249	MNXM108	CCCCCCCCCCCCCCCC(=O)O
s_3272	monolysocardiolipin (2-16:1, 3-16:1, 4-16:1)					
s_3273	monolysocardiolipin (2-16:1, 3-18:0, 4-16:1)					
s_3274	monolysocardiolipin (2-16:1, 3-18:1, 4-16:1)					
s_3275	monolysocardiolipin (2-16:1, 3-16:0, 4-18:1)					
s_3276	monolysocardiolipin (2-16:1, 3-16:1, 4-18:1)					
s_3277	stearate	ocdca	CHEBI:25629	C01530	MNXM236	CCCCCCCCCCCCCCCCCC(=O)[O-]
s_3278	monolysocardiolipin (2-18:1, 3-16:0, 4-16:1)					
s_3279	monolysocardiolipin (2-18:1, 3-16:1, 4-16:1)					
s_3280	monolysocardiolipin (2-18:1, 3-18:0, 4-16:1)					
s_3281	monolysocardiolipin (2-18:1, 3-18:1, 4-16:1)					
s_3282	monolysocardiolipin (2-18:1, 3-16:0, 4-18:1)					
s_3283	monolysocardiolipin (2-18:1, 3-16:1, 4-18:1)					
s_3284	monolysocardiolipin (1-16:0, 2-16:1, 4-16:1)					
s_3285	monolysocardiolipin (1-16:0, 2-16:1, 4-18:1)					
s_3286	monolysocardiolipin (1-16:1, 2-16:1, 4-16:1)					
s_3287	monolysocardiolipin (1-16:1, 2-16:1, 4-18:1)					
s_3288	monolysocardiolipin (1-18:0, 2-16:1, 4-16:1)					
s_3289	monolysocardiolipin (1-18:0, 2-16:1, 4-18:1)					
s_3290	monolysocardiolipin (1-18:1, 2-16:1, 4-16:1)					
s_3291	monolysocardiolipin (1-18:1, 2-16:1, 4-18:1)					
s_3292	monolysocardiolipin (1-16:0, 2-18:1, 4-16:1)					
s_3293	monolysocardiolipin (1-16:0, 2-18:1, 4-18:1)					
s_3294	monolysocardiolipin (1-16:1, 2-18:1, 4-16:1)					
s_3295	monolysocardiolipin (1-16:1, 2-18:1, 4-18:1)					
s_3296	phosphatidylcholine (1-16:0, 2-16:1)		CHEBI:134592			
s_3297	1-acylglycerophosphocholine (16:0)	1agpc160	CHEBI:72998	C04102	MNXM32510	
s_3298	phosphatidylcholine (1-16:1, 2-16:1)	pc161	CHEBI:83717		MNXM69377	
s_3299	1-acylglycerophosphocholine (16:1)	1agpc161	CHEBI:73851		MNXM32519	
s_3300	phosphatidylcholine (1-18:0, 2-16:1)		CHEBI:86097		MNXM69528	
s_3301	1-acylglycerophosphocholine (18:0)	1agpc180	CHEBI:73858		MNXM32545	
s_3302	phosphatidylcholine (1-18:1, 2-16:1)		CHEBI:86100		MNXM69658	
s_3303	1-acylglycerophosphocholine (18:1)	1agpc181	CHEBI:28610	C03916	MNXM13872	
s_3304	phosphatidylcholine (1-16:0, 2-18:1)		CHEBI:134594			
s_3305	phosphatidylcholine (1-16:1, 2-18:1)		CHEBI:84811		MNXM69383	
s_3306	phosphatidylcholine (1-18:0, 2-18:1)		CHEBI:75034		MNXM32526	
s_3307	phosphatidylcholine (1-18:1, 2-18:1)		CHEBI:74669		MNXM8549	
s_3308	cardiolipin (1-18:1, 2-18:1, 3-16:0, 4-16:1)					
s_3309	cardiolipin (1-18:1, 2-18:1, 3-16:1, 4-16:1)					
s_3310	cardiolipin (1-18:1, 2-18:1, 3-18:0, 4-16:1)					
s_3311	cardiolipin (1-18:1, 2-18:1, 3-18:1, 4-16:1)					
s_3312	cardiolipin (1-18:1, 2-18:1, 3-16:0, 4-18:1)					
s_3313	cardiolipin (1-18:1, 2-18:1, 3-16:1, 4-18:1)					
s_3314	cardiolipin (1-16:0, 2-16:1, 3-18:1, 4-18:1)					
s_3315	cardiolipin (1-16:1, 2-16:1, 3-18:1, 4-18:1)					
s_3316	cardiolipin (1-18:0, 2-16:1, 3-18:1, 4-18:1)					
s_3317	cardiolipin (1-18:1, 2-16:1, 3-18:1, 4-18:1)					
s_3318	cardiolipin (1-16:0, 2-18:1, 3-18:1, 4-18:1)					
s_3319	cardiolipin (1-16:1, 2-18:1, 3-18:1, 4-18:1)					
s_3320	palmitoleoyl-CoA(4-)	hdcoa	CHEBI:61540	C21072	MNXM781	CCCCCCC=CCCCCCCCC(=O)SCCNC(=O)CCNC(=O)C(C(C)(C)COP(=O)([O-])OP(=O)([O-])OCC1C(C(C(O1)N2C=NC3=C(N=CN=C32)N)O)OP(=O)([O-])[O-])O
s_3321	coenzyme A	coa	CHEBI:57287	C00010	MNXM12	CC(C)(COP(=O)(O)OP(=O)(O)OCC1C(C(C(O1)N2C=NC3=C(N=CN=C32)N)O)OP(=O)(O)O)C(C(=O)NCCC(=O)NCCS)O
s_3322	oleoyl-CoA	ocdce9coa	CHEBI:57387	C00510	MNXM686	CCCCCCCCC=CCCCCCCCC(=O)SCCNC(=O)CCNC(=O)C(C(C)(C)COP(=O)(O)OP(=O)(O)OCC1C(C(C(O1)N2C=NC3=C(N=CN=C32)N)O)OP(=O)(O)O)O
s_3323	1-phosphatidyl-1D-myo-inositol (1-16:0, 2-16:1)		CHEBI:88396		MNXM75492	
s_3324	ADP	adp	CHEBI:456216	C00008	MNXM7	C1=NC(=C2C(=N1)N(C=N2)C3C(C(C(O3)COP(=O)(O)OP(=O)(O)O)O)O)N
s_3325	1-phosphatidyl-1D-myo-inositol 4-phosphate (1-16:0, 2-16:1)					
s_3326	1-phosphatidyl-1D-myo-inositol (1-16:1, 2-16:1)	pail161				
s_3327	1-phosphatidyl-1D-myo-inositol 4-phosphate (1-16:1, 2-16:1)	pail4p161				
s_3328	1-phosphatidyl-1D-myo-inositol (1-18:0, 2-16:1)		CHEBI:88557		MNXM75665	
s_3329	1-phosphatidyl-1D-myo-inositol 4-phosphate (1-18:0, 2-16:1)					
s_3330	1-phosphatidyl-1D-myo-inositol (1-18:1, 2-16:1)		CHEBI:88626			
s_3331	1-phosphatidyl-1D-myo-inositol 4-phosphate (1-18:1, 2-16:1)					
s_3332	1-phosphatidyl-1D-myo-inositol (1-16:0, 2-18:1)		CHEBI:73215	C13888	MNXM75499	
s_3333	1-phosphatidyl-1D-myo-inositol 4-phosphate (1-16:0, 2-18:1)					
s_3334	1-phosphatidyl-1D-myo-inositol (1-16:1, 2-18:1)		CHEBI:88562			
s_3335	1-phosphatidyl-1D-myo-inositol 4-phosphate (1-16:1, 2-18:1)					
s_3336	1-phosphatidyl-1D-myo-inositol (1-18:0, 2-18:1)		CHEBI:77346		MNXM75671	
s_3337	1-phosphatidyl-1D-myo-inositol 4-phosphate (1-18:0, 2-18:1)		CHEBI:77277			
s_3338	1-phosphatidyl-1D-myo-inositol (1-18:1, 2-18:1)		CHEBI:88612			
s_3339	1-phosphatidyl-1D-myo-inositol 4-phosphate (1-18:1, 2-18:1)					
s_3340	1-phosphatidyl-1D-myo-inositol (1-16:0, 2-16:1)		CHEBI:88396		MNXM75492	
s_3341	ATP	atp	CHEBI:30616	C00002	MNXM3	C1=NC(=C2C(=N1)N(C=N2)C3C(C(C(O3)COP(=O)(O)OP(=O)(O)OP(=O)(O)O)O)O)N
s_3342	ADP	adp	CHEBI:456216	C00008	MNXM7	C1=NC(=C2C(=N1)N(C=N2)C3C(C(C(O3)COP(=O)(O)OP(=O)(O)O)O)O)N
s_3343	1-phosphatidyl-1D-myo-inositol 4-phosphate (1-16:0, 2-16:1)					
s_3344	1-phosphatidyl-1D-myo-inositol (1-16:1, 2-16:1)	pail161				
s_3345	1-phosphatidyl-1D-myo-inositol 4-phosphate (1-16:1, 2-16:1)	pail4p161				
s_3346	1-phosphatidyl-1D-myo-inositol (1-18:0, 2-16:1)		CHEBI:88557		MNXM75665	
s_3347	1-phosphatidyl-1D-myo-inositol 4-phosphate (1-18:0, 2-16:1)					
s_3348	1-phosphatidyl-1D-myo-inositol (1-18:1, 2-16:1)		CHEBI:88626			
s_3349	1-phosphatidyl-1D-myo-inositol 4-phosphate (1-18:1, 2-16:1)					
s_3350	1-phosphatidyl-1D-myo-inositol (1-16:0, 2-18:1)		CHEBI:73215	C13888	MNXM75499	
s_3351	1-phosphatidyl-1D-myo-inositol 4-phosphate (1-16:0, 2-18:1)					
s_3352	1-phosphatidyl-1D-myo-inositol (1-16:1, 2-18:1)		CHEBI:88562			
s_3353	1-phosphatidyl-1D-myo-inositol 4-phosphate (1-16:1, 2-18:1)					
s_3354	1-phosphatidyl-1D-myo-inositol (1-18:0, 2-18:1)		CHEBI:77346		MNXM75671	
s_3355	1-phosphatidyl-1D-myo-inositol 4-phosphate (1-18:0, 2-18:1)		CHEBI:77277			
s_3356	1-phosphatidyl-1D-myo-inositol (1-18:1, 2-18:1)		CHEBI:88612			
s_3357	1-phosphatidyl-1D-myo-inositol 4-phosphate (1-18:1, 2-18:1)					
s_3358	1-phosphatidyl-1D-myo-inositol (1-16:0, 2-16:1)		CHEBI:88396		MNXM75492	
s_3359	ATP	atp	CHEBI:30616	C00002	MNXM3	C1=NC(=C2C(=N1)N(C=N2)C3C(C(C(O3)COP(=O)(O)OP(=O)(O)OP(=O)(O)O)O)O)N
s_3360	ADP	adp	CHEBI:456216	C00008	MNXM7	C1=NC(=C2C(=N1)N(C=N2)C3C(C(C(O3)COP(=O)(O)OP(=O)(O)O)O)O)N
s_3361	1-phosphatidyl-1D-myo-inositol 4-phosphate (1-16:0, 2-16:1)					
s_3362	1-phosphatidyl-1D-myo-inositol (1-16:1, 2-16:1)	pail161				
s_3363	1-phosphatidyl-1D-myo-inositol 4-phosphate (1-16:1, 2-16:1)	pail4p161				
s_3364	1-phosphatidyl-1D-myo-inositol (1-18:0, 2-16:1)		CHEBI:88557		MNXM75665	
s_3365	1-phosphatidyl-1D-myo-inositol 4-phosphate (1-18:0, 2-16:1)					
s_3366	1-phosphatidyl-1D-myo-inositol (1-18:1, 2-16:1)		CHEBI:88626			
s_3367	1-phosphatidyl-1D-myo-inositol 4-phosphate (1-18:1, 2-16:1)					
s_3368	1-phosphatidyl-1D-myo-inositol (1-16:0, 2-18:1)		CHEBI:73215	C13888	MNXM75499	
s_3369	1-phosphatidyl-1D-myo-inositol 4-phosphate (1-16:0, 2-18:1)					
s_3370	1-phosphatidyl-1D-myo-inositol (1-16:1, 2-18:1)		CHEBI:88562			
s_3371	1-phosphatidyl-1D-myo-inositol 4-phosphate (1-16:1, 2-18:1)					
s_3372	1-phosphatidyl-1D-myo-inositol (1-18:0, 2-18:1)		CHEBI:77346		MNXM75671	
s_3373	1-phosphatidyl-1D-myo-inositol 4-phosphate (1-18:0, 2-18:1)		CHEBI:77277			
s_3374	1-phosphatidyl-1D-myo-inositol (1-18:1, 2-18:1)		CHEBI:88612			
s_3375	1-phosphatidyl-1D-myo-inositol 4-phosphate (1-18:1, 2-18:1)					
s_3376	1-phosphatidyl-1D-myo-inositol (1-16:0, 2-16:1)		CHEBI:88396		MNXM75492	
s_3377	1-phosphatidyl-1D-myo-inositol 4-phosphate (1-16:0, 2-16:1)					
s_3378	1-phosphatidyl-1D-myo-inositol (1-16:1, 2-16:1)	pail161				
s_3379	1-phosphatidyl-1D-myo-inositol 4-phosphate (1-16:1, 2-16:1)	pail4p161				
s_3380	1-phosphatidyl-1D-myo-inositol (1-18:0, 2-16:1)		CHEBI:88557		MNXM75665	
s_3381	1-phosphatidyl-1D-myo-inositol 4-phosphate (1-18:0, 2-16:1)					
s_3382	1-phosphatidyl-1D-myo-inositol (1-18:1, 2-16:1)		CHEBI:88626			
s_3383	1-phosphatidyl-1D-myo-inositol 4-phosphate (1-18:1, 2-16:1)					
s_3384	1-phosphatidyl-1D-myo-inositol (1-16:0, 2-18:1)		CHEBI:73215	C13888	MNXM75499	
s_3385	1-phosphatidyl-1D-myo-inositol 4-phosphate (1-16:0, 2-18:1)					
s_3386	1-phosphatidyl-1D-myo-inositol (1-16:1, 2-18:1)		CHEBI:88562			
s_3387	1-phosphatidyl-1D-myo-inositol 4-phosphate (1-16:1, 2-18:1)					
s_3388	1-phosphatidyl-1D-myo-inositol (1-18:0, 2-18:1)		CHEBI:77346		MNXM75671	
s_3389	1-phosphatidyl-1D-myo-inositol 4-phosphate (1-18:0, 2-18:1)		CHEBI:77277			
s_3390	1-phosphatidyl-1D-myo-inositol (1-18:1, 2-18:1)		CHEBI:88612			
s_3391	1-phosphatidyl-1D-myo-inositol 4-phosphate (1-18:1, 2-18:1)					
s_3392	1-phosphatidyl-1D-myo-inositol 3-phosphate (1-16:0, 2-16:1)					
s_3393	1-phosphatidyl-1D-myo-inositol 3-phosphate (1-16:1, 2-16:1)	pail3p161				
s_3394	1-phosphatidyl-1D-myo-inositol 3-phosphate (1-18:0, 2-16:1)					
s_3395	1-phosphatidyl-1D-myo-inositol 3-phosphate (1-18:1, 2-16:1)					
s_3396	1-phosphatidyl-1D-myo-inositol 3-phosphate (1-16:0, 2-18:1)					
s_3397	1-phosphatidyl-1D-myo-inositol 3-phosphate (1-16:1, 2-18:1)					
s_3398	1-phosphatidyl-1D-myo-inositol 3-phosphate (1-18:0, 2-18:1)		CHEBI:77347			
s_3399	1-phosphatidyl-1D-myo-inositol 3-phosphate (1-18:1, 2-18:1)		CHEBI:77344			
s_3400	1-phosphatidyl-1D-myo-inositol 4,5-bisphosphate (1-16:0, 2-16:1)					
s_3401	1-phosphatidyl-1D-myo-inositol 4,5-bisphosphate (1-16:1, 2-16:1)					
s_3402	1-phosphatidyl-1D-myo-inositol 4,5-bisphosphate (1-18:0, 2-16:1)					
s_3403	1-phosphatidyl-1D-myo-inositol 4,5-bisphosphate (1-18:1, 2-16:1)					
s_3404	1-phosphatidyl-1D-myo-inositol 4,5-bisphosphate (1-16:0, 2-18:1)					
s_3405	1-phosphatidyl-1D-myo-inositol 4,5-bisphosphate (1-16:1, 2-18:1)					
s_3406	1-phosphatidyl-1D-myo-inositol 4,5-bisphosphate (1-18:0, 2-18:1)		CHEBI:77279			
s_3407	1-phosphatidyl-1D-myo-inositol 4,5-bisphosphate (1-18:1, 2-18:1)					
s_3408	1-phosphatidyl-1D-myo-inositol 4,5-bisphosphate (1-16:0, 2-16:1)					
s_3409	1-phosphatidyl-1D-myo-inositol 4,5-bisphosphate (1-16:1, 2-16:1)					
s_3410	1-phosphatidyl-1D-myo-inositol 4,5-bisphosphate (1-18:0, 2-16:1)					
s_3411	1-phosphatidyl-1D-myo-inositol 4,5-bisphosphate (1-18:1, 2-16:1)					
s_3412	1-phosphatidyl-1D-myo-inositol 4,5-bisphosphate (1-16:0, 2-18:1)					
s_3413	1-phosphatidyl-1D-myo-inositol 4,5-bisphosphate (1-16:1, 2-18:1)					
s_3414	1-phosphatidyl-1D-myo-inositol 4,5-bisphosphate (1-18:0, 2-18:1)		CHEBI:77279			
s_3415	1-phosphatidyl-1D-myo-inositol 4,5-bisphosphate (1-18:1, 2-18:1)					
s_3416	1-phosphatidyl-1D-myo-inositol 3,5-bisphosphate (1-16:0, 2-16:1)					
s_3417	1-phosphatidyl-1D-myo-inositol 3,5-bisphosphate (1-16:1, 2-16:1)					
s_3418	1-phosphatidyl-1D-myo-inositol 3,5-bisphosphate (1-18:0, 2-16:1)					
s_3419	1-phosphatidyl-1D-myo-inositol 3,5-bisphosphate (1-18:1, 2-16:1)					
s_3420	1-phosphatidyl-1D-myo-inositol 3,5-bisphosphate (1-16:0, 2-18:1)					
s_3421	1-phosphatidyl-1D-myo-inositol 3,5-bisphosphate (1-16:1, 2-18:1)					
s_3422	1-phosphatidyl-1D-myo-inositol 3,5-bisphosphate (1-18:0, 2-18:1)					
s_3423	1-phosphatidyl-1D-myo-inositol 3,5-bisphosphate (1-18:1, 2-18:1)					
s_3424	1-acylglycerophosphoethanolamine (16:0)	1agpe160	CHEBI:90452			
s_3425	1-acylglycerophosphoethanolamine (16:1)	1agpe161				
s_3426	1-acylglycerophosphoethanolamine (18:0)	1agpe180	CHEBI:64576			
s_3427	1-acylglycerophosphoethanolamine (18:1)	1agpe181	CHEBI:64575			
s_3428	1-acylglycerophosphocholine (16:0)	1agpc160	CHEBI:72998	C04102	MNXM32510	
s_3429	1-acylglycerophosphocholine (16:1)	1agpc161	CHEBI:73851		MNXM32519	
s_3430	1-acylglycerophosphocholine (18:0)	1agpc180	CHEBI:73858		MNXM32545	
s_3431	1-acylglycerophosphocholine (18:1)	1agpc181	CHEBI:28610	C03916	MNXM13872	
s_3432	episterol	epist	CHEBI:23929	C15777	MNXM52365	CC(C)C(=C)CCC(C)C1CCC2C1(CCC3C2=CCC4C3(CCC(C4)O)C)C
s_3433	episteryl oleate		CHEBI:52375		MNXM52367	CCCCCCCCC=CCCCCCCCC(=O)OC1CCC2(C3CCC4(C(C3=CCC2C1)CCC4C(C)CCC(=C)C(C)C)C)C
s_3434	episteryl palmitoleate		CHEBI:52376		MNXM52369	CCCCCCC=CCCCCCCCC(=O)OC1CCC2(C3CCC4(C(C3=CCC2C1)CCC4C(C)CCC(=C)C(C)C)C)C
s_3435	fecosterol	fecost	CHEBI:17038	C04525	MNXM1741	CC(C)C(=C)CCC(C)C1CCC2C1(CCC3=C2CCC4C3(CCC(C4)O)C)C
s_3436	fecosteryl oleate		CHEBI:52379		MNXM53170	CCCCCCCCC=CCCCCCCCC(=O)OC1CCC2(C(C1)CCC3=C2CCC4(C3CCC4C(C)CCC(=C)C(C)C)C)C
s_3437	fecosteryl palmitoleate		CHEBI:52380		MNXM53171	CCCCCCC=CCCCCCCCC(=O)OC1CCC2(C(C1)CCC3=C2CCC4(C3CCC4C(C)CCC(=C)C(C)C)C)C
s_3438	lanosterol	lanost	CHEBI:16521	C01724	MNXM482	CC(CCC=C(C)C)C1CCC2(C1(CCC3=C2CCC4C3(CCC(C4(C)C)O)C)C)C
s_3439	lanosteryl oleate		CHEBI:52382		MNXM59726	CCCCCCCCC=CCCCCCCCC(=O)OC1CCC2(C(C1(C)C)CCC3=C2CCC4(C3(CCC4C(C)CCC=C(C)C)C)C)C
s_3440	lanosteryl palmitoleate		CHEBI:52383		MNXM59727	CCCCCCC=CCCCCCCCC(=O)OC1CCC2(C(C1(C)C)CCC3=C2CCC4(C3(CCC4C(C)CCC=C(C)C)C)C)C
s_3441	ergosterol	ergst	CHEBI:16933	C01694	MNXM922	CC(C)C(C)C=CC(C)C1CCC2C1(CCC3C2=CC=C4C3(CCC(C4)O)C)C
s_3442	ergosteryl oleate		CHEBI:52377		MNXM52466	CCCCCCCCC=CCCCCCCCC(=O)OC1CCC2(C3CCC4(C(C3=CC=C2C1)CCC4C(C)C=CC(C)C(C)C)C)C
s_3443	ergosteryl palmitoleate		CHEBI:52378		MNXM52467	CCCCCCC=CCCCCCCCC(=O)OC1CCC2(C3CCC4(C(C3=CC=C2C1)CCC4C(C)C=CC(C)C(C)C)C)C
s_3444	zymosterol	zymst	CHEBI:18252	C05437	MNXM574	CC(CCC=C(C)C)C1CCC2C1(CCC3=C2CCC4C3(CCC(C4)O)C)C
s_3445	zymosteryl oleate		CHEBI:52384		MNXM89472	CCCCCCCCC=CCCCCCCCC(=O)OC1CCC2(C(C1)CCC3=C2CCC4(C3CCC4C(C)CCC=C(C)C)C)C
s_3446	zymosteryl palmitoleate		CHEBI:52385		MNXM89473	CCCCCCC=CCCCCCCCC(=O)OC1CCC2(C(C1)CCC3=C2CCC4(C3CCC4C(C)CCC=C(C)C)C)C
s_3447	sn-glycero-3-phosphocholine	g3pc	CHEBI:16870	C00670	MNXM367	C[N+](C)(C)CCOP(=O)([O-])OCC(CO)O
s_3448	phosphatidylcholine (1-16:0, 2-16:1)		CHEBI:134592			
s_3449	H2O	h2o	CHEBI:15377	C00001	MNXM2	O
s_3450	1-acylglycerophosphocholine (16:0)	1agpc160	CHEBI:72998	C04102	MNXM32510	
s_3451	palmitoleate	hdcea	CHEBI:32372	C08362	MNXM162245	CCCCCCC=CCCCCCCCC(=O)[O-]
s_3452	phosphatidylcholine (1-16:1, 2-16:1)	pc161	CHEBI:83717		MNXM69377	
s_3453	1-acylglycerophosphocholine (16:1)	1agpc161	CHEBI:73851		MNXM32519	
s_3454	phosphatidylcholine (1-18:0, 2-16:1)		CHEBI:86097		MNXM69528	
s_3455	1-acylglycerophosphocholine (18:0)	1agpc180	CHEBI:73858		MNXM32545	
s_3456	phosphatidylcholine (1-18:1, 2-16:1)		CHEBI:86100		MNXM69658	
s_3457	1-acylglycerophosphocholine (18:1)	1agpc181	CHEBI:28610	C03916	MNXM13872	
s_3458	phosphatidylcholine (1-16:0, 2-18:1)		CHEBI:134594			
s_3459	oleate	ocdcea	CHEBI:30823	C00712	MNXM306	CCCCCCCCC=CCCCCCCCC(=O)O
s_3460	phosphatidylcholine (1-16:1, 2-18:1)		CHEBI:84811		MNXM69383	
s_3461	phosphatidylcholine (1-18:0, 2-18:1)		CHEBI:75034		MNXM32526	
s_3462	phosphatidylcholine (1-18:1, 2-18:1)		CHEBI:74669		MNXM8549	
s_3463	palmitate	hdca	CHEBI:7896	C00249	MNXM108	CCCCCCCCCCCCCCCC(=O)O
s_3464	stearate	ocdca	CHEBI:25629	C01530	MNXM236	CCCCCCCCCCCCCCCCCC(=O)[O-]
s_3465	phosphatidylethanolamine (1-16:0, 2-16:1)		CHEBI:136147			
s_3466	1-acylglycerophosphoethanolamine (16:0)	1agpe160	CHEBI:90452			
s_3467	phosphatidylethanolamine (1-16:1, 2-16:1)	pe161	CHEBI:138792			
s_3468	1-acylglycerophosphoethanolamine (16:1)	1agpe161				
s_3469	phosphatidylethanolamine (1-18:0, 2-16:1)		CHEBI:136155			
s_3470	1-acylglycerophosphoethanolamine (18:0)	1agpe180	CHEBI:64576			
s_3471	phosphatidylethanolamine (1-18:1, 2-16:1)		CHEBI:82837		MNXM71684	
s_3472	1-acylglycerophosphoethanolamine (18:1)	1agpe181	CHEBI:64575			
s_3473	phosphatidylethanolamine (1-16:0, 2-18:1)		CHEBI:136148			
s_3474	phosphatidylethanolamine (1-16:1, 2-18:1)		CHEBI:90464			
s_3475	phosphatidylethanolamine (1-18:0, 2-18:1)		CHEBI:136162			
s_3476	phosphatidylethanolamine (1-18:1, 2-18:1)		CHEBI:136170			
s_3477	sn-glycero-3-phosphoethanolamine	g3pe	CHEBI:16929	C01233	MNXM368	C(COP(=O)(O)OCC(CO)O)N
s_3478	phosphatidyl-L-serine (1-16:0, 2-16:1)		CHEBI:89824		MNXM78605	
s_3479	1-acylglycerophosphoserine (16:0)				MNXM78597	
s_3480	phosphatidyl-L-serine (1-16:1, 2-16:1)				MNXM78637	
s_3481	1-acylglycerophosphoserine (16:1)				MNXM78629	
s_3482	phosphatidyl-L-serine (1-18:0, 2-16:1)		CHEBI:90036		MNXM78765	
s_3483	1-acylglycerophosphoserine (18:0)		CHEBI:85403		MNXM78757	
s_3484	phosphatidyl-L-serine (1-18:1, 2-16:1)		CHEBI:75101		MNXM78797	
s_3485	1-acylglycerophosphoserine (18:1)		CHEBI:52649		MNXM32944	
s_3486	phosphatidyl-L-serine (1-16:0, 2-18:1)		CHEBI:34086	C13880	MNXM32501	
s_3487	phosphatidyl-L-serine (1-16:1, 2-18:1)		CHEBI:90032		MNXM78642	
s_3488	phosphatidyl-L-serine (1-18:0, 2-18:1)		CHEBI:79096		MNXM32529	
s_3489	phosphatidyl-L-serine (1-18:1, 2-18:1)		CHEBI:60568		MNXM32173	
s_3490	sn-glycero-3-phosphoserine	g3ps	CHEBI:64945			C(C(COP(=O)(O)OCC(C(=O)O)N)O)O
s_3491	1-acylglycerophosphoinositol (16:0)	pailpalm_hs	CHEBI:73218			
s_3492	1-acylglycerophosphoinositol (16:1)		CHEBI:138108			
s_3493	1-acylglycerophosphoinositol (18:0)	pailste_hs	CHEBI:83054			
s_3494	1-acylglycerophosphoinositol (18:1)		CHEBI:82753			
s_3495	1-(sn-glycero-3-phospho)-1D-myo-inositol	g3pi	CHEBI:58444	C01225	MNXM1517	C(C(COP(=O)(O)OC1C(C(C(C(C1O)O)O)O)O)O)O
s_3496	1-phosphatidyl-1D-myo-inositol 4,5-bisphosphate (1-16:0, 2-16:1)					
s_3497	diglyceride (1-16:0, 2-16:1)		CHEBI:84394		MNXM49375	
s_3498	1D-myo-inositol 1,4,5-trisphosphate	mi145p	CHEBI:203600	C01245	MNXM200	C1(C(C(C(C(C1OP(=O)(O)O)O)OP(=O)(O)O)OP(=O)(O)O)O)O
s_3499	1-phosphatidyl-1D-myo-inositol 4,5-bisphosphate (1-16:1, 2-16:1)					
s_3500	diglyceride (1-16:1, 2-16:1)	12dgr161	CHEBI:84417		MNXM176611	
s_3501	1-phosphatidyl-1D-myo-inositol 4,5-bisphosphate (1-18:0, 2-16:1)					
s_3502	diglyceride (1-18:0, 2-16:1)		CHEBI:88527		MNXM49511	
s_3503	1-phosphatidyl-1D-myo-inositol 4,5-bisphosphate (1-18:1, 2-16:1)					
s_3504	diglyceride (1-18:1, 2-16:1)		CHEBI:89229		MNXM49575	
s_3505	1-phosphatidyl-1D-myo-inositol 4,5-bisphosphate (1-16:0, 2-18:1)					
s_3506	diglyceride (1-16:0, 2-18:1)		CHEBI:88454		MNXM49380	
s_3507	1-phosphatidyl-1D-myo-inositol 4,5-bisphosphate (1-16:1, 2-18:1)					
s_3508	diglyceride (1-16:1, 2-18:1)		CHEBI:88500		MNXM49417	
s_3509	1-phosphatidyl-1D-myo-inositol 4,5-bisphosphate (1-18:0, 2-18:1)		CHEBI:77279			
s_3510	diglyceride (1-18:0, 2-18:1)		CHEBI:75468		MNXM49514	
s_3511	1-phosphatidyl-1D-myo-inositol 4,5-bisphosphate (1-18:1, 2-18:1)					
s_3512	diglyceride (1-18:1, 2-18:1)	12dgr181	CHEBI:52333		MNXM9533	
s_3513	diglyceride (1-16:0, 2-16:1)		CHEBI:84394		MNXM49375	
s_3514	diglyceride (1-16:1, 2-16:1)	12dgr161	CHEBI:84417		MNXM176611	
s_3515	diglyceride (1-18:0, 2-16:1)		CHEBI:88527		MNXM49511	
s_3516	diglyceride (1-18:1, 2-16:1)		CHEBI:89229		MNXM49575	
s_3517	diglyceride (1-16:0, 2-18:1)		CHEBI:88454		MNXM49380	
s_3518	diglyceride (1-16:1, 2-18:1)		CHEBI:88500		MNXM49417	
s_3519	diglyceride (1-18:0, 2-18:1)		CHEBI:75468		MNXM49514	
s_3520	diglyceride (1-18:1, 2-18:1)	12dgr181	CHEBI:52333		MNXM9533	
s_3521	diglyceride (1-16:0, 2-16:1)		CHEBI:84394		MNXM49375	
s_3522	diglyceride (1-16:1, 2-16:1)	12dgr161	CHEBI:84417		MNXM176611	
s_3523	diglyceride (1-18:0, 2-16:1)		CHEBI:88527		MNXM49511	
s_3524	diglyceride (1-18:1, 2-16:1)		CHEBI:89229		MNXM49575	
s_3525	diglyceride (1-16:0, 2-18:1)		CHEBI:88454		MNXM49380	
s_3526	diglyceride (1-16:1, 2-18:1)		CHEBI:88500		MNXM49417	
s_3527	phosphatidate (1-16:0, 2-16:1)		CHEBI:73998		MNXM66470	
s_3528	phosphatidate (1-16:1, 2-16:1)	pa161	CHEBI:75071		MNXM66504	
s_3529	phosphatidate (1-18:0, 2-16:1)		CHEBI:75073		MNXM66631	
s_3530	phosphatidate (1-18:1, 2-16:1)		CHEBI:75074		MNXM66663	
s_3531	phosphatidate (1-16:0, 2-18:1)		CHEBI:64844	C13889	MNXM66476	
s_3532	phosphatidate (1-16:1, 2-18:1)				MNXM66509	
s_3533	phosphatidate (1-18:0, 2-18:1)		CHEBI:74847		MNXM66635	
s_3534	phosphatidate (1-18:1, 2-18:1)		CHEBI:83775		MNXM51075	
s_3535	1-phosphatidyl-1D-myo-inositol 3-phosphate (1-16:0, 2-16:1)					
s_3536	phosphate	pi	CHEBI:43474	C00009	MNXM9	[O-]P(=O)([O-])[O-]
s_3537	1-phosphatidyl-1D-myo-inositol 3-phosphate (1-16:1, 2-16:1)	pail3p161				
s_3538	1-phosphatidyl-1D-myo-inositol 3-phosphate (1-18:0, 2-16:1)					
s_3539	1-phosphatidyl-1D-myo-inositol 3-phosphate (1-18:1, 2-16:1)					
s_3540	1-phosphatidyl-1D-myo-inositol 3-phosphate (1-16:0, 2-18:1)					
s_3541	1-phosphatidyl-1D-myo-inositol 3-phosphate (1-16:1, 2-18:1)					
s_3542	1-phosphatidyl-1D-myo-inositol 3-phosphate (1-18:0, 2-18:1)		CHEBI:77347			
s_3543	1-phosphatidyl-1D-myo-inositol 3-phosphate (1-18:1, 2-18:1)		CHEBI:77344			
s_3544	1-phosphatidyl-1D-myo-inositol 3-phosphate (1-16:0, 2-16:1)					
s_3545	1-phosphatidyl-1D-myo-inositol (1-16:0, 2-16:1)		CHEBI:88396		MNXM75492	
s_3546	1-phosphatidyl-1D-myo-inositol 3-phosphate (1-16:1, 2-16:1)	pail3p161				
s_3547	1-phosphatidyl-1D-myo-inositol (1-16:1, 2-16:1)	pail161				
s_3548	1-phosphatidyl-1D-myo-inositol 3-phosphate (1-18:0, 2-16:1)					
s_3549	1-phosphatidyl-1D-myo-inositol (1-18:0, 2-16:1)		CHEBI:88557		MNXM75665	
s_3550	1-phosphatidyl-1D-myo-inositol 3-phosphate (1-18:1, 2-16:1)					
s_3551	1-phosphatidyl-1D-myo-inositol (1-18:1, 2-16:1)		CHEBI:88626			
s_3552	1-phosphatidyl-1D-myo-inositol 3-phosphate (1-16:0, 2-18:1)					
s_3553	1-phosphatidyl-1D-myo-inositol (1-16:0, 2-18:1)		CHEBI:73215	C13888	MNXM75499	
s_3554	1-phosphatidyl-1D-myo-inositol 3-phosphate (1-16:1, 2-18:1)					
s_3555	1-phosphatidyl-1D-myo-inositol (1-16:1, 2-18:1)		CHEBI:88562			
s_3556	1-phosphatidyl-1D-myo-inositol 3-phosphate (1-18:0, 2-18:1)		CHEBI:77347			
s_3557	1-phosphatidyl-1D-myo-inositol (1-18:0, 2-18:1)		CHEBI:77346		MNXM75671	
s_3558	1-phosphatidyl-1D-myo-inositol 3-phosphate (1-18:1, 2-18:1)		CHEBI:77344			
s_3559	1-phosphatidyl-1D-myo-inositol (1-18:1, 2-18:1)		CHEBI:88612			
s_3560	1-phosphatidyl-1D-myo-inositol 3-phosphate (1-16:0, 2-16:1)					
s_3561	1-phosphatidyl-1D-myo-inositol 3-phosphate (1-16:1, 2-16:1)	pail3p161				
s_3562	1-phosphatidyl-1D-myo-inositol 3-phosphate (1-18:0, 2-16:1)					
s_3563	1-phosphatidyl-1D-myo-inositol 3-phosphate (1-18:1, 2-16:1)					
s_3564	1-phosphatidyl-1D-myo-inositol 3-phosphate (1-16:0, 2-18:1)					
s_3565	1-phosphatidyl-1D-myo-inositol 3-phosphate (1-16:1, 2-18:1)					
s_3566	1-phosphatidyl-1D-myo-inositol 3-phosphate (1-18:0, 2-18:1)		CHEBI:77347			
s_3567	1-phosphatidyl-1D-myo-inositol 3-phosphate (1-18:1, 2-18:1)		CHEBI:77344			
s_3568	1-phosphatidyl-1D-myo-inositol 3-phosphate (1-16:0, 2-16:1)					
s_3569	1-phosphatidyl-1D-myo-inositol 3-phosphate (1-16:1, 2-16:1)	pail3p161				
s_3570	1-phosphatidyl-1D-myo-inositol 3-phosphate (1-18:0, 2-16:1)					
s_3571	1-phosphatidyl-1D-myo-inositol 3-phosphate (1-18:1, 2-16:1)					
s_3572	1-phosphatidyl-1D-myo-inositol 3-phosphate (1-16:0, 2-18:1)					
s_3573	1-phosphatidyl-1D-myo-inositol 3-phosphate (1-16:1, 2-18:1)					
s_3574	1-phosphatidyl-1D-myo-inositol 3-phosphate (1-18:0, 2-18:1)		CHEBI:77347			
s_3575	1-phosphatidyl-1D-myo-inositol 3-phosphate (1-18:1, 2-18:1)		CHEBI:77344			
s_3576	1-phosphatidyl-1D-myo-inositol 4-phosphate (1-16:0, 2-16:1)					
s_3577	1-phosphatidyl-1D-myo-inositol 4-phosphate (1-16:1, 2-16:1)	pail4p161				
s_3578	1-phosphatidyl-1D-myo-inositol 4-phosphate (1-18:0, 2-16:1)					
s_3579	1-phosphatidyl-1D-myo-inositol 4-phosphate (1-18:1, 2-16:1)					
s_3580	1-phosphatidyl-1D-myo-inositol 4-phosphate (1-16:0, 2-18:1)					
s_3581	1-phosphatidyl-1D-myo-inositol 4-phosphate (1-16:1, 2-18:1)					
s_3582	1-phosphatidyl-1D-myo-inositol 4-phosphate (1-18:0, 2-18:1)		CHEBI:77277			
s_3583	1-phosphatidyl-1D-myo-inositol 4-phosphate (1-18:1, 2-18:1)					
s_3584	1-phosphatidyl-1D-myo-inositol 4-phosphate (1-16:0, 2-16:1)					
s_3585	1-phosphatidyl-1D-myo-inositol 4-phosphate (1-16:1, 2-16:1)	pail4p161				
s_3586	1-phosphatidyl-1D-myo-inositol 4-phosphate (1-18:0, 2-16:1)					
s_3587	1-phosphatidyl-1D-myo-inositol 4-phosphate (1-18:1, 2-16:1)					
s_3588	1-phosphatidyl-1D-myo-inositol 4-phosphate (1-16:0, 2-18:1)					
s_3589	1-phosphatidyl-1D-myo-inositol 4-phosphate (1-16:1, 2-18:1)					
s_3590	1-phosphatidyl-1D-myo-inositol 4-phosphate (1-18:0, 2-18:1)		CHEBI:77277			
s_3591	1-phosphatidyl-1D-myo-inositol 4-phosphate (1-18:1, 2-18:1)					
s_3592	1-phosphatidyl-1D-myo-inositol 3,5-bisphosphate (1-16:0, 2-16:1)					
s_3593	1-phosphatidyl-1D-myo-inositol 3,5-bisphosphate (1-16:1, 2-16:1)					
s_3594	1-phosphatidyl-1D-myo-inositol 3,5-bisphosphate (1-18:0, 2-16:1)					
s_3595	1-phosphatidyl-1D-myo-inositol 3,5-bisphosphate (1-18:1, 2-16:1)					
s_3596	1-phosphatidyl-1D-myo-inositol 3,5-bisphosphate (1-16:0, 2-18:1)					
s_3597	1-phosphatidyl-1D-myo-inositol 3,5-bisphosphate (1-16:1, 2-18:1)					
s_3598	1-phosphatidyl-1D-myo-inositol 3,5-bisphosphate (1-18:0, 2-18:1)					
s_3599	1-phosphatidyl-1D-myo-inositol 3,5-bisphosphate (1-18:1, 2-18:1)					
s_3600	1-phosphatidyl-1D-myo-inositol 3,5-bisphosphate (1-16:0, 2-16:1)					
s_3601	1-phosphatidyl-1D-myo-inositol 3,5-bisphosphate (1-16:1, 2-16:1)					
s_3602	1-phosphatidyl-1D-myo-inositol 3,5-bisphosphate (1-18:0, 2-16:1)					
s_3603	1-phosphatidyl-1D-myo-inositol 3,5-bisphosphate (1-18:1, 2-16:1)					
s_3604	1-phosphatidyl-1D-myo-inositol 3,5-bisphosphate (1-16:0, 2-18:1)					
s_3605	1-phosphatidyl-1D-myo-inositol 3,5-bisphosphate (1-16:1, 2-18:1)					
s_3606	1-phosphatidyl-1D-myo-inositol 3,5-bisphosphate (1-18:0, 2-18:1)					
s_3607	1-phosphatidyl-1D-myo-inositol 3,5-bisphosphate (1-18:1, 2-18:1)					
s_3608	1-phosphatidyl-1D-myo-inositol 4,5-bisphosphate (1-16:0, 2-16:1)					
s_3609	1-phosphatidyl-1D-myo-inositol 4,5-bisphosphate (1-16:1, 2-16:1)					
s_3610	1-phosphatidyl-1D-myo-inositol 4,5-bisphosphate (1-18:0, 2-16:1)					
s_3611	1-phosphatidyl-1D-myo-inositol 4,5-bisphosphate (1-18:1, 2-16:1)					
s_3612	1-phosphatidyl-1D-myo-inositol 4,5-bisphosphate (1-16:0, 2-18:1)					
s_3613	1-phosphatidyl-1D-myo-inositol 4,5-bisphosphate (1-16:1, 2-18:1)					
s_3614	1-phosphatidyl-1D-myo-inositol 4,5-bisphosphate (1-18:0, 2-18:1)		CHEBI:77279			
s_3615	1-phosphatidyl-1D-myo-inositol 4,5-bisphosphate (1-18:1, 2-18:1)					
s_3616	1,2-diacylglycerol 3-diphosphate (1-16:0, 2-16:1)					
s_3617	1,2-diacylglycerol 3-diphosphate (1-16:1, 2-16:1)					
s_3618	1,2-diacylglycerol 3-diphosphate (1-18:0, 2-16:1)					
s_3619	1,2-diacylglycerol 3-diphosphate (1-18:1, 2-16:1)					
s_3620	1,2-diacylglycerol 3-diphosphate (1-16:0, 2-18:1)		CHEBI:34087	C13890		
s_3621	1,2-diacylglycerol 3-diphosphate (1-16:1, 2-18:1)					
s_3622	1,2-diacylglycerol 3-diphosphate (1-18:0, 2-18:1)					
s_3623	1,2-diacylglycerol 3-diphosphate (1-18:1, 2-18:1)					
s_3624	1,2-diacylglycerol 3-diphosphate (1-16:0, 2-16:1)					
s_3625	1,2-diacylglycerol 3-diphosphate (1-16:1, 2-16:1)					
s_3626	1,2-diacylglycerol 3-diphosphate (1-18:0, 2-16:1)					
s_3627	1,2-diacylglycerol 3-diphosphate (1-18:1, 2-16:1)					
s_3628	1,2-diacylglycerol 3-diphosphate (1-16:0, 2-18:1)		CHEBI:34087	C13890		
s_3629	1,2-diacylglycerol 3-diphosphate (1-16:1, 2-18:1)					
s_3630	1,2-diacylglycerol 3-diphosphate (1-18:0, 2-18:1)					
s_3631	1,2-diacylglycerol 3-diphosphate (1-18:1, 2-18:1)					
s_3632	1-acyl-sn-glycerol 3-phosphate (16:0)	1hdecg3p	CHEBI:15799	C04036	MNXM2455	
s_3633	1-monoglyceride (16:0)	mag160	CHEBI:134127			
s_3634	1-acyl-sn-glycerol 3-phosphate (16:1)		CHEBI:75070		MNXM66496	
s_3635	1-monoglyceride (16:1)		CHEBI:134128			
s_3636	1-acyl-sn-glycerol 3-phosphate (18:0)	1odecg3p	CHEBI:74850		MNXM32950	
s_3637	1-monoglyceride (18:0)	mag180	CHEBI:134129			
s_3638	1-acyl-sn-glycerol 3-phosphate (18:1)		CHEBI:62837		MNXM32960	
s_3639	1-monoglyceride (18:1)	magole_hs	CHEBI:134130			
s_3640	1-acyl-sn-glycerol 3-phosphate (16:0)	1hdecg3p	CHEBI:15799	C04036	MNXM2455	
s_3641	1-monoglyceride (16:0)	mag160	CHEBI:134127			
s_3642	1-acyl-sn-glycerol 3-phosphate (16:1)		CHEBI:75070		MNXM66496	
s_3643	1-monoglyceride (16:1)		CHEBI:134128			
s_3644	1-acyl-sn-glycerol 3-phosphate (18:0)	1odecg3p	CHEBI:74850		MNXM32950	
s_3645	1-monoglyceride (18:0)	mag180	CHEBI:134129			
s_3646	1-acyl-sn-glycerol 3-phosphate (18:1)		CHEBI:62837		MNXM32960	
s_3647	1-monoglyceride (18:1)	magole_hs	CHEBI:134130			
s_3648	1-acyl-sn-glycerol 3-phosphate (16:0)	1hdecg3p	CHEBI:15799	C04036	MNXM2455	
s_3649	1-monoglyceride (16:0)	mag160	CHEBI:134127			
s_3650	1-acyl-sn-glycerol 3-phosphate (16:1)		CHEBI:75070		MNXM66496	
s_3651	1-monoglyceride (16:1)		CHEBI:134128			
s_3652	1-acyl-sn-glycerol 3-phosphate (18:0)	1odecg3p	CHEBI:74850		MNXM32950	
s_3653	1-monoglyceride (18:0)	mag180	CHEBI:134129			
s_3654	1-acyl-sn-glycerol 3-phosphate (18:1)		CHEBI:62837		MNXM32960	
s_3655	1-monoglyceride (18:1)	magole_hs	CHEBI:134130			
s_3656	ergosteryl palmitoleate		CHEBI:52378		MNXM52467	CCCCCCC=CCCCCCCCC(=O)OC1CCC2(C3CCC4(C(C3=CC=C2C1)CCC4C(C)C=CC(C)C(C)C)C)C
s_3657	H2O	h2o	CHEBI:15377	C00001	MNXM2	O
s_3658	ergosteryl oleate		CHEBI:52377		MNXM52466	CCCCCCCCC=CCCCCCCCC(=O)OC1CCC2(C3CCC4(C(C3=CC=C2C1)CCC4C(C)C=CC(C)C(C)C)C)C
s_3659	episteryl palmitoleate		CHEBI:52376		MNXM52369	CCCCCCC=CCCCCCCCC(=O)OC1CCC2(C3CCC4(C(C3=CCC2C1)CCC4C(C)CCC(=C)C(C)C)C)C
s_3660	episterol	epist	CHEBI:23929	C15777	MNXM52365	CC(C)C(=C)CCC(C)C1CCC2C1(CCC3C2=CCC4C3(CCC(C4)O)C)C
s_3661	episteryl oleate		CHEBI:52375		MNXM52367	CCCCCCCCC=CCCCCCCCC(=O)OC1CCC2(C3CCC4(C(C3=CCC2C1)CCC4C(C)CCC(=C)C(C)C)C)C
s_3662	fecosteryl palmitoleate		CHEBI:52380		MNXM53171	CCCCCCC=CCCCCCCCC(=O)OC1CCC2(C(C1)CCC3=C2CCC4(C3CCC4C(C)CCC(=C)C(C)C)C)C
s_3663	fecosteryl oleate		CHEBI:52379		MNXM53170	CCCCCCCCC=CCCCCCCCC(=O)OC1CCC2(C(C1)CCC3=C2CCC4(C3CCC4C(C)CCC(=C)C(C)C)C)C
s_3664	lanosteryl palmitoleate		CHEBI:52383		MNXM59727	CCCCCCC=CCCCCCCCC(=O)OC1CCC2(C(C1(C)C)CCC3=C2CCC4(C3(CCC4C(C)CCC=C(C)C)C)C)C
s_3665	lanosterol	lanost	CHEBI:16521	C01724	MNXM482	CC(CCC=C(C)C)C1CCC2(C1(CCC3=C2CCC4C3(CCC(C4(C)C)O)C)C)C
s_3666	lanosteryl oleate		CHEBI:52382		MNXM59726	CCCCCCCCC=CCCCCCCCC(=O)OC1CCC2(C(C1(C)C)CCC3=C2CCC4(C3(CCC4C(C)CCC=C(C)C)C)C)C
s_3667	zymosteryl palmitoleate		CHEBI:52385		MNXM89473	CCCCCCC=CCCCCCCCC(=O)OC1CCC2(C(C1)CCC3=C2CCC4(C3CCC4C(C)CCC=C(C)C)C)C
s_3668	zymosteryl oleate		CHEBI:52384		MNXM89472	CCCCCCCCC=CCCCCCCCC(=O)OC1CCC2(C(C1)CCC3=C2CCC4(C3CCC4C(C)CCC=C(C)C)C)C
s_3669	zymosteryl palmitoleate		CHEBI:52385		MNXM89473	CCCCCCC=CCCCCCCCC(=O)OC1CCC2(C(C1)CCC3=C2CCC4(C3CCC4C(C)CCC=C(C)C)C)C
s_3670	zymosteryl oleate		CHEBI:52384		MNXM89472	CCCCCCCCC=CCCCCCCCC(=O)OC1CCC2(C(C1)CCC3=C2CCC4(C3CCC4C(C)CCC=C(C)C)C)C
s_3671	1-monoglyceride (16:0)	mag160	CHEBI:134127			
s_3672	1-monoglyceride (16:1)		CHEBI:134128			
s_3673	1-monoglyceride (18:0)	mag180	CHEBI:134129			
s_3674	1-monoglyceride (18:1)	magole_hs	CHEBI:134130			
s_3675	diglyceride (1-16:0, 2-18:1)		CHEBI:88454		MNXM49380	
s_3676	1-monoglyceride (16:0)	mag160	CHEBI:134127			
s_3677	oleate	ocdcea	CHEBI:30823	C00712	MNXM306	CCCCCCCCC=CCCCCCCCC(=O)O
s_3678	diglyceride (1-16:1, 2-18:1)		CHEBI:88500		MNXM49417	
s_3679	1-monoglyceride (16:1)		CHEBI:134128			
s_3680	diglyceride (1-18:0, 2-18:1)		CHEBI:75468		MNXM49514	
s_3681	1-monoglyceride (18:0)	mag180	CHEBI:134129			
s_3682	diglyceride (1-18:1, 2-18:1)	12dgr181	CHEBI:52333		MNXM9533	
s_3683	1-monoglyceride (18:1)	magole_hs	CHEBI:134130			
s_3684	glycerol	glyc	CHEBI:17754	C00116	MNXM89612	C(C(CO)O)O
s_3685	1-acylglycerophosphoethanolamine (16:0)	1agpe160	CHEBI:90452			
s_3686	phosphatidylethanolamine (1-16:0, 2-18:1)		CHEBI:136148			
s_3687	1-acylglycerophosphoethanolamine (16:1)	1agpe161				
s_3688	phosphatidylethanolamine (1-16:1, 2-18:1)		CHEBI:90464			
s_3689	1-acylglycerophosphoethanolamine (18:0)	1agpe180	CHEBI:64576			
s_3690	phosphatidylethanolamine (1-18:0, 2-18:1)		CHEBI:136162			
s_3691	1-acylglycerophosphoethanolamine (18:1)	1agpe181	CHEBI:64575			
s_3692	phosphatidylethanolamine (1-18:1, 2-18:1)		CHEBI:136170			
s_3693	phosphatidylcholine (1-16:0, 2-16:1)		CHEBI:134592			
s_3694	1-acylglycerophosphocholine (16:0)	1agpc160	CHEBI:72998	C04102	MNXM32510	
s_3695	phosphatidylcholine (1-16:1, 2-16:1)	pc161	CHEBI:83717		MNXM69377	
s_3696	1-acylglycerophosphocholine (16:1)	1agpc161	CHEBI:73851		MNXM32519	
s_3697	phosphatidylcholine (1-18:0, 2-16:1)		CHEBI:86097		MNXM69528	
s_3698	1-acylglycerophosphocholine (18:0)	1agpc180	CHEBI:73858		MNXM32545	
s_3699	phosphatidylcholine (1-18:1, 2-16:1)		CHEBI:86100		MNXM69658	
s_3700	1-acylglycerophosphocholine (18:1)	1agpc181	CHEBI:28610	C03916	MNXM13872	
s_3701	phosphatidylcholine (1-16:0, 2-18:1)		CHEBI:134594			
s_3702	phosphatidylcholine (1-16:1, 2-18:1)		CHEBI:84811		MNXM69383	
s_3703	phosphatidylcholine (1-18:0, 2-18:1)		CHEBI:75034		MNXM32526	
s_3704	phosphatidylcholine (1-18:1, 2-18:1)		CHEBI:74669		MNXM8549	
s_3705	phosphatidylethanolamine (1-16:0, 2-16:1)		CHEBI:136147			
s_3706	phosphatidylethanolamine (1-16:1, 2-16:1)	pe161	CHEBI:138792			
s_3707	phosphatidylethanolamine (1-18:0, 2-16:1)		CHEBI:136155			
s_3708	phosphatidylethanolamine (1-18:1, 2-16:1)		CHEBI:82837		MNXM71684	
s_3709	ergosterol ester backbone				MNXM5739	
s_3710	phosphatidyl-L-serine backbone	ps_cho		C02737	MNXM221	
s_3711	phosphatidylcholine backbone	pchol_cho		C00157	MNXM96952	
s_3712	phosphatidylethanolamine backbone	pe_hs		C00350	MNXM115	
s_3713	triglyceride backbone	tag_cho		C00422	MNXM248	
s_3714	heme a	hemeA	CHEBI:24479	C15670	MNXM53309	CC1=C(C2=CC3=NC(=CC4=C(C(=C([N-]4)C=C5C(=C(C(=N5)C=C1[N-]2)C(CCC=C(C)CCC=C(C)CCC=C(C)C)O)C)C=O)CCC(=O)O)C(=C3C)CCC(=O)O)C=C.[Fe]
s_3715	raffinose	raffin	CHEBI:16634	C00492	MNXM621	C(C1C(C(C(C(O1)OCC2C(C(C(C(O2)OC3(C(C(C(O3)CO)O)O)CO)O)O)O)O)O)O)O
s_3716	melibiose	melib	CHEBI:28053	C05402	MNXM1434	C(C1C(C(C(C(O1)OCC2C(C(C(C(O2)O)O)O)O)O)O)O)O
s_3717	protein					
s_3718	carbohydrate					
s_3719	RNA	rna				
s_3720	DNA	dna				
s_3721	ceramide backbone					
s_3722	ceramide backbone					
s_3723	inositol phosphomannosylinositol phosphoceramide backbone					
s_3724	inositol-P-ceramide backbone					
s_3725	mannosylinositol phosphorylceramide backbone					
s_3726	long-chain base backbone					
s_3727	long-chain base backbone					
s_3728	long-chain base phosphate backbone					
s_3729	long-chain base phosphate backbone					
s_3730	phosphatidate backbone					
s_3731	phosphatidate backbone					
s_3732	diglyceride backbone					
s_3733	diglyceride backbone					
s_3734	sn-2-acyl-1-lysophosphatidylinositol backbone					
s_3735	sn-2-acyl-1-lysophosphatidylinositol backbone					
s_3736	phosphatidylglycerol backbone					
s_3737	phosphatidylglycerol backbone					
s_3738	cardiolipin backbone					
s_3739	cardiolipin backbone					
s_3740	C16:0 chain					
s_3741	C16:1 chain					
s_3742	C18:0 chain					
s_3743	C18:1 chain					
s_3744	C24:0 chain					
s_3745	C26:0 chain					
s_3746	lipid backbone					
s_3747	lipid chain					
s_3748	Cytochrome c	cytc	CHEBI:83739	C00524		
s_3749	Apocytochrome c	apocytc	CHEBI:15697	C02248	MNXM2100	
s_3750	diacetyl	diact	CHEBI:16583	C00741	MNXM1467	CC(=O)C(=O)C
s_3751	(R)-acetoin	actn__R	CHEBI:15686	C00810	MNXM664	CC(C(=O)C)O
s_3752	diacetyl	diact	CHEBI:16583	C00741	MNXM1467	CC(=O)C(=O)C
s_3753	NADH	nadh	CHEBI:57945	C00004	MNXM10	C1C=CN(C=C1C(=O)N)C2C(C(C(O2)COP(=O)(O)OP(=O)(O)OCC3C(C(C(O3)N4C=NC5=C(N=CN=C54)N)O)O)O)O
s_3754	L-glutamyl-tRNA(Gln)	glutrna_gln	CHEBI:29165	C06112	MNXM91213	
s_3755	L-glutamine	gln__L	CHEBI:18050	C00064	MNXM37	C(CC(=O)N)C(C(=O)O)N
s_3756	Gln-tRNA(Gln)	glntrna	CHEBI:29166	C02282	MNXM89810	
s_3757	Met-Ala	met_L_ala__L	CHEBI:73610		MNXM61647	CC(C(=O)O)NC(=O)C(CCSC)N
s_3758	L-methionine	met__L	CHEBI:16643	C00073	MNXM61	CSCCC(C(=O)O)N
s_3759	L-alanine	ala__L	CHEBI:16977	C00041	MNXM32	CC(C(=O)O)N
s_3760	ADP-D-ribose 1''-phosphate		CHEBI:58753		MNXM5039	C1=NC(=C2C(=N1)N(C=N2)C3C(C(C(O3)COP(=O)(O)OP(=O)(O)OCC4C(C(C(O4)OP(=O)(O)O)O)O)O)O)N
s_3761	ADP-ribose	adprib	CHEBI:57967	C00301	MNXM48596	C1=NC(=C2C(=N1)N(C=N2)C3C(C(C(O3)COP(=O)(O)OP(=O)(O)OCC4C(C(C(O4)O)O)O)O)O)N
s_3762	quinone		CHEBI:16509	C00472	MNXM769	C1=CC(=O)C=CC1=O
s_3763	1,4-benzosemiquinone		CHEBI:17977	C02389	MNXM7107	C1=CC(=CC=C1O)[O]
s_3764	UDP-N-acetyl-alpha-D-glucosamine	uacgam	CHEBI:57705	C00043	MNXM47	CC(=O)NC1C(C(C(OC1OP(=O)(O)OP(=O)(O)OCC2C(C(C(O2)N3C=CC(=O)NC3=O)O)O)CO)O)O
s_3765	N-Acetyl-D-glucosaminyldiphosphodolichol	naglc2p	CHEBI:18278	C04500	MNXM818	CC(CCC=C(C)CCC=C(C)CCC=C(C)CCC=C(C)C)CCOP(=O)(O)OP(=O)(O)OC1C(C(C(C(O1)CO)O)O)NC(=O)C
s_3766	UDP	udp	CHEBI:58223	C00015	MNXM17	C1=CN(C(=O)NC1=O)C2C(C(C(O2)COP(=O)(O)OP(=O)(O)O)O)O
s_3767	N,N'-Chitobiosyldiphosphodolichol					
s_3768	D-ribofuranose 5-phosphate		CHEBI:78346		MNXM1363910	C(C1C(C(C(O1)O)O)O)OP(=O)(O)O
s_3769	Oxalate	oxa	CHEBI:30623	C00209	MNXM291	C(=O)(C(=O)[O-])[O-]
s_3770	Oxalyl-CoA	oxalcoa	CHEBI:57388	C00313	MNXM618	CC(C)(COP(=O)(O)OP(=O)(O)OCC1C(C(C(O1)N2C=NC3=C(N=CN=C32)N)O)OP(=O)(O)O)C(C(=O)NCCC(=O)NCCSC(=O)C(=O)O)O
s_3771	G00171					
s_3772	D-glucose	glc__D	CHEBI:4167	C00031	MNXM41	C(C1C(C(C(C(O1)O)O)O)O)O
s_3773	G00010					
s_3774	G00011				MNXM6479	
s_3775	sodium	na1	CHEBI:29101	C01330	MNXM27	[Na]
s_3776	potassium	k	CHEBI:29103	C00238	MNXM95	[K]
s_3777	chloride	cl	CHEBI:17996	C00698	MNXM43	[Cl-]
s_3778	chloride	cl	CHEBI:17996	C00698	MNXM43	[Cl-]
s_3779	D-fructose	fru	CHEBI:15824	C00095	MNXM175	C1C(C(C(C(O1)(CO)O)O)O)O
s_3780	D-galactose	gal	CHEBI:12936	C00124	MNXM735266	C(C1C(C(C(C(O1)O)O)O)O)O
s_3781	UMP	ump	CHEBI:57865	C00105	MNXM80	C1=CN(C(=O)NC1=O)C2C(C(C(O2)COP(=O)(O)O)O)O
s_3782	cadmium(2+)	cd2	CHEBI:48775	C01413	MNXM4505	[Cd+2]
s_3783	cadmium(2+)	cd2	CHEBI:48775	C01413	MNXM4505	[Cd+2]
s_3785	L-cysteine	cys__L	CHEBI:17561	C00097	MNXM55	C(C(C(=O)O)N)S
s_3787	cholesterol	chsterol	CHEBI:16113	C00187	MNXM103	CC(C)CCCC(C)C1CCC2C1(CCC3C2CC=C4C3(CCC(C4)O)C)C
s_3788	cholesterol	chsterol	CHEBI:16113	C00187	MNXM103	CC(C)CCCC(C)C1CCC2C1(CCC3C2CC=C4C3(CCC(C4)O)C)C
s_3789	3-chlorobenzyl alcohol					C1=CC(=CC(=C1)Cl)CO
s_3790	3-chlorobenzaldehyde					C1=CC(=CC(=C1)Cl)C=O
s_3791	3-hydroxybenzyl alcohol		CHEBI:17069	C03351	MNXM2785	C1=CC(=CC(=C1)O)CO
s_3792	3-hydroxybenzaldehyde		CHEBI:16207	C03067	MNXM2483	C1=CC(=CC(=C1)O)C=O
s_3793	3-methylbenzyl alcohol	3mbzalc	CHEBI:27995	C07216	MNXM3486	CC1=CC(=CC=C1)CO
s_3794	3-methylbenzaldehyde	3mbzald	CHEBI:28476	C07209	MNXM4040	CC1=CC(=CC=C1)C=O
s_3795	4-isopropylbenzyl alcohol		CHEBI:27628	C06576	MNXM5878	CC(C)C1=CC=C(C=C1)CO
s_3796	p-cumic aldehyde		CHEBI:28671	C06577	MNXM5879	CC(C)C1=CC=C(C=C1)C=O
s_3797	4-methylbenzyl alcohol	4mbzalc	CHEBI:1895	C06757	MNXM3500	CC1=CC=C(C=C1)CO
s_3798	4-methylbenzaldehyde	4mbzald	CHEBI:28617	C06758	MNXM4077	CC1=CC=C(C=C1)C=O
s_3799	benzyl alcohol	bzalc	CHEBI:17987	C00556	MNXM562	C1=CC=C(C=C1)CO
s_3800	benzaldehyde	bzal	CHEBI:17169	C00261	MNXM371	C1=CC=C(C=C1)C=O
s_3801	Mn(2+)	mn2	CHEBI:29035	C19610	MNXM2255	[Mn+2]
s_3802	Mn(2+)	mn2	CHEBI:29035	C19610	MNXM2255	[Mn+2]
s_3805	Mannitol	mnl	CHEBI:16899	C00392	MNXM615	C(C(C(C(C(CO)O)O)O)O)O
s_3806	4-hydroxy-4-methyl-2-oxoglutarate		CHEBI:58276	C06033	MNXM2196	CC(CC(=O)C(=O)[O-])(C(=O)[O-])O
s_3807	L-methionine (S)-S-oxide	metsox_S__L	CHEBI:49031	C15999	MNXM722780	CS(=O)CCC(C(=O)O)N
s_3808	tRNA(Pro)	trnapro	CHEBI:29177	C01649	MNXM90667	
s_3809	Pro-tRNA(Pro)	protrna	CHEBI:29154	C02702	MNXM247	
s_3810	5-oxo-L-proline	5oxpro	CHEBI:58402	C01879	MNXM722719	C1CC(=O)NC1C(=O)O
s_3811	4a-Hydroxytetrahydrobiopterin	hthbp	CHEBI:15642	C15522	MNXM31340	CC(C(C1CN=C2C(N1)(C(=O)NC(=N2)N)O)O)O
s_3812	Dihydrobiopterin	CE2705	CHEBI:20680	C00268	MNXM162257	CC(C(C1=NC2=C(NC1)N=C(NC2=O)N)O)O
s_3813	superoxide	o2s	CHEBI:18421	C00704	MNXM330	[O-][O]
s_3814	2-deoxy-D-glucose 6-phosphate	2doxg6p	CHEBI:84760	C06369	MNXM3809	C1C(C(C(OC1O)COP(=O)(O)O)O)O
s_3815	2-deoxy-D-glucose	2dglc	CHEBI:84755	C00586	MNXM2925	C(C=O)C(C(C(CO)O)O)O
s_3816	[cytochrome c]-L-lysine		CHEBI:29969			
s_3817	[cytochrome c]-N6-methyl-L-lysine		CHEBI:61929			
s_3818	S-adenosyl-L-methionine	amet	CHEBI:67040	C00019	MNXM16	C[S+](CCC(C(=O)[O-])N)CC1C(C(C(O1)N2C=NC3=C(N=CN=C32)N)O)O
s_3822	Zn(2+)	zn2	CHEBI:29105	C00038	MNXM149	[Zn+2]
s_3823	Zn(2+)	zn2	CHEBI:29105	C00038	MNXM149	[Zn+2]
s_3826	ferricytochrome b5	ficytb5	CHEBI:18097	C00996	MNXM1083	
s_3827	ferrocytochrome b5	focytb5		C00999		
s_3828	(S)-benzoin			C20227	MNXM5393	C1=CC=C(C=C1)C(C(=O)C2=CC=CC=C2)O
s_3829	benzil		CHEBI:51507	C20226	MNXM2349	C1=CC=C(C=C1)C(=O)C(=O)C2=CC=CC=C2
s_3831	glutathione	gthrd	CHEBI:57925	C00051	MNXM57	C(CC(=O)NC(CS)C(=O)NCC(=O)O)C(C(=O)O)N
s_3837	L-Methionine S-oxide	metox	CHEBI:17016	C02989	MNXM1364200	CS(=O)CCC(C(=O)O)N
s_3838	Ala-Gly	L_alagly	CHEBI:73757		MNXM15783	CC(C(=O)NCC(=O)O)N
s_3839	L-glycine	gly	CHEBI:15428	C00037	MNXM29	C(C(=O)O)N
s_3840	Ala-Leu	ala_L_ile__L	CHEBI:73770		MNXM15786	CC(C)CC(C(=O)O)NC(=O)C(C)N
s_3841	Threo-3-hydroxy-L-aspartate		CHEBI:57251	C11511	MNXM4918	C(C(C(=O)O)O)(C(=O)O)N
s_3843	glutathione	gthrd	CHEBI:57925	C00051	MNXM57	C(CC(=O)NC(CS)C(=O)NCC(=O)O)C(C(=O)O)N
s_3846	dehydroascorbate	dhdascb	CHEBI:27956	C05422	MNXM250	C(C(C1C(=O)C(=O)C(=O)O1)O)O
s_3847	ascorbate	ascb__L	CHEBI:38290	C00072	MNXM129	C(C(C1C(=C(C(=O)O1)O)O)O)O
s_3848	dehydroascorbate	dhdascb	CHEBI:27956	C05422	MNXM250	C(C(C1C(=O)C(=O)C(=O)O1)O)O
s_3849	glutathione disulfide	gthox	CHEBI:58297	C00127	MNXM151	C(CC(=O)NC(CSSCC(C(=O)NCC(=O)O)NC(=O)CCC(C(=O)O)N)C(=O)NCC(=O)O)C(C(=O)O)N
s_3850	ascorbate	ascb__L	CHEBI:38290	C00072	MNXM129	C(C(C1C(=C(C(=O)O1)O)O)O)O
s_3851	Cyanamide		CHEBI:16698	C01566	MNXM4538	C(#N)N
s_3852	aldehydo-D-ribose 5-phosphate		CHEBI:58273		MNXM1363911	C(C(C(C(C=O)O)O)O)OP(=O)([O-])[O-]
s_3855	iron(3+)	fe3	CHEBI:29034	C14819	MNXM196	[Fe+3]
s_3856	Glycyl-tRNA(Ala)					
s_3857	D-tyrosyl-tRNA(Tyr)					
s_3858	D-tyrosine		CHEBI:28479	C06420	MNXM5704	C1=CC(=CC=C1CC(C(=O)O)N)O
s_3859	4-nitrophenyl phosphate	HC01104	CHEBI:61146	C03360	MNXM3867	C1=CC(=CC=C1[N+](=O)[O-])OP(=O)(O)O
s_3860	4-nitrophenol	4nph	CHEBI:57917	C00870	MNXM526	C1=CC(=CC=C1[N+](=O)[O-])O
s_3861	L-iditol	C01507	CHEBI:18202	C01507	MNXM3633	C(C(C(C(C(CO)O)O)O)O)O
s_3862	alpha-D-Galactose	a_gal__D	CHEBI:28061	C00984	MNXM1364486	C(C1C(C(C(C(O1)O)O)O)O)O
s_3863	3-hydroxy-2-methylpropanoyl-CoA		CHEBI:57340	C04047	MNXM1034	CC(CO)C(=O)SCCNC(=O)CCNC(=O)C(C(C)(C)COP(=O)(O)OP(=O)(O)OCC1C(C(C(O1)N2C=NC3=C(N=CN=C32)N)O)OP(=O)(O)O)O
s_3864	3-hydroxy-2-methylpropanoate	3hmp	CHEBI:11805	C01188	MNXM396	CC(CO)C(=O)[O-]
s_3867	2-Phenylacetamide	pad	CHEBI:16562	C02505	MNXM2073	C1=CC=C(C=C1)CC(=O)N
s_3868	(Indol-3-yl)acetamide	iad	CHEBI:16031	C02693	MNXM2239	C1=CC=C2C(=C1)C(=CN2)CC(=O)N
s_3871	Acrylic acid	acryl	CHEBI:37080	C00511	MNXM1368	C=CC(=O)O
s_3872	Acrylamide	aa	CHEBI:28619	C01659	MNXM3208	C=CC(=O)N
s_3873	Benzamide		CHEBI:28179	C09815	MNXM5065	C1=CC=C(C=C1)C(=O)N
s_3874	Benzoate	bz	CHEBI:16150	C00180	MNXM217	C1=CC=C(C=C1)C(=O)[O-]
s_3875	D-gluconate	glcn	CHEBI:18391	C00257	MNXM341	C(C(C(C(C(C(=O)[O-])O)O)O)O)O
s_3878	1-phosphatidyl-1D-myo-inositol	pail_cho	CHEBI:57880	C01194	MNXM62	
s_3879	G00143		CHEBI:57265		MNXM741477	
s_3880	Ca(2+)	ca2	CHEBI:29108	C00076	MNXM128	[Ca+2]
s_3881	ATP	atp	CHEBI:30616	C00002	MNXM3	C1=NC(=C2C(=N1)N(C=N2)C3C(C(C(O3)COP(=O)(O)OP(=O)(O)OP(=O)(O)O)O)O)N
s_3882	Ca(2+)	ca2	CHEBI:29108	C00076	MNXM128	[Ca+2]
s_3883	ADP	adp	CHEBI:456216	C00008	MNXM7	C1=NC(=C2C(=N1)N(C=N2)C3C(C(C(O3)COP(=O)(O)OP(=O)(O)O)O)O)N
s_3887	G00008				MNXM9308	
s_3888	Dolichyl diphosphate		CHEBI:57497	C00621	MNXM2370	CC(CCC=C(C)CCC=C(C)CCC=C(C)CCC=C(C)C)CCOP(=O)(O)OP(=O)(O)O
s_3889	G00009		CHEBI:132537			
s_3890	GDP-alpha-D-mannose	gdpmann	CHEBI:57527	C00096	MNXM82	C1=NC2=C(N1C3C(C(C(O3)COP(=O)(O)OP(=O)(O)OC4C(C(C(C(O4)CO)O)O)O)O)O)N=C(NC2=O)N
s_3891	G10694					
s_3892	GDP	gdp	CHEBI:58189	C00035	MNXM30	C1=NC2=C(N1C3C(C(C(O3)COP(=O)(O)OP(=O)(O)O)O)O)N=C(NC2=O)N
s_3893	G01813					
s_3894	G00003					
s_3895	G00004					
s_3896	G00005					
s_3897	2-O-(6-phospho-alpha-D-mannosyl)-D-glycerate	man6pglyc	CHEBI:60331	C16699	MNXM3470	C(C1C(C(C(C(O1)OC(CO)C(=O)[O-])O)O)O)OP(=O)([O-])[O-]
s_3898	D-mannose 6-phosphate	man6p	CHEBI:17369	C00275	MNXM427	C(C1C(C(C(C(O1)O)O)O)O)OP(=O)(O)O
s_3899	D-Glycerate	glyc__R	CHEBI:16659	C00258	MNXM189	C(C(C(=O)[O-])O)O
s_3903	L-Threonylcarbamoyladenylate			C20641	MNXM145767	CC(C(C(=O)O)NC(=O)OP(=O)(O)OCC1C(C(C(O1)N2C=NC3=C(N=CN=C32)N)O)O)O
s_3904	D-Serine	ser__D	CHEBI:16523	C00740	MNXM694	C(C(C(=O)O)N)O
s_3905	O-acetyl-L-serine	acser	CHEBI:17981	C00979	MNXM418	CC(=O)OCC(C(=O)O)N
s_3906	hydrogen sulfide	h2s	CHEBI:16136	C00283	MNXM124865	S
s_3910	ADP-5-ethyl-4-methylthiazole-2-carboxylate		CHEBI:134399	C20784	MNXM722955	CC1=C(SC(=N1)C(=O)[O-])CCOP(=O)([O-])OP(=O)([O-])OCC2C(C(C(O2)N3C=NC4=C(N=CN=C43)N)O)O
s_3911	Dolichyl beta-D-glucosyl phosphate		CHEBI:57525	C01246	MNXM145615	CC(CCC=C(C)CCC=C(C)CCC=C(C)CCC=C(C)C)CCOP(=O)(O)OC1C(C(C(C(O1)CO)O)O)O
s_3912	G10599				MNXM9258	
s_3913	nitric oxide	no	CHEBI:16480	C00533	MNXM228	[N]=O
s_3914	nitrate	no3	CHEBI:17632	C00244	MNXM207	[N+](=O)([O-])[O-]
s_3923	N-(4-oxoglutarate)-L-cysteinylglycine		CHEBI:138256			
s_3924	N-(4-oxoglutarate)-L-cysteinylglycine		CHEBI:138256			
s_3925	L-cysteinylglycine	cgly	CHEBI:4047	C01419	MNXM683	C(C(C(=O)NCC(=O)O)N)S
s_3926	chloride	cl	CHEBI:17996	C00698	MNXM43	[Cl-]
s_3929	2'-deoxyribonucleoside 5'-triphosphate		CHEBI:61560	C00677	MNXM96330	
s_3930	2'-deoxyribonucleoside 5'-phosphate		CHEBI:65317	C00676	MNXM6057	
s_3931	superoxide	o2s	CHEBI:18421	C00704	MNXM330	[O-][O]
s_3932	G00012				MNXM9328	
s_3933	D-mannose	man	CHEBI:4208	C00159	MNXM182	C(C1C(C(C(C(O1)O)O)O)O)O
s_3934	Ethylnitronate		CHEBI:16268	C18091	MNXM2143	CC=[N+]([O-])[O-]
s_3935	Nitrite	no2	CHEBI:16301	C00088	MNXM107	N(=O)[O-]
s_3936	iron(3+)	fe3		C14819	MNXM196	[Fe+3]
s_3942	8-oxo-dGTP			C19967	MNXM4425	C1C(C(OC1N2C3=C(C(=O)NC(=N3)N)NC2=O)COP(=O)(O)OP(=O)(O)OP(=O)(O)O)O
s_3943	8-oxo-dGMP			C19968	MNXM2497	C1C(C(OC1N2C3=C(C(=O)NC(=N3)N)NC2=O)COP(=O)(O)O)O
s_3948	beta-D-Fructose 6-phosphate	f6p_B	CHEBI:57634	C05345	MNXM89621	C(C1C(C(C(O1)(CO)O)O)O)OP(=O)(O)O
s_3949	beta-D-Glucose	glc__bD	CHEBI:15903	C00221	MNXM105	C(C1C(C(C(C(O1)O)O)O)O)O
s_3950	beta-D-Glucose 6-phosphate	g6p_B	CHEBI:58247	C01172	MNXM508	C(C1C(C(C(C(O1)O)O)O)O)OP(=O)(O)O
s_3951	alpha-D-Glucose		CHEBI:17925	C00267	MNXM99	C(C1C(C(C(C(O1)O)O)O)O)O
s_3952	alpha-D-Glucose 6-phosphate	g6p_A	CHEBI:58225	C00668	MNXM215	C(C1C(C(C(C(O1)O)O)O)O)OP(=O)(O)O
s_3953	D-Glucosamine	gam	CHEBI:47977	C00329	MNXM533	C(C1C(C(C(C(O1)O)N)O)O)O
s_3954	beta-D-Fructose	fru_B	CHEBI:28645	C02336	MNXM1542	C(C1C(C(C(O1)(CO)O)O)O)O
s_3958	D-Glycerate	glyc__R	CHEBI:16659	C00258	MNXM189	C(C(C(=O)[O-])O)O
s_3959	2-Propynal		CHEBI:27976	C05985	MNXM2716	C#CC=O
s_3960	Propynoate		CHEBI:15364	C00804	MNXM2422	C#CC(=O)[O-]
s_3961	D-Glucuronolactone	glcurn	CHEBI:18268	C02670	MNXM17108	
s_3962	D-Glucarate	glcr	CHEBI:30612	C00818	MNXM744	C(C(C(C(=O)O)O)O)(C(C(=O)O)O)O
s_3963	4-Trimethylammoniobutanal	4tmeabut	CHEBI:18020	C01149	MNXM940	C[N+](C)(C)CCCC=O
s_3964	4-Trimethylammoniobutanoate	4tmeabutn	CHEBI:1941	C01181	MNXM626	C[N+](C)(C)CCCC(=O)[O-]
s_3965	(S)-Methylmalonate semialdehyde	mmtsa	CHEBI:62413	C06002	MNXM933	CC(C=O)C(=O)O
s_3966	Methylmalonate	mmal	CHEBI:17453	C02170	MNXM1572	CC(C(=O)O)C(=O)O
s_3967	Imidazole-4-acetaldehyde	im4act	CHEBI:27398	C05130	MNXM1745	C1=C(NC=N1)CC=O
s_3968	Imidazole-4-acetate	im4ac	CHEBI:16974	C02835	MNXM1330	C1=C(NC=N1)CC(=O)O
s_3969	3alpha,7alpha-Dihydroxy-5beta-cholestan-26-al	xol7ah2al	CHEBI:27428	C05445	MNXM1174	CC(CCCC(C)C1CCC2C1(CCC3C2C(CC4C3(CCC(C4)O)C)O)C)C=O
s_3970	3alpha,7alpha-Dihydroxy-5beta-cholestanate	dhcholestanate	CHEBI:16577	C04554	MNXM484588	CC(CCCC(C)C(=O)O)C1CCC2C1(CCC3C2C(CC4C3(CCC(C4)O)C)O)C
s_3971	5-Hydroxyindoleacetaldehyde	5hoxindact	CHEBI:50157	C05634	MNXM1057	C1=CC2=C(C=C1O)C(=CN2)CC=O
s_3972	5-Hydroxyindoleacetate	5hoxindoa	CHEBI:27823	C05635	MNXM1961	C1=CC2=C(C=C1O)C(=CN2)CC(=O)O
s_3973	N4-Acetylaminobutanal	n4abutn	CHEBI:7386	C05936	MNXM1527	CC(=O)NCCCC=O
s_3974	4-Acetamidobutanoate	4aabutn	CHEBI:11951	C02946	MNXM2083	CC(=O)NCCCC(=O)O
s_3975	trans-3-Chloroallyl aldehyde		CHEBI:28452	C06613	MNXM5312	C(=CCl)C=O
s_3976	trans-3-Chloroacrylic acid		CHEBI:19982	C06614	MNXM6086	C(=CCl)C(=O)O
s_3977	cis-3-Chloroallyl aldehyde		CHEBI:80465	C16348	MNXM6216	C(=CCl)C=O
s_3978	cis-3-Chloroacrylic acid		CHEBI:27397	C06615	MNXM46935	C(=CCl)C(=O)O
s_3979	Chloroacetaldehyde		CHEBI:27871	C06754	MNXM1816	C(C=O)Cl
s_3980	Chloroacetic acid		CHEBI:27869	C06755	MNXM1468	C(C(=O)O)Cl
s_3981	Perillyl aldehyde	pylald	CHEBI:15421	C02576	MNXM2149	CC(=C)C1CCC(=CC1)C=O
s_3982	Perillic acid	peracd	CHEBI:36999	C11924	MNXM2414	CC(=C)C1CCC(=CC1)C(=O)O
s_3983	2-trans,6-trans-Farnesal		CHEBI:15894	C03461	MNXM1959	CC(=CCCC(=CCCC(=CC=O)C)C)C
s_3984	Farnesoic acid		CHEBI:84162	C16502	MNXM3989	CC(=CCCC(=CCCC(=CC(=O)O)C)C)C
s_3987	ADP	adp	CHEBI:456216	C00008	MNXM7	C1=NC(=C2C(=N1)N(C=N2)C3C(C(C(O3)COP(=O)(O)OP(=O)(O)O)O)O)N
s_3988	1-oleoyl-sn-glycerol		CHEBI:75757		MNXM62354	CCCCCCCCC=CCCCCCCCC(=O)OCC(CO)O
s_3989	G10526		CHEBI:132511			
s_3990	G00006		CHEBI:132515			
s_3991	carnosine	carn	CHEBI:15727	C00386	MNXM1419	C1=C(NC=N1)CC(C(=O)O)NC(=O)CCN
s_3992	anserine	ans	CHEBI:18323	C01262	MNXM2639	CN1C=NC=C1CC(C(=O)O)NC(=O)CCN
s_3993	G10595				MNXM9262	
s_3994	G10596				MNXM9265	
s_3995	G10597					
s_3996	G00007			C05868	MNXM31425	
s_3997	glycolate	glyclt	CHEBI:29805	C00160	MNXM222	C(C(=O)O)O
s_3998	sucrose	sucr	CHEBI:17992	C00089	MNXM167	C(C1C(C(C(C(O1)OC2(C(C(C(O2)CO)O)O)CO)O)O)O)O
s_3999	Isomaltose	isomal	CHEBI:28189	C00252	MNXM58018	C(C1C(C(C(C(O1)OCC2C(C(C(C(O2)O)O)O)O)O)O)O)O
s_4000	Dextrin	starch	CHEBI:28675	C00721		C(C1C(C(C(C(O1)OC2C(OC(C(C2O)O)OC3C(OC(C(C3O)O)O)CO)CO)O)O)O)O
s_4001	G10598				MNXM9336	
s_4002	G00149				MNXM7903	
s_4003	G00140				MNXM9266	
s_4009	hydrogen cyanide	cyan	CHEBI:18407	C01326	MNXM254	C#N
s_4010	thiosulfate	tsul	CHEBI:33541	C00320	MNXM323	[O-]S(=O)(=S)[O-]
s_4011	sulphite	so3	CHEBI:17359	C11481	MNXM105630	[O-]S(=O)[O-]
s_4012	thiocyanate	tcynt	CHEBI:29200	C01755	MNXM762	C(#N)[S-]
s_4013	Mg(2+)	mg2	CHEBI:18420	C00305	MNXM653	[Mg+2]
s_4014	Mg(2+)	mg2	CHEBI:18420	C00305	MNXM653	[Mg+2]
s_4015	UDP-D-glucose	udpg	CHEBI:58367	C00029	MNXM722710	C1=CN(C(=O)NC1=O)C2C(C(C(O2)COP(=O)(O)OP(=O)(O)OC3C(C(C(C(O3)CO)O)O)O)O)O
s_4016	sulphate	so4	CHEBI:16189	C00059	MNXM58	[O-]S(=O)(=O)[O-]
s_4017	N-Acetyl-D-glucosamine	acgam	CHEBI:506227	C00140	MNXM143	CC(=O)NC1C(C(C(OC1O)CO)O)O
s_4018	polyphosphate		CHEBI:16838	C00404	MNXM77738	
s_4019	Cu2(+)	cu2	CHEBI:29036	C00070	MNXM632	
s_4020	Cu2(+)	cu2	CHEBI:29036	C00070	MNXM632	
s_4021	2-Oxoglutaramate	HC00591	CHEBI:16769	C00940	MNXM575	C(CC(=O)N)C(=O)C(=O)O
s_4022	porphyrin		CHEBI:8337	C05113	MNXM2714	C1=CC2=CC3=CC=C(N3)C=C4C=CC(=N4)C=C5C=CC(=N5)C=C1N2
s_4023	porphyrin		CHEBI:8337	C05113	MNXM2714	C1=CC2=CC3=CC=C(N3)C=C4C=CC(=N4)C=C5C=CC(=N5)C=C1N2
s_4024	Starch					
s_4025	UDP-N-acetyl-alpha-D-glucosamine	uacgam	CHEBI:57705	C00043	MNXM47	CC(=O)NC1C(C(C(OC1OP(=O)(O)OP(=O)(O)OCC2C(C(C(O2)N3C=CC(=O)NC3=O)O)O)CO)O)O
s_4026	Zn(2+)	zn2	CHEBI:29105	C00038	MNXM149	[Zn+2]
s_4027	Zn(2+)	zn2	CHEBI:29105	C00038	MNXM149	[Zn+2]
s_4031	iron(3+)	fe3	CHEBI:29034	C14819	MNXM196	[Fe+3]
s_4034	Ala-Gln	ala_L_gln__L	CHEBI:73788		MNXM40495	CC(C(=O)NC(CCC(=O)N)C(=O)O)N
s_4035	Ala-Gln	ala_L_gln__L	CHEBI:73788		MNXM40495	CC(C(=O)NC(CCC(=O)N)C(=O)O)N
s_4036	Ala-Gln	ala_L_gln__L	CHEBI:73788		MNXM40495	CC(C(=O)NC(CCC(=O)N)C(=O)O)N
s_4037	Ala-Glu	LalaLglu	CHEBI:61396	C20958	MNXM4026	CC(C(=O)NC(CCC(=O)O)C(=O)O)N
s_4038	Ala-Glu	LalaLglu	CHEBI:61396	C20958	MNXM4026	CC(C(=O)NC(CCC(=O)O)C(=O)O)N
s_4039	Ala-Glu	LalaLglu	CHEBI:61396	C20958	MNXM4026	CC(C(=O)NC(CCC(=O)O)C(=O)O)N
s_4040	Ala-Thr	ala_L_Thr__L	CHEBI:73762		MNXM40497	CC(C(C(=O)O)NC(=O)C(C)N)O
s_4041	Ala-Thr	ala_L_Thr__L	CHEBI:73762		MNXM40497	CC(C(C(=O)O)NC(=O)C(C)N)O
s_4042	Ala-Thr	ala_L_Thr__L	CHEBI:73762		MNXM40497	CC(C(C(=O)O)NC(=O)C(C)N)O
s_4043	L-threonine	thr__L	CHEBI:16857	C00188	MNXM142	CC(C(C(=O)O)N)O
s_4044	thymidine 3'-monophosphate		CHEBI:77843		MNXM87165	CC1=CN(C(=O)NC1=O)C2CC(C(O2)CO)OP(=O)(O)O
s_4045	thymidine 3'-monophosphate		CHEBI:77843		MNXM87165	CC1=CN(C(=O)NC1=O)C2CC(C(O2)CO)OP(=O)(O)O
s_4046	thymidine 5'-monophosphate		CHEBI:15245		MNXM87167	CC1=CN(C(=O)NC1=O)C2CC(C(O2)COP(=O)(O)O)O
s_4047	thymidine 5'-monophosphate		CHEBI:15245		MNXM87167	CC1=CN(C(=O)NC1=O)C2CC(C(O2)COP(=O)(O)O)O
s_4048	glycerol 1-phosphate	glyc1p	CHEBI:231935	C03189	MNXM682	C(C(COP(=O)(O)O)O)O
s_4049	glycerol 1-phosphate	glyc1p	CHEBI:231935	C03189	MNXM682	C(C(COP(=O)(O)O)O)O
s_4050	Ala-His	ala_L_his__L	CHEBI:73771		MNXM40496	CC(C(=O)NC(CC1=CN=CN1)C(=O)O)N
s_4051	Ala-His	ala_L_his__L	CHEBI:73771		MNXM40496	CC(C(=O)NC(CC1=CN=CN1)C(=O)O)N
s_4052	Ala-His	ala_L_his__L	CHEBI:73771		MNXM40496	CC(C(=O)NC(CC1=CN=CN1)C(=O)O)N
s_4053	Gly-Asn	gly_asn__L	CHEBI:73888		MNXM55268	C(C(C(=O)O)NC(=O)CN)C(=O)N
s_4054	Gly-Asn	gly_asn__L	CHEBI:73888		MNXM55268	C(C(C(=O)O)NC(=O)CN)C(=O)N
s_4055	Gly-Asn	gly_asn__L	CHEBI:73888		MNXM55268	C(C(C(=O)O)NC(=O)CN)C(=O)N
s_4056	Gly-Gln	gly_gln__L	CHEBI:73898		MNXM55276	C(CC(=O)N)C(C(=O)O)NC(=O)CN
s_4057	Gly-Gln	gly_gln__L	CHEBI:73898		MNXM55276	C(CC(=O)N)C(C(=O)O)NC(=O)CN
s_4058	Gly-Gln	gly_gln__L	CHEBI:73898		MNXM55276	C(CC(=O)N)C(C(=O)O)NC(=O)CN
s_4059	Gly-Glu	gly_glu__L	CHEBI:73784		MNXM55454	C(CC(=O)O)C(C(=O)O)NC(=O)CN
s_4060	Gly-Glu	gly_glu__L	CHEBI:73784		MNXM55454	C(CC(=O)O)C(C(=O)O)NC(=O)CN
s_4061	Gly-Glu	gly_glu__L	CHEBI:73784		MNXM55454	C(CC(=O)O)C(C(=O)O)NC(=O)CN
s_4062	glycerol 2-phosphate(2-)	glyc2p	CHEBI:58083	C02979	MNXM2527	C(C(CO)OP(=O)([O-])[O-])O
s_4063	glycerol 2-phosphate(2-)	glyc2p	CHEBI:58083	C02979	MNXM2527	C(C(CO)OP(=O)([O-])[O-])O
s_4064	O-phospho-L-threonine	thrp	CHEBI:58675	C12147	MNXM1492	CC(C(C(=O)O)N)OP(=O)(O)O
s_4065	O-phospho-L-threonine	thrp	CHEBI:58675	C12147	MNXM1492	CC(C(C(=O)O)N)OP(=O)(O)O
s_4066	guanosine 2'-monophosphate		CHEBI:74604		MNXM18285	C1=NC2=C(N1C3C(C(C(O3)CO)O)OP(=O)(O)O)N=C(NC2=O)N
s_4067	guanosine 2'-monophosphate		CHEBI:74604		MNXM18285	C1=NC2=C(N1C3C(C(C(O3)CO)O)OP(=O)(O)O)N=C(NC2=O)N
s_4068	3'-GMP	3gmp	CHEBI:60732	C06193	MNXM2183	C1=NC2=C(N1C3C(C(C(O3)CO)OP(=O)(O)O)O)N=C(NC2=O)N
s_4069	3'-GMP	3gmp	CHEBI:60732	C06193	MNXM2183	C1=NC2=C(N1C3C(C(C(O3)CO)OP(=O)(O)O)O)N=C(NC2=O)N
s_4070	2-phosphoglycolate	2pglyc	CHEBI:58033	C00988	MNXM2074	C(C(=O)[O-])OP(=O)([O-])[O-]
s_4071	2-phosphoglycolate	2pglyc	CHEBI:58033	C00988	MNXM2074	C(C(=O)[O-])OP(=O)([O-])[O-]
s_4072	cysteamine S-phosphate		CHEBI:74631		MNXM48297	C(CSP(=O)(O)O)N
s_4073	cysteamine	cysam	CHEBI:58029	C01678	MNXM1226	C(CS)N
s_4074	cysteamine	cysam	CHEBI:58029	C01678	MNXM1226	C(CS)N
s_4075	cysteamine S-phosphate		CHEBI:74631		MNXM48297	C(CSP(=O)(O)O)N
s_4076	hypotaurine		CHEBI:16668	C00519	MNXM726	C(CS(=O)O)N
s_4077	O-phosphonatooxy-D-serine(2-)	pser__D	CHEBI:58680	C02532	MNXM4752	C(C(C(=O)[O-])[NH3+])OP(=O)([O-])[O-]
s_4078	O-phosphonatooxy-D-serine(2-)	pser__D	CHEBI:58680	C02532	MNXM4752	C(C(C(=O)[O-])[NH3+])OP(=O)([O-])[O-]
s_4079	2-aminobutanoate	C02356	CHEBI:35621		MNXM15850	CCC(C(=O)[O-])[NH3+]
s_4080	2-aminobutanoate	C02356	CHEBI:35621		MNXM15850	CCC(C(=O)[O-])[NH3+]
s_4081	uridine 2'-phosphate		CHEBI:77802	C03031	MNXM13238	C1=CN(C(=O)NC1=O)C2C(C(C(O2)CO)O)OP(=O)(O)O
s_4082	uridine 2'-phosphate		CHEBI:77802	C03031	MNXM13238	C1=CN(C(=O)NC1=O)C2C(C(C(O2)CO)O)OP(=O)(O)O
s_4083	3'-UMP	3ump	CHEBI:60784	C01368	MNXM2184	C1=CN(C(=O)NC1=O)C2C(C(C(O2)CO)OP(=O)(O)O)O
s_4084	3'-UMP	3ump	CHEBI:60784	C01368	MNXM2184	C1=CN(C(=O)NC1=O)C2C(C(C(O2)CO)OP(=O)(O)O)O
s_4085	Gly-Met	gly_met__L	CHEBI:74393		MNXM55287	CSCCC(C(=O)O)NC(=O)CN
s_4086	Gly-Met	gly_met__L	CHEBI:74393		MNXM55287	CSCCC(C(=O)O)NC(=O)CN
s_4087	Gly-Met	gly_met__L	CHEBI:74393		MNXM55287	CSCCC(C(=O)O)NC(=O)CN
s_4088	N-phosphocreatine		CHEBI:58092		MNXM819	CN(CC(=O)O)C(=NP(=O)(O)O)N
s_4089	creatinine	creat	CHEBI:16737	C00791	MNXM1470	CN1CC(=O)N=C1N
s_4090	N-phosphocreatine		CHEBI:58092		MNXM819	CN(CC(=O)O)C(=NP(=O)(O)O)N
s_4091	creatinine	creat	CHEBI:16737	C00791	MNXM1470	CN1CC(=O)N=C1N
s_4092	N(omega)-phospho-L-arginine	argp	CHEBI:58477	C05945	MNXM3663	C(CC(C(=O)O)N)CN=C(N)NP(=O)(O)O
s_4093	N(omega)-phospho-L-arginine	argp	CHEBI:58477	C05945	MNXM3663	C(CC(C(=O)O)N)CN=C(N)NP(=O)(O)O
s_4094	2',3'-cyclic GMP	23cgmp	CHEBI:60837	C06194	MNXM3149	C1=NC2=C(N1C3C4C(C(O3)CO)OP(=O)(O4)O)N=C(NC2=O)N
s_4095	2',3'-cyclic GMP	23cgmp	CHEBI:60837	C06194	MNXM3149	C1=NC2=C(N1C3C4C(C(O3)CO)OP(=O)(O4)O)N=C(NC2=O)N
s_4096	O(4)-phospho-L-tyrosine	tyrp	CHEBI:62338	C06501	MNXM3323	C1=CC(=CC=C1CC(C(=O)O)N)OP(=O)(O)O
s_4097	O(4)-phospho-L-tyrosine	tyrp	CHEBI:62338	C06501	MNXM3323	C1=CC(=CC=C1CC(C(=O)O)N)OP(=O)(O)O
s_4098	triphosphate	pppi	CHEBI:18036	C00536	MNXM332	OP(=O)(O)OP(=O)(O)OP(=O)(O)O
s_4099	triphosphate	pppi	CHEBI:18036	C00536	MNXM332	OP(=O)(O)OP(=O)(O)OP(=O)(O)O
s_4100	cytidine 2'-phosphate		CHEBI:77766	C03104	MNXM11237	C1=CN(C(=O)N=C1N)C2C(C(C(O2)CO)O)OP(=O)(O)O
s_4101	cytidine 2'-phosphate		CHEBI:77766	C03104	MNXM11237	C1=CN(C(=O)N=C1N)C2C(C(C(O2)CO)O)OP(=O)(O)O
s_4102	2',3'-cyclic UMP	23cump	CHEBI:60873	C02355	MNXM3150	C1=CN(C(=O)NC1=O)C2C3C(C(O2)CO)OP(=O)(O3)O
s_4103	2',3'-cyclic UMP	23cump	CHEBI:60873	C02355	MNXM3150	C1=CN(C(=O)NC1=O)C2C3C(C(O2)CO)OP(=O)(O3)O
s_4104	3-sulfino-L-alanine	3sala	CHEBI:61085	C00606	MNXM498	C(C(C(=O)O)N)S(=O)O
s_4105	3-sulfino-L-alanine	3sala	CHEBI:61085	C00606	MNXM498	C(C(C(=O)O)N)S(=O)O
s_4106	3'-AMP	3amp	CHEBI:60880	C01367	MNXM1985	C1=NC(=C2C(=N1)N(C=N2)C3C(C(C(O3)CO)OP(=O)(O)O)O)N
s_4107	3'-AMP	3amp	CHEBI:60880	C01367	MNXM1985	C1=NC(=C2C(=N1)N(C=N2)C3C(C(C(O3)CO)OP(=O)(O)O)O)N
s_4108	6-O-alpha-D-glucopyranosyl-D-fructofuranose	pala	CHEBI:18394	C01742	MNXM3518	C(C1C(C(C(C(O1)OCC2C(C(C(O2)(CO)O)O)O)O)O)O)O
s_4109	6-O-alpha-D-glucopyranosyl-D-fructofuranose	pala	CHEBI:18394	C01742	MNXM3518	C(C1C(C(C(C(O1)OCC2C(C(C(O2)(CO)O)O)O)O)O)O)O
s_4110	N-acetyl-L-cysteine	CE1310	CHEBI:78236	C06809	MNXM98606	CC(=O)NC(CS)C(=O)O
s_4111	N-acetyl-L-cysteine	CE1310	CHEBI:78236	C06809	MNXM98606	CC(=O)NC(CS)C(=O)O
s_4112	tetrathionate	tet	CHEBI:15226	C02084	MNXM1781	[O-]S(=O)(=O)SSS(=O)(=O)[O-]
s_4113	thiosulfate	tsul	CHEBI:33542	C00320	MNXM323	[O-]S(=O)(=S)[O-]
s_4114	tetrathionate	tet	CHEBI:15226	C02084	MNXM1781	[O-]S(=O)(=O)SSS(=O)(=O)[O-]
s_4115	2-hydroxyethane-1-sulfonate	isetac	CHEBI:61904	C05123	MNXM1630	C(CS(=O)(=O)O)O
s_4116	2-hydroxyethane-1-sulfonate	isetac	CHEBI:61904	C05123	MNXM1630	C(CS(=O)(=O)O)O
s_4117	5-dehydro-D-gluconate	5dglcn	CHEBI:58143	C01062	MNXM963	C(C(=O)C(C(C(C(=O)[O-])O)O)O)O
s_4118	5-dehydro-D-gluconate	5dglcn	CHEBI:58143	C01062	MNXM963	C(C(=O)C(C(C(C(=O)[O-])O)O)O)O
s_4119	Ala-Asp	ala_L_asp__L	CHEBI:74363		MNXM40494	CC(C(=O)NC(CC(=O)O)C(=O)O)N
s_4120	Ala-Asp	ala_L_asp__L	CHEBI:74363		MNXM40494	CC(C(=O)NC(CC(=O)O)C(=O)O)N
s_4121	Ala-Asp	ala_L_asp__L	CHEBI:74363		MNXM40494	CC(C(=O)NC(CC(=O)O)C(=O)O)N
s_4122	methyl alpha-D-glucopyranoside	madg	CHEBI:320061		MNXM724960	COC1C(C(C(C(O1)CO)O)O)O
s_4123	methanol	meoh	CHEBI:17790	C00132	MNXM157	CO
s_4124	methanol	meoh	CHEBI:17790	C00132	MNXM157	CO
s_4125	methyl alpha-D-glucopyranoside	madg	CHEBI:320061		MNXM724960	COC1C(C(C(C(O1)CO)O)O)O
s_4126	2',3'-cyclic CMP	23ccmp	CHEBI:60877	C02354	MNXM3148	C1=CN(C(=O)N=C1N)C2C3C(C(O2)CO)OP(=O)(O3)[O-]
s_4127	2',3'-cyclic CMP	23ccmp	CHEBI:60877	C02354	MNXM3148	C1=CN(C(=O)N=C1N)C2C3C(C(O2)CO)OP(=O)(O3)[O-]
s_4128	D-tagatose	tag__D	CHEBI:4249	C00795	MNXM92401	C1C(C(C(C(O1)(CO)O)O)O)O
s_4129	D-tagatofuranose 6-phosphate	tag6p__D	CHEBI:58695	C01097	MNXM795	C(C1C(C(C(O1)(CO)O)O)O)OP(=O)(O)O
s_4130	D-tagatose	tag__D	CHEBI:4249	C00795	MNXM92401	C1C(C(C(C(O1)(CO)O)O)O)O
s_4131	turanose		CHEBI:32528	C19636	MNXM161984	C(C1C(C(C(C(O1)OC(C(C(CO)O)O)C(=O)CO)O)O)O)O
s_4132	acetoacetate	acac	CHEBI:13705	C00164	MNXM154	CC(=O)CC(=O)[O-]
s_4133	acetoacetate	acac	CHEBI:13705	C00164	MNXM154	CC(=O)CC(=O)[O-]
s_4134	N(alpha)-acetyl-L-methionine	C02712	CHEBI:132957	C02712	MNXM7576	CC(=O)NC(CCSC)C(=O)[O-]
s_4135	N(alpha)-acetyl-L-methionine	C02712	CHEBI:132957	C02712	MNXM7576	CC(=O)NC(CCSC)C(=O)[O-]
s_4136	3-oxalomalate(3-)		CHEBI:15593	C01990	MNXM3850	C(C(C(=O)[O-])O)(C(=O)C(=O)[O-])C(=O)[O-]
s_4137	3-oxalomalate(3-)		CHEBI:15593	C01990	MNXM3850	C(C(C(=O)[O-])O)(C(=O)C(=O)[O-])C(=O)[O-]
s_4138	L-cysteate	Lcyst	CHEBI:58090	C00506	MNXM713	C(C(C(=O)[O-])N)S(=O)(=O)O
s_4139	L-cysteate	Lcyst	CHEBI:58090	C00506	MNXM713	C(C(C(=O)[O-])N)S(=O)(=O)O
s_4140	alpha-maltotriose	malttr	CHEBI:61993	C01835	MNXM468	C(C1C(C(C(C(O1)OC2C(OC(C(C2O)O)OC3C(OC(C(C3O)O)O)CO)CO)O)O)O)O
s_4141	2-phospho-D-glyceric acid	2pg	CHEBI:58289	C00631	MNXM275	C(C(C(=O)O)OP(=O)(O)O)O
s_4142	3-phosphonato-D-glycerate(3-)	3pg	CHEBI:58272	C00197	MNXM126	C(C(C(=O)[O-])O)OP(=O)([O-])[O-]
s_4143	Met-Ala	met_L_ala__L	CHEBI:73610		MNXM61647	CC(C(=O)O)NC(=O)C(CCSC)N
s_4144	Met-Ala	met_L_ala__L	CHEBI:73610		MNXM61647	CC(C(=O)O)NC(=O)C(CCSC)N
s_4145	D-glucose 1-phosphate	g1p	CHEBI:57629	C00103	MNXM89588	C(C1C(C(C(C(O1)OP(=O)(O)O)O)O)O)O
s_4146	carbamoyl phosphate	cbp	CHEBI:58228	C00169	MNXM138	C(=O)(N)OP(=O)(O)O
s_4147	3-phospho-serine	pser__L	CHEBI:57524	C01005	MNXM379	C(C(C(=O)O)N)OP(=O)(O)O
s_4148	GMP	gmp	CHEBI:58115	C00144	MNXM113	C1=NC2=C(N1C3C(C(C(O3)COP(=O)(O)O)O)O)N=C(NC2=O)N
s_4149	myo-inositol hexakisphosphate	minohp	CHEBI:58130	C01204	MNXM491	C1(C(C(C(C(C1OP(=O)(O)O)OP(=O)(O)O)OP(=O)(O)O)OP(=O)(O)O)OP(=O)(O)O)OP(=O)(O)O
s_4150	D-glucose 6-phosphate	g6p	CHEBI:61548	C00092	MNXM160	C(C(C(C(C(C=O)O)O)O)O)OP(=O)(O)O
s_4151	UMP	ump	CHEBI:57865	C00105	MNXM80	C1=CN(C(=O)NC1=O)C2C(C(C(O2)COP(=O)(O)O)O)O
s_4152	phosphoenolpyruvate	pep	CHEBI:58702	C00074	MNXM73	C=C(C(=O)O)OP(=O)(O)O
s_4153	D-mannose 6-phosphate	man6p	CHEBI:58735	C00275	MNXM427	C(C1C(C(C(C(O1)O)O)O)O)OP(=O)(O)O
s_4154	O-phosphoethanolamine	ethamp	CHEBI:58190	C00346	MNXM187	C(COP(=O)(O)O)N
s_4155	6-phospho-D-gluconate	6pgc	CHEBI:58759	C00345	MNXM325	C(C(C(C(C(C(=O)O)O)O)O)O)OP(=O)(O)O
s_4156	D-mannose 1-phosphate	man1p	CHEBI:58409	C00636	MNXM721	C(C1C(C(C(C(O1)OP(=O)(O)O)O)O)O)O
s_4157	diphosphate	ppi	CHEBI:33019	C00013	MNXM11	[O-]P(=O)([O-])OP(=O)([O-])[O-]
s_4158	choline phosphate	cholp	CHEBI:295975	C00588	MNXM229	C[N+](C)(C)CCOP(=O)(O)O.[Cl-]
s_4159	thiosulfate	tsul	CHEBI:33542	C00320	MNXM323	[O-]S(=O)(=S)[O-]
s_4160	AMP	amp	CHEBI:456215	C00020	MNXM14	C1=NC(=C2C(=N1)N(C=N2)C3C(C(C(O3)COP(=O)(O)O)O)O)N
s_4161	2',3'-cyclic AMP	23camp	CHEBI:60879	C02353	MNXM2598	C1=NC(=C2C(=N1)N(C=N2)C3C4C(C(O3)CO)OP(=O)(O4)O)N
s_4162	adenosine 2'-phosphate	amp2p	CHEBI:77740	C00946	MNXM7028	C1=NC(=C2C(=N1)N(C=N2)C3C(C(C(O3)CO)O)OP(=O)(O)O)N
s_4163	CMP	cmp	CHEBI:60377	C00055	MNXM31	C1=CN(C(=O)N=C1N)C2C(C(C(O2)COP(=O)(O)O)O)O
s_4164	D-Glucosamine	gam	CHEBI:58723	C00329	MNXM533	C(C1C(C(C(C(O1)O)N)O)O)O
s_4165	2-deoxy-D-ribose	drib	CHEBI:28816	C08347	MNXM2474	C(C=O)C(C(CO)O)O
s_4166	L-citrulline	citr__L	CHEBI:16349	C00327	MNXM211	C(CC(C(=O)O)N)CNC(=O)N
s_4167	glycerone	dha	CHEBI:16016	C00184	MNXM460	C(C(=O)CO)O
s_4168	Ala-Leu	ala_L_ile__L	CHEBI:73770		MNXM15786	CC(C)CC(C(=O)O)NC(=O)C(C)N
s_4169	Ala-Leu	ala_L_ile__L	CHEBI:73770		MNXM15786	CC(C)CC(C(=O)O)NC(=O)C(C)N
s_4170	Ala-Gly	L_alagly	CHEBI:73757		MNXM15783	CC(C(=O)NCC(=O)O)N
s_4171	Ala-Gly	L_alagly	CHEBI:73757		MNXM15783	CC(C(=O)NCC(=O)O)N
s_4172	N-acetyl-L-glutamate	acglu	CHEBI:44337	C00624	MNXM730	CC(=O)NC(CCC(=O)O)C(=O)O
s_4173	N-acetyl-L-glutamate	acglu	CHEBI:44337	C00624	MNXM730	CC(=O)NC(CCC(=O)O)C(=O)O
s_4174	lipoamide	lpam	CHEBI:17460	C00248	MNXM1024	C1CSSC1CCCCC(=O)N
s_4175	lipoamide	lpam	CHEBI:17460	C00248	MNXM1024	C1CSSC1CCCCC(=O)N
s_4176	L-Methionine S-oxide	metox	CHEBI:17016	C02989	MNXM1364200	CS(=O)CCC(C(=O)O)N
s_4177	homogentisate	hgentis	CHEBI:16169	C00544	MNXM345	C1=CC(=C(C=C1O)CC(=O)O)O
s_4178	4-maleylacetoacetate	4mlacac	CHEBI:17105	C01036	MNXM691	C(C(=O)CC(=O)O)C(=O)C=CC(=O)O
s_4179	4-fumarylacetoacetate	4fumacac	CHEBI:18034	C01061	MNXM708	C(C(=O)CC(=O)O)C(=O)C=CC(=O)O
s_4180	L-xylulose	xylu__L	CHEBI:17399	C00312	MNXM1371095	C(C(C(C(=O)CO)O)O)O
s_4181	D-arabinitol	abt__D	CHEBI:18333	C01904	MNXM1018	C(C(C(C(CO)O)O)O)O
s_4182	2-hydroxyglutarate	2hog	CHEBI:11596	C02630	MNXM1210	C(CC(=O)O)C(C(=O)O)O
s_4183	propionyl-CoA	ppcoa	CHEBI:57392	C00100	MNXM86	CCC(=O)SCCNC(=O)CCNC(=O)C(C(C)(C)COP(=O)(O)OP(=O)(O)OCC1C(C(C(O1)N2C=NC3=C(N=CN=C32)N)O)OP(=O)(O)O)O
s_4184	3-oxopropanoate	msa	CHEBI:33190	C00222	MNXM244	C(C=O)C(=O)[O-]
s_4189	(2R,3S)-3-methylmalate	r3mmal	CHEBI:58511	C06032	MNXM2512	CC(C(C(=O)O)O)C(=O)O
s_4190	trans-2,cis-9-octadecadienoyl-CoA	lnlccoa	CHEBI:57383	C02050	MNXM638	
s_4191	(9Z,12Z)-octadecadienoate	lnlc	CHEBI:30245	C01595	MNXM293	CCCCCC=CCC=CCCCCCCCC(=O)[O-]
s_4192	stachyose	stys	CHEBI:17164	C01613	MNXM1503	C(C1C(C(C(C(O1)OCC2C(C(C(C(O2)OCC3C(C(C(C(O3)OC4(C(C(C(O4)CO)O)O)CO)O)O)O)O)O)O)O)O)O)O
s_4193	raffinose	raffin	CHEBI:16634	C00492	MNXM621	C(C1C(C(C(C(O1)OCC2C(C(C(C(O2)OC3(C(C(C(O3)CO)O)O)CO)O)O)O)O)O)O)O
s_4194	4-hydroxyphenyl acetate	4hphac	CHEBI:18101	C00642	MNXM3863	CC(=O)OC1=CC=C(C=C1)O
s_4195	Hydroquinone	hqn	CHEBI:17594	C00530	MNXM376	C1=CC(=CC=C1O)O
s_4196	ATP	atp	CHEBI:30616	C00002	MNXM3	C1=NC(=C2C(=N1)N(C=N2)C3C(C(C(O3)COP(=O)(O)OP(=O)(O)OP(=O)(O)O)O)O)N
s_4197	Ca(2+)	ca2	CHEBI:29108	C00076	MNXM128	[Ca+2]
s_4198	ADP	adp	CHEBI:456216	C00008	MNXM7	C1=NC(=C2C(=N1)N(C=N2)C3C(C(C(O3)COP(=O)(O)OP(=O)(O)O)O)O)N
s_4199	Ca(2+)	ca2	CHEBI:29108	C00076	MNXM128	[Ca+2]
s_4200	chloride	cl	CHEBI:17996	C00698	MNXM43	[Cl-]
s_4201	Cu2(+)	cu2	CHEBI:29036	C00070	MNXM632	
s_4202	Mn(2+)	mn2	CHEBI:29035	C19610	MNXM2255	[Mn+2]
s_4203	Zn(2+)	zn2	CHEBI:29105	C00038	MNXM149	[Zn+2]
s_4204	Mg(2+)	mg2	CHEBI:18420	C00305	MNXM653	[Mg+2]
s_4205	cofactor					
s_4206	ion					
s_4207	trans-4-hydroxy-L-proline		CHEBI:18072	C01157	MNXM87584	C1C(CNC1C(=O)O)O
s_4209	ferrocytochrome b5	ficytb5	CHEBI:18097	C00996	MNXM1083	
s_4210	ferricytochrome b5	ficytb5	CHEBI:18097	C00996	MNXM1083	
s_4211	hexanoyl-CoA					CCCCCC(=O)SCCNC(=O)CCNC(=O)C(C(C)(C)COP(=O)(O)OP(=O)(O)OCC1C(C(C(O1)N2C=NC3=C(N=CN=C32)N)O)OP(=O)(O)O)O
s_4212	ethyl hexanoate		CHEBI:86055			CCCCCC(=O)OCC
s_4213	octanoyl-CoA		CHEBI:15533	C01944		CCCCCCCC(=O)SCCNC(=O)CCNC(=O)C(C(C)(C)COP(=O)(O)OP(=O)(O)OCC1C(C(C(O1)N2C=NC3=C(N=CN=C32)N)O)OP(=O)(O)O)O
s_4214	ethyl octanoate		CHEBI:87426	C12292		CCCCCCCC(=O)OCC
s_4215	butanoyl-CoA		CHEBI:57371	C00136		CCCC(=O)SCCNC(=O)CCNC(=O)C(C(C)(C)COP(=O)(O)OP(=O)(O)OCC1C(C(C(O1)N2C=NC3=C(N=CN=C32)N)O)OP(=O)(O)O)O
s_4216	ethyl butanoate		CHEBI:88764			CCCC(=O)OCC
s_4217	hexanol		CHEBI:87393			CCCCCCO
s_4218	hexyl acetate		CHEBI:87510			CCCCCCOC(=O)C
s_4219	decanoyl-CoA		CHEBI:61430	C05274		CCCCCCCCCC(=O)SCCNC(=O)CCNC(=O)C(C(C)(C)COP(=O)(O)OP(=O)(O)OCC1C(C(C(O1)N2C=NC3=C(N=CN=C32)N)O)OP(=O)(O)O)O
s_4220	ethyl decanoate		CHEBI:87430			CCCCCCCCCC(=O)OCC
s_4221	ethyl hexanoate		CHEBI:86055			CCCCCC(=O)OCC
s_4222	ethyl octanoate		CHEBI:87426	C12292		CCCCCCCC(=O)OCC
s_4223	ethyl butanoate		CHEBI:88764			CCCC(=O)OCC
s_4224	hexyl acetate		CHEBI:87510			CCCCCCOC(=O)C
s_4225	ethyl decanoate		CHEBI:87430			CCCCCCCCCC(=O)OCC
s_4226	ethyl hexanoate		CHEBI:86055			CCCCCC(=O)OCC
s_4227	ethyl octanoate		CHEBI:87426	C12292		CCCCCCCC(=O)OCC
s_4228	ethyl butanoate		CHEBI:88764			CCCC(=O)OCC
s_4229	hexyl acetate		CHEBI:87510			CCCCCCOC(=O)C
s_4230	ethyl decanoate		CHEBI:87430			CCCCCCCCCC(=O)OCC
s_4231	ethyl acetate		CHEBI:27750	C00849		CCOC(=O)C
s_4232	propanal		CHEBI:17153	C00479		CCC=O
s_4233	propanol		CHEBI:28831	C05979		CCCO
s_4234	propanal		CHEBI:17153	C00479		CCC=O
s_4235	propanol		CHEBI:28831	C05979		CCCO
s_4236	propanal		CHEBI:17153	C00479		CCC=O
s_4237	propanol		CHEBI:28831	C05979		CCCO
s_4238	methional		CHEBI:49017			CSCCC=O
s_4239	methionol		CHEBI:49019			CSCCCO
s_4240	methional		CHEBI:49017			CSCCC=O
s_4241	methionol		CHEBI:49019			CSCCCO
s_4242	methional		CHEBI:49017			CSCCC=O
s_4243	methionol		CHEBI:49019			CSCCCO
s_4244	(4-hydroxyphenyl)acetaldehyde		CHEBI:15621			C1=CC(=CC=C1CC=O)O
s_4245	tyrosol		CHEBI:1879	C06044		C1=CC(=CC=C1CCO)O
s_4246	(4-hydroxyphenyl)acetaldehyde		CHEBI:15621			C1=CC(=CC=C1CC=O)O
s_4247	tyrosol		CHEBI:1879	C06044		C1=CC(=CC=C1CCO)O
s_4248	(4-hydroxyphenyl)acetaldehyde		CHEBI:15621			C1=CC(=CC=C1CC=O)O
s_4249	tyrosol		CHEBI:1879	C06044		C1=CC(=CC=C1CCO)O
s_4250	propionate		CHEBI:30768	C00163		CCC(=O)[O-]
s_4251	propionate		CHEBI:30768	C00163		CCC(=O)[O-]
s_4252	propionyl-CoA		CHEBI:57386	C00100		CCC(=O)SCCNC(=O)CCNC(=O)C(C(C)(C)COP(=O)(O)OP(=O)(O)OCC1C(C(C(O1)N2C=NC3=C(N=CN=C32)N)O)OP(=O)(O)O)O
s_4253	ethyl propionate		CHEBI:41330			CCC(=O)OCC
s_4254	tyrosyl acetate					
s_4255	tyrosyl acetate					
s_4256	methionyl acetate					CC(=O)OC(=O)C(CCSC)N
s_4257	methionyl acetate					CC(=O)OC(=O)C(CCSC)N
s_4258	propyl acetate		CHEBI:40116			CCCOC(=O)C
s_4259	propyl acetate		CHEBI:40116			CCCOC(=O)C
s_4261	ethyl propionate		CHEBI:41330			CCC(=O)OCC
s_4262	ethyl propionate		CHEBI:41330			CCC(=O)OCC
s_4263	hydrogen sulfide	h2s	CHEBI:16136	C00283	MNXM124865	S
s_4264	3-mercaptopyruvate	mercppyr	CHEBI:16208	C00957	MNXM1214	C(C(=O)C(=O)O)S
s_4267	taurocholic acid	tchola	CHEBI:28865	C05122	MNXM1104296	CC(CCC(=O)NCCS(=O)(=O)O)C1CCC2C1(C(CC3C2C(CC4C3(CCC(C4)O)C)O)O)C
s_4268	taurocholic acid	tchola	CHEBI:28865	C05122	MNXM1104296	CC(CCC(=O)NCCS(=O)(=O)O)C1CCC2C1(C(CC3C2C(CC4C3(CCC(C4)O)C)O)O)C
s_4269	trithionate	tton	ChEBI:15987	C01861	MNXM1871	[O-]S(=O)(=O)SS(=O)(=O)[O-]
s_4270	ethyl (2S)-lactate		CHEBI:78322		MNXM155838	CCOC(=O)C(C)O
s_4271	ethyl (2S)-lactate		CHEBI:78322		MNXM155838	CCOC(=O)C(C)O
s_4272	ethyl (2R)-lactate		CHEBI:78323		MNXM155836	CCOC(=O)C(C)O
s_4273	ethyl (2R)-lactate		CHEBI:78323		MNXM155836	CCOC(=O)C(C)O
s_4274	diethyl succinate		CHEBI:169507		MNXM124844	CCOC(=O)CCC(=O)OCC
s_4275	diethyl succinate		CHEBI:169507		MNXM124844	CCOC(=O)CCC(=O)OCC
s_4276	monoethyl succinate		CHEBI:88827		MNXM151146	CCOC(=O)CCC(=O)O
s_4277	monoethyl succinate		CHEBI:88827		MNXM151146	CCOC(=O)CCC(=O)O
s_4278	ethyl benzoate		CHEBI:156074		MNXM125514	CCOC(=O)C1=CC=CC=C1
s_4279	ethyl benzoate		CHEBI:156074		MNXM125514	CCOC(=O)C1=CC=CC=C1
s_4280	ethyl pyruvate		CHEBI:173421		MNXM52836	CCOC(=O)C(=O)C
s_4281	ethyl pyruvate		CHEBI:173421		MNXM52836	CCOC(=O)C(=O)C
s_4282	2-methylbutyrate		CHEBI:37070	C18319	MNXM9859	CCC(C)C(=O)[O-]
s_4283	ethyl 2-methylbutyrate		CHEBI:88452		MNXM99666	CCC(C)C(=O)OCC
s_4284	ethyl 2-methylbutyrate		CHEBI:88452		MNXM99666	CCC(C)C(=O)OCC
s_4285	isobutyrate	ibt	CHEBI:48944		MNXM1137661	CC(C)C(=O)O
s_4286	ethyl isobutyrate		CHEBI:87303		MNXM99814	CCOC(=O)C(C)C
s_4287	ethyl isobutyrate		CHEBI:87303		MNXM99814	CCOC(=O)C(C)C
s_4288	benzyl acetate		CHEBI:52051	C15513	MNXM3217	CC(=O)OCC1=CC=CC=C1
s_4289	benzyl acetate		CHEBI:52051	C15513	MNXM3217	CC(=O)OCC1=CC=CC=C1
s_4290	polyphosphate		CHEBI:16838	C00404	MNXM77738	
s_4291	polyphosphate		CHEBI:16838	C00404	MNXM77738	
s_4292	polyphosphate		CHEBI:16838	C00404	MNXM77738	
s_4293	phosphate	pi	CHEBI:43474	C00009	MNXM9	[O-]P(=O)([O-])[O-]
s_4294	4-(2-aminophenyl)-2,4-dioxobutanoate		CHEBI:17442	C01252	MNXM466	C1=CC=C(C(=C1)C(=O)CC(=O)C(=O)O)N
s_4295	dimethylallyl phosphate		CHEBI:1883	C21214	MNXM101100	CC(=CCOP(=O)(O)O)C
s_4296	D-phenylalanine		CHEBI:16998	C02265	MNXM2365	C1=CC=C(C=C1)CC(C(=O)O)N
s_4297	N-acetyl-D-phenylalanine		CHEBI:28203	C05620	MNXM8908	CC(=O)NC(CC1=CC=CC=C1)C(=O)O
s_4298	FMNH2	fmnh2	CHEBI:57618	C01847	MNXM208	CC1=CC2=C(C=C1C)N(C3=C(N2)C(=O)NC(=O)N3)CC(C(C(COP(=O)(O)O)O)O)O
s_4299	cadaverine	15dap	CHEBI:18127	C01672	MNXM943	C(CCN)CCN
s_4300	aminopropylcadaverine		CHEBI:64858	C16565	MNXM6170	C(CCN)CCNCCCN
s_4301	2-(2-carboxy-4-methylthiazol-5-yl)ethyl phosphate			C20247	MNXM4961	CC1=C(SC(=N1)C(=O)O)CCOP(=O)(O)O
s_4302	2-hydroxyglutarate		CHEBI:11596	C02630	MNXM1210	C(CC(=O)O)C(C(=O)O)O
s_4303	farnesol			C01126	MNXM727075	CC(=CCCC(=CCCC(=CCO)C)C)C
s_4304	D-ribulose		ChEBI:17173	C00309	MNXM41271	C(C(C(C(=O)CO)O)O)O
s_4305	2-deoxy-D-ribose 1-phosphate	2dr1p	CHEBI:11563	C00672	MNXM789	C1C(C(OC1OP(=O)(O)O)CO)O
s_4306	3-hydroxyisobutyryl-CoA		CHEBI:28259	C06000	MNXM728564	CC(CO)C(=O)SCCNC(=O)CCNC(=O)C(C(C)(C)COP(=O)(O)OP(=O)(O)OCC1C(C(C(O1)N2C=NC3=C(N=CN=C32)N)O)OP(=O)(O)O)O
s_4307	3-hydroxyisobutyrate		CHEBI:62638	C06001	MNXM114176	CC(CO)C(=O)[O-]
s_4308	meso-2,3-butanediol			C20657	MNXM9502	CC(C(C)O)O
s_4309	acetoin		CHEBI:15687	C01769	MNXM1967	CC(C(=O)C)O
s_4310	5-methylcytosine		ChEBI:27551	C02376	MNXM3509	CC1=C(NC(=O)N=C1)N
s_4311	thymine	thym	CHEBI:17821	C00178	MNXM386	CC1=CNC(=O)NC1=O
s_4312	prenylated FMNH2			C21215	MNXM165083	
s_4313	ITP	itp	CHEBI:61402	C00081	MNXM423	C1=NC2=C(C(=O)N1)N=CN2C3C(C(C(O3)COP(=O)(O)OP(=O)(O)OP(=O)(O)O)O)O
s_4314	IDP	idp	CHEBI:58280	C00104	MNXM495	C1=NC2=C(C(=O)N1)N=CN2C3C(C(C(O3)COP(=O)(O)OP(=O)(O)O)O)O
s_4317	P(1),P(3)-bis(5'-adenosyl) triphosphate		CHEBI:27775	C06197	MNXM3683	C1=NC(=C2C(=N1)N(C=N2)C3C(C(C(O3)COP(=O)(O)OP(=O)(O)OP(=O)(O)OCC4C(C(C(O4)N5C=NC6=C(N=CN=C65)N)O)O)O)O)N
s_4318	dATP	datp	CHEBI:61404	C00131	MNXM286	C1C(C(OC1N2C=NC3=C(N=CN=C32)N)COP(=O)(O)OP(=O)(O)OP(=O)(O)O)O
s_4319	dADP	dadp	CHEBI:57667	C00206	MNXM374	C1C(C(OC1N2C=NC3=C(N=CN=C32)N)COP(=O)(O)OP(=O)(O)O)O
s_4320	dGTP	dgtp	CHEBI:57794	C00286	MNXM344	C1C(C(OC1N2C=NC3=C2N=C(NC3=O)N)COP(=O)(O)OP(=O)(O)OP(=O)(O)O)O
s_4321	dGDP	dgdp	CHEBI:58595	C00361	MNXM436	C1C(C(OC1N2C=NC3=C2N=C(NC3=O)N)COP(=O)(O)OP(=O)(O)O)O
s_4322	CDP		CHEBI:58069	C00112		C1=CN(C(=O)N=C1N)C2C(C(C(O2)COP(=O)(O)OP(=O)(O)O)O)O
s_4323	dCDP		CHEBI:58593	C00705		C1C(C(OC1N2C=CC(=NC2=O)N)COP(=O)(O)OP(=O)(O)O)O
s_4324	dCTP		CHEBI:57724	C00458		C1C(C(OC1N2C=CC(=NC2=O)N)COP(=O)(O)OP(=O)(O)OP(=O)(O)O)O
s_4325	dTDP		CHEBI:58369	C00363		CC1=CN(C(=O)NC1=O)C2CC(C(O2)COP(=O)(O)OP(=O)(O)O)O
s_4326	dTTP		CHEBI:58370	C00459		CC1=CN(C(=O)NC1=O)C2CC(C(O2)COP(=O)(O)OP(=O)(O)OP(=O)(O)O)O
s_4327	dIDP		CHEBI:28823	C01344		
s_4328	dITP		CHEBI:61382	C01345		C1C(C(OC1N2C=NC3=C2N=CNC3=O)COP(=O)(O)OP(=O)(O)OP(=O)(O)O)O
s_4329	dUDP		CHEBI:60471	C01346		C1C(C(OC1N2C=CC(=O)NC2=O)COP(=O)(O)OP(=O)(O)O)O
s_4330	dUTP		CHEBI:61555	C00460		C1C(C(OC1N2C=CC(=O)NC2=O)COP(=O)(O)OP(=O)(O)OP(=O)(O)O)O
s_4331	xanthurenate	CE2949	CHEBI:71201	C02470	MNXM5989	C1=CC2=C(C(=C1)O)NC(=CC2=O)C(=O)O
s_4332	heme a	hemeA	CHEBI:24479	C15670	MNXM53309	CC1=C(C2=CC3=NC(=CC4=C(C(=C([N-]4)C=C5C(=C(C(=N5)C=C1[N-]2)C(CCC=C(C)CCC=C(C)CCC=C(C)C)O)C)C=O)CCC(=O)O)C(=C3C)CCC(=O)O)C=C.[Fe]
s_4333	sulphate	so4	CHEBI:16189	C00059	MNXM58	[O-]S(=O)(=O)[O-]
s_4334	trans-but-2-enoyl-CoA		CHEBI:50998		MNXM1364409	C/C=C/C(=O)SCCNC(=O)CCNC(=O)[C@@H](C(C)(C)COP(=O)(O)OP(=O)(O)OC[C@@H]1[C@H]([C@H]([C@@H](O1)N2C=NC3=C(N=CN=C32)N)O)OP(=O)(O)O)O
